source,article,brand_hint,date,views,collected_utc
wikipedia_pageviews,DoorDash,DoorDash,2026-08-06,1247,2026-09-20T17:04:33.418545+00:00
wikipedia_pageviews,DoorDash,DoorDash,2026-08-07,1132,2026-09-20T17:04:33.418545+00:00
wikipedia_pageviews,DoorDash,DoorDash,2026-08-08,1311,2026-09-20T17:04:33.418545+00:00
wikipedia_pageviews,DoorDash,DoorDash,2026-08-09,970,2026-09-20T17:04:33.418545+00:00
wikipedia_pageviews,DoorDash,DoorDash,2026-08-10,1249,2026-09-20T17:04:33.418545+00:00
wikipedia_pageviews,DoorDash,DoorDash,2026-08-11,1121,2026-09-20T17:04:33.418545+00:00
wikipedia_pageviews,DoorDash,DoorDash,2026-08-12,1230,2026-09-20T17:04:33.418545+00:00
wikipedia_pageviews,DoorDash,DoorDash,2026-08-13,1134,2026-09-20T17:04:33.418545+00:00
wikipedia_pageviews,DoorDash,DoorDash,2026-08-14,1138,2026-09-20T17:04:33.418545+00:00
wikipedia_pageviews,DoorDash,DoorDash,2026-08-15,951,2026-09-20T17:04:33.418545+00:00
wikipedia_pageviews,DoorDash,DoorDash,2026-08-16,958,2026-09-20T17:04:33.418545+00:00
wikipedia_pageviews,DoorDash,DoorDash,2026-08-17,1251,2026-09-20T17:04:33.418545+00:00
wikipedia_pageviews,DoorDash,DoorDash,2026-08-18,973,2026-09-20T17:04:33.418545+00:00
wikipedia_pageviews,DoorDash,DoorDash,2026-08-19,957,2026-09-20T17:04:33.418545+00:00
wikipedia_pageviews,DoorDash,DoorDash,2026-08-20,1039,2026-09-20T17:04:33.418545+00:00
wikipedia_pageviews,DoorDash,DoorDash,2026-08-21,1521,2026-09-20T17:04:33.418545+00:00
wikipedia_pageviews,DoorDash,DoorDash,2026-08-22,974,2026-09-20T17:04:33.418545+00:00
wikipedia_pageviews,DoorDash,DoorDash,2026-08-23,933,2026-09-20T17:04:33.418545+00:00
wikipedia_pageviews,DoorDash,DoorDash,2026-08-24,1030,2026-09-20T17:04:33.418545+00:00
wikipedia_pageviews,DoorDash,DoorDash,2026-08-25,1008,2026-09-20T17:04:33.418545+00:00
wikipedia_pageviews,DoorDash,DoorDash,2026-08-26,961,2026-09-20T17:04:33.418545+00:00
wikipedia_pageviews,DoorDash,DoorDash,2026-08-27,1115,2026-09-20T17:04:33.418545+00:00
wikipedia_pageviews,DoorDash,DoorDash,2026-08-28,954,2026-09-20T17:04:33.418545+00:00
wikipedia_pageviews,DoorDash,DoorDash,2026-08-29,925,2026-09-20T17:04:33.418545+00:00
wikipedia_pageviews,DoorDash,DoorDash,2026-08-30,984,2026-09-20T17:04:33.418545+00:00
wikipedia_pageviews,DoorDash,DoorDash,2026-08-31,988,2026-09-20T17:04:33.418545+00:00
wikipedia_pageviews,DoorDash,DoorDash,2026-09-01,975,2026-09-20T17:04:33.418545+00:00
wikipedia_pageviews,DoorDash,DoorDash,2026-09-02,1068,2026-09-20T17:04:33.418545+00:00
wikipedia_pageviews,DoorDash,DoorDash,2026-09-03,973,2026-09-20T17:04:33.418545+00:00
wikipedia_pageviews,DoorDash,DoorDash,2026-09-04,906,2026-09-20T17:04:33.418545+00:00
wikipedia_pageviews,DoorDash,DoorDash,2026-09-05,814,2026-09-20T17:04:33.418545+00:00
wikipedia_pageviews,DoorDash,DoorDash,2026-09-06,749,2026-09-20T17:04:33.418545+00:00
wikipedia_pageviews,DoorDash,DoorDash,2026-09-07,882,2026-09-20T17:04:33.418545+00:00
wikipedia_pageviews,DoorDash,DoorDash,2026-09-08,927,2026-09-20T17:04:33.418545+00:00
wikipedia_pageviews,DoorDash,DoorDash,2026-09-09,998,2026-09-20T17:04:33.418545+00:00
wikipedia_pageviews,DoorDash,DoorDash,2026-09-10,951,2026-09-20T17:04:33.418545+00:00
wikipedia_pageviews,DoorDash,DoorDash,2026-09-11,904,2026-09-20T17:04:33.418545+00:00
wikipedia_pageviews,DoorDash,DoorDash,2026-09-12,779,2026-09-20T17:04:33.418545+00:00
wikipedia_pageviews,DoorDash,DoorDash,2026-09-13,893,2026-09-20T17:04:33.418545+00:00
wikipedia_pageviews,DoorDash,DoorDash,2026-09-14,946,2026-09-20T17:04:33.418545+00:00
wikipedia_pageviews,DoorDash,DoorDash,2026-09-15,902,2026-09-20T17:04:33.418545+00:00
wikipedia_pageviews,DoorDash,DoorDash,2026-09-16,1038,2026-09-20T17:04:33.418545+00:00
wikipedia_pageviews,DoorDash,DoorDash,2026-09-17,1106,2026-09-20T17:04:33.418545+00:00
wikipedia_pageviews,DoorDash,DoorDash,2026-09-18,987,2026-09-20T17:04:33.418545+00:00
wikipedia_pageviews,DoorDash,DoorDash,2026-09-19,918,2026-09-20T17:04:33.418545+00:00
wikipedia_pageviews,Uber_Eats,Uber Eats,2026-08-06,355,2026-09-20T17:04:33.418545+00:00
wikipedia_pageviews,Uber_Eats,Uber Eats,2026-08-07,336,2026-09-20T17:04:33.418545+00:00
wikipedia_pageviews,Uber_Eats,Uber Eats,2026-08-08,356,2026-09-20T17:04:33.418545+00:00
wikipedia_pageviews,Uber_Eats,Uber Eats,2026-08-09,336,2026-09-20T17:04:33.418545+00:00
wikipedia_pageviews,Uber_Eats,Uber Eats,2026-08-10,338,2026-09-20T17:04:33.418545+00:00
wikipedia_pageviews,Uber_Eats,Uber Eats,2026-08-11,385,2026-09-20T17:04:33.418545+00:00
wikipedia_pageviews,Uber_Eats,Uber Eats,2026-08-12,413,2026-09-20T17:04:33.418545+00:00
wikipedia_pageviews,Uber_Eats,Uber Eats,2026-08-13,415,2026-09-20T17:04:33.418545+00:00
wikipedia_pageviews,Uber_Eats,Uber Eats,2026-08-14,398,2026-09-20T17:04:33.418545+00:00
wikipedia_pageviews,Uber_Eats,Uber Eats,2026-08-15,359,2026-09-20T17:04:33.418545+00:00
wikipedia_pageviews,Uber_Eats,Uber Eats,2026-08-16,371,2026-09-20T17:04:33.418545+00:00
wikipedia_pageviews,Uber_Eats,Uber Eats,2026-08-17,415,2026-09-20T17:04:33.418545+00:00
wikipedia_pageviews,Uber_Eats,Uber Eats,2026-08-18,381,2026-09-20T17:04:33.418545+00:00
wikipedia_pageviews,Uber_Eats,Uber Eats,2026-08-19,407,2026-09-20T17:04:33.418545+00:00
wikipedia_pageviews,Uber_Eats,Uber Eats,2026-08-20,321,2026-09-20T17:04:33.418545+00:00
wikipedia_pageviews,Uber_Eats,Uber Eats,2026-08-21,362,2026-09-20T17:04:33.418545+00:00
wikipedia_pageviews,Uber_Eats,Uber Eats,2026-08-22,305,2026-09-20T17:04:33.418545+00:00
wikipedia_pageviews,Uber_Eats,Uber Eats,2026-08-23,320,2026-09-20T17:04:33.418545+00:00
wikipedia_pageviews,Uber_Eats,Uber Eats,2026-08-24,406,2026-09-20T17:04:33.418545+00:00
wikipedia_pageviews,Uber_Eats,Uber Eats,2026-08-25,327,2026-09-20T17:04:33.418545+00:00
wikipedia_pageviews,Uber_Eats,Uber Eats,2026-08-26,359,2026-09-20T17:04:33.418545+00:00
wikipedia_pageviews,Uber_Eats,Uber Eats,2026-08-27,348,2026-09-20T17:04:33.418545+00:00
wikipedia_pageviews,Uber_Eats,Uber Eats,2026-08-28,362,2026-09-20T17:04:33.418545+00:00
wikipedia_pageviews,Uber_Eats,Uber Eats,2026-08-29,313,2026-09-20T17:04:33.418545+00:00
wikipedia_pageviews,Uber_Eats,Uber Eats,2026-08-30,328,2026-09-20T17:04:33.418545+00:00
wikipedia_pageviews,Uber_Eats,Uber Eats,2026-08-31,315,2026-09-20T17:04:33.418545+00:00
wikipedia_pageviews,Uber_Eats,Uber Eats,2026-09-01,539,2026-09-20T17:04:33.418545+00:00
wikipedia_pageviews,Uber_Eats,Uber Eats,2026-09-02,393,2026-09-20T17:04:33.418545+00:00
wikipedia_pageviews,Uber_Eats,Uber Eats,2026-09-03,383,2026-09-20T17:04:33.418545+00:00
wikipedia_pageviews,Uber_Eats,Uber Eats,2026-09-04,393,2026-09-20T17:04:33.418545+00:00
wikipedia_pageviews,Uber_Eats,Uber Eats,2026-09-05,296,2026-09-20T17:04:33.418545+00:00
wikipedia_pageviews,Uber_Eats,Uber Eats,2026-09-06,323,2026-09-20T17:04:33.418545+00:00
wikipedia_pageviews,Uber_Eats,Uber Eats,2026-09-07,334,2026-09-20T17:04:33.418545+00:00
wikipedia_pageviews,Uber_Eats,Uber Eats,2026-09-08,352,2026-09-20T17:04:33.418545+00:00
wikipedia_pageviews,Uber_Eats,Uber Eats,2026-09-09,360,2026-09-20T17:04:33.418545+00:00
wikipedia_pageviews,Uber_Eats,Uber Eats,2026-09-10,378,2026-09-20T17:04:33.418545+00:00
wikipedia_pageviews,Uber_Eats,Uber Eats,2026-09-11,359,2026-09-20T17:04:33.418545+00:00
wikipedia_pageviews,Uber_Eats,Uber Eats,2026-09-12,386,2026-09-20T17:04:33.418545+00:00
wikipedia_pageviews,Uber_Eats,Uber Eats,2026-09-13,327,2026-09-20T17:04:33.418545+00:00
wikipedia_pageviews,Uber_Eats,Uber Eats,2026-09-14,415,2026-09-20T17:04:33.418545+00:00
wikipedia_pageviews,Uber_Eats,Uber Eats,2026-09-15,363,2026-09-20T17:04:33.418545+00:00
wikipedia_pageviews,Uber_Eats,Uber Eats,2026-09-16,382,2026-09-20T17:04:33.418545+00:00
wikipedia_pageviews,Uber_Eats,Uber Eats,2026-09-17,385,2026-09-20T17:04:33.418545+00:00
wikipedia_pageviews,Uber_Eats,Uber Eats,2026-09-18,410,2026-09-20T17:04:33.418545+00:00
wikipedia_pageviews,Uber_Eats,Uber Eats,2026-09-19,358,2026-09-20T17:04:33.418545+00:00
wikipedia_pageviews,Grubhub,Grubhub,2026-08-06,298,2026-09-20T17:04:33.418545+00:00
wikipedia_pageviews,Grubhub,Grubhub,2026-08-07,284,2026-09-20T17:04:33.418545+00:00
wikipedia_pageviews,Grubhub,Grubhub,2026-08-08,281,2026-09-20T17:04:33.418545+00:00
wikipedia_pageviews,Grubhub,Grubhub,2026-08-09,251,2026-09-20T17:04:33.418545+00:00
wikipedia_pageviews,Grubhub,Grubhub,2026-08-10,307,2026-09-20T17:04:33.418545+00:00
wikipedia_pageviews,Grubhub,Grubhub,2026-08-11,295,2026-09-20T17:04:33.418545+00:00
wikipedia_pageviews,Grubhub,Grubhub,2026-08-12,311,2026-09-20T17:04:33.418545+00:00
wikipedia_pageviews,Grubhub,Grubhub,2026-08-13,322,2026-09-20T17:04:33.418545+00:00
wikipedia_pageviews,Grubhub,Grubhub,2026-08-14,359,2026-09-20T17:04:33.418545+00:00
wikipedia_pageviews,Grubhub,Grubhub,2026-08-15,252,2026-09-20T17:04:33.418545+00:00
wikipedia_pageviews,Grubhub,Grubhub,2026-08-16,261,2026-09-20T17:04:33.418545+00:00
wikipedia_pageviews,Grubhub,Grubhub,2026-08-17,364,2026-09-20T17:04:33.418545+00:00
wikipedia_pageviews,Grubhub,Grubhub,2026-08-18,285,2026-09-20T17:04:33.418545+00:00
wikipedia_pageviews,Grubhub,Grubhub,2026-08-19,272,2026-09-20T17:04:33.418545+00:00
wikipedia_pageviews,Grubhub,Grubhub,2026-08-20,314,2026-09-20T17:04:33.418545+00:00
wikipedia_pageviews,Grubhub,Grubhub,2026-08-21,351,2026-09-20T17:04:33.418545+00:00
wikipedia_pageviews,Grubhub,Grubhub,2026-08-22,267,2026-09-20T17:04:33.418545+00:00
wikipedia_pageviews,Grubhub,Grubhub,2026-08-23,270,2026-09-20T17:04:33.418545+00:00
wikipedia_pageviews,Grubhub,Grubhub,2026-08-24,299,2026-09-20T17:04:33.418545+00:00
wikipedia_pageviews,Grubhub,Grubhub,2026-08-25,309,2026-09-20T17:04:33.418545+00:00
wikipedia_pageviews,Grubhub,Grubhub,2026-08-26,305,2026-09-20T17:04:33.418545+00:00
wikipedia_pageviews,Grubhub,Grubhub,2026-08-27,277,2026-09-20T17:04:33.418545+00:00
wikipedia_pageviews,Grubhub,Grubhub,2026-08-28,279,2026-09-20T17:04:33.418545+00:00
wikipedia_pageviews,Grubhub,Grubhub,2026-08-29,218,2026-09-20T17:04:33.418545+00:00
wikipedia_pageviews,Grubhub,Grubhub,2026-08-30,285,2026-09-20T17:04:33.418545+00:00
wikipedia_pageviews,Grubhub,Grubhub,2026-08-31,279,2026-09-20T17:04:33.418545+00:00
wikipedia_pageviews,Grubhub,Grubhub,2026-09-01,291,2026-09-20T17:04:33.418545+00:00
wikipedia_pageviews,Grubhub,Grubhub,2026-09-02,379,2026-09-20T17:04:33.418545+00:00
wikipedia_pageviews,Grubhub,Grubhub,2026-09-03,295,2026-09-20T17:04:33.418545+00:00
wikipedia_pageviews,Grubhub,Grubhub,2026-09-04,299,2026-09-20T17:04:33.418545+00:00
wikipedia_pageviews,Grubhub,Grubhub,2026-09-05,327,2026-09-20T17:04:33.418545+00:00
wikipedia_pageviews,Grubhub,Grubhub,2026-09-06,337,2026-09-20T17:04:33.418545+00:00
wikipedia_pageviews,Grubhub,Grubhub,2026-09-07,316,2026-09-20T17:04:33.418545+00:00
wikipedia_pageviews,Grubhub,Grubhub,2026-09-08,315,2026-09-20T17:04:33.418545+00:00
wikipedia_pageviews,Grubhub,Grubhub,2026-09-09,326,2026-09-20T17:04:33.418545+00:00
wikipedia_pageviews,Grubhub,Grubhub,2026-09-10,367,2026-09-20T17:04:33.418545+00:00
wikipedia_pageviews,Grubhub,Grubhub,2026-09-11,267,2026-09-20T17:04:33.418545+00:00
wikipedia_pageviews,Grubhub,Grubhub,2026-09-12,229,2026-09-20T17:04:33.418545+00:00
wikipedia_pageviews,Grubhub,Grubhub,2026-09-13,271,2026-09-20T17:04:33.418545+00:00
wikipedia_pageviews,Grubhub,Grubhub,2026-09-14,329,2026-09-20T17:04:33.418545+00:00
wikipedia_pageviews,Grubhub,Grubhub,2026-09-15,386,2026-09-20T17:04:33.418545+00:00
wikipedia_pageviews,Grubhub,Grubhub,2026-09-16,415,2026-09-20T17:04:33.418545+00:00
wikipedia_pageviews,Grubhub,Grubhub,2026-09-17,302,2026-09-20T17:04:33.418545+00:00
wikipedia_pageviews,Grubhub,Grubhub,2026-09-18,337,2026-09-20T17:04:33.418545+00:00
wikipedia_pageviews,Grubhub,Grubhub,2026-09-19,265,2026-09-20T17:04:33.418545+00:00
wikipedia_pageviews,Deliveroo,Deliveroo,2026-08-06,534,2026-09-20T17:04:33.418545+00:00
wikipedia_pageviews,Deliveroo,Deliveroo,2026-08-07,444,2026-09-20T17:04:33.418545+00:00
wikipedia_pageviews,Deliveroo,Deliveroo,2026-08-08,288,2026-09-20T17:04:33.418545+00:00
wikipedia_pageviews,Deliveroo,Deliveroo,2026-08-09,349,2026-09-20T17:04:33.418545+00:00
wikipedia_pageviews,Deliveroo,Deliveroo,2026-08-10,482,2026-09-20T17:04:33.418545+00:00
wikipedia_pageviews,Deliveroo,Deliveroo,2026-08-11,410,2026-09-20T17:04:33.418545+00:00
wikipedia_pageviews,Deliveroo,Deliveroo,2026-08-12,483,2026-09-20T17:04:33.418545+00:00
wikipedia_pageviews,Deliveroo,Deliveroo,2026-08-13,1077,2026-09-20T17:04:33.418545+00:00
wikipedia_pageviews,Deliveroo,Deliveroo,2026-08-14,633,2026-09-20T17:04:33.418545+00:00
wikipedia_pageviews,Deliveroo,Deliveroo,2026-08-15,453,2026-09-20T17:04:33.418545+00:00
wikipedia_pageviews,Deliveroo,Deliveroo,2026-08-16,435,2026-09-20T17:04:33.418545+00:00
wikipedia_pageviews,Deliveroo,Deliveroo,2026-08-17,535,2026-09-20T17:04:33.418545+00:00
wikipedia_pageviews,Deliveroo,Deliveroo,2026-08-18,550,2026-09-20T17:04:33.418545+00:00
wikipedia_pageviews,Deliveroo,Deliveroo,2026-08-19,472,2026-09-20T17:04:33.418545+00:00
wikipedia_pageviews,Deliveroo,Deliveroo,2026-08-20,501,2026-09-20T17:04:33.418545+00:00
wikipedia_pageviews,Deliveroo,Deliveroo,2026-08-21,486,2026-09-20T17:04:33.418545+00:00
wikipedia_pageviews,Deliveroo,Deliveroo,2026-08-22,464,2026-09-20T17:04:33.418545+00:00
wikipedia_pageviews,Deliveroo,Deliveroo,2026-08-23,508,2026-09-20T17:04:33.418545+00:00
wikipedia_pageviews,Deliveroo,Deliveroo,2026-08-24,529,2026-09-20T17:04:33.418545+00:00
wikipedia_pageviews,Deliveroo,Deliveroo,2026-08-25,635,2026-09-20T17:04:33.418545+00:00
wikipedia_pageviews,Deliveroo,Deliveroo,2026-08-26,422,2026-09-20T17:04:33.418545+00:00
wikipedia_pageviews,Deliveroo,Deliveroo,2026-08-27,408,2026-09-20T17:04:33.418545+00:00
wikipedia_pageviews,Deliveroo,Deliveroo,2026-08-28,419,2026-09-20T17:04:33.418545+00:00
wikipedia_pageviews,Deliveroo,Deliveroo,2026-08-29,356,2026-09-20T17:04:33.418545+00:00
wikipedia_pageviews,Deliveroo,Deliveroo,2026-08-30,336,2026-09-20T17:04:33.418545+00:00
wikipedia_pageviews,Deliveroo,Deliveroo,2026-08-31,546,2026-09-20T17:04:33.418545+00:00
wikipedia_pageviews,Deliveroo,Deliveroo,2026-09-01,602,2026-09-20T17:04:33.418545+00:00
wikipedia_pageviews,Deliveroo,Deliveroo,2026-09-02,707,2026-09-20T17:04:33.418545+00:00
wikipedia_pageviews,Deliveroo,Deliveroo,2026-09-03,696,2026-09-20T17:04:33.418545+00:00
wikipedia_pageviews,Deliveroo,Deliveroo,2026-09-04,474,2026-09-20T17:04:33.418545+00:00
wikipedia_pageviews,Deliveroo,Deliveroo,2026-09-05,435,2026-09-20T17:04:33.418545+00:00
wikipedia_pageviews,Deliveroo,Deliveroo,2026-09-06,372,2026-09-20T17:04:33.418545+00:00
wikipedia_pageviews,Deliveroo,Deliveroo,2026-09-07,366,2026-09-20T17:04:33.418545+00:00
wikipedia_pageviews,Deliveroo,Deliveroo,2026-09-08,503,2026-09-20T17:04:33.418545+00:00
wikipedia_pageviews,Deliveroo,Deliveroo,2026-09-09,423,2026-09-20T17:04:33.418545+00:00
wikipedia_pageviews,Deliveroo,Deliveroo,2026-09-10,375,2026-09-20T17:04:33.418545+00:00
wikipedia_pageviews,Deliveroo,Deliveroo,2026-09-11,374,2026-09-20T17:04:33.418545+00:00
wikipedia_pageviews,Deliveroo,Deliveroo,2026-09-12,328,2026-09-20T17:04:33.418545+00:00
wikipedia_pageviews,Deliveroo,Deliveroo,2026-09-13,353,2026-09-20T17:04:33.418545+00:00
wikipedia_pageviews,Deliveroo,Deliveroo,2026-09-14,369,2026-09-20T17:04:33.418545+00:00
wikipedia_pageviews,Deliveroo,Deliveroo,2026-09-15,392,2026-09-20T17:04:33.418545+00:00
wikipedia_pageviews,Deliveroo,Deliveroo,2026-09-16,452,2026-09-20T17:04:33.418545+00:00
wikipedia_pageviews,Deliveroo,Deliveroo,2026-09-17,521,2026-09-20T17:04:33.418545+00:00
wikipedia_pageviews,Deliveroo,Deliveroo,2026-09-18,467,2026-09-20T17:04:33.418545+00:00
wikipedia_pageviews,Deliveroo,Deliveroo,2026-09-19,426,2026-09-20T17:04:33.418545+00:00
wikipedia_pageviews,Just_Eat,Just Eat,2026-08-06,320,2026-09-20T17:04:33.418545+00:00
wikipedia_pageviews,Just_Eat,Just Eat,2026-08-07,339,2026-09-20T17:04:33.418545+00:00
wikipedia_pageviews,Just_Eat,Just Eat,2026-08-08,319,2026-09-20T17:04:33.418545+00:00
wikipedia_pageviews,Just_Eat,Just Eat,2026-08-09,270,2026-09-20T17:04:33.418545+00:00
wikipedia_pageviews,Just_Eat,Just Eat,2026-08-10,256,2026-09-20T17:04:33.418545+00:00
wikipedia_pageviews,Just_Eat,Just Eat,2026-08-11,258,2026-09-20T17:04:33.418545+00:00
wikipedia_pageviews,Just_Eat,Just Eat,2026-08-12,335,2026-09-20T17:04:33.418545+00:00
wikipedia_pageviews,Just_Eat,Just Eat,2026-08-13,297,2026-09-20T17:04:33.418545+00:00
wikipedia_pageviews,Just_Eat,Just Eat,2026-08-14,266,2026-09-20T17:04:33.418545+00:00
wikipedia_pageviews,Just_Eat,Just Eat,2026-08-15,263,2026-09-20T17:04:33.418545+00:00
wikipedia_pageviews,Just_Eat,Just Eat,2026-08-16,246,2026-09-20T17:04:33.418545+00:00
wikipedia_pageviews,Just_Eat,Just Eat,2026-08-17,294,2026-09-20T17:04:33.418545+00:00
wikipedia_pageviews,Just_Eat,Just Eat,2026-08-18,290,2026-09-20T17:04:33.418545+00:00
wikipedia_pageviews,Just_Eat,Just Eat,2026-08-19,258,2026-09-20T17:04:33.418545+00:00
wikipedia_pageviews,Just_Eat,Just Eat,2026-08-20,277,2026-09-20T17:04:33.418545+00:00
wikipedia_pageviews,Just_Eat,Just Eat,2026-08-21,303,2026-09-20T17:04:33.418545+00:00
wikipedia_pageviews,Just_Eat,Just Eat,2026-08-22,290,2026-09-20T17:04:33.418545+00:00
wikipedia_pageviews,Just_Eat,Just Eat,2026-08-23,296,2026-09-20T17:04:33.418545+00:00
wikipedia_pageviews,Just_Eat,Just Eat,2026-08-24,291,2026-09-20T17:04:33.418545+00:00
wikipedia_pageviews,Just_Eat,Just Eat,2026-08-25,326,2026-09-20T17:04:33.418545+00:00
wikipedia_pageviews,Just_Eat,Just Eat,2026-08-26,341,2026-09-20T17:04:33.418545+00:00
wikipedia_pageviews,Just_Eat,Just Eat,2026-08-27,350,2026-09-20T17:04:33.418545+00:00
wikipedia_pageviews,Just_Eat,Just Eat,2026-08-28,369,2026-09-20T17:04:33.418545+00:00
wikipedia_pageviews,Just_Eat,Just Eat,2026-08-29,273,2026-09-20T17:04:33.418545+00:00
wikipedia_pageviews,Just_Eat,Just Eat,2026-08-30,283,2026-09-20T17:04:33.418545+00:00
wikipedia_pageviews,Just_Eat,Just Eat,2026-08-31,518,2026-09-20T17:04:33.418545+00:00
wikipedia_pageviews,Just_Eat,Just Eat,2026-09-01,376,2026-09-20T17:04:33.418545+00:00
wikipedia_pageviews,Just_Eat,Just Eat,2026-09-02,333,2026-09-20T17:04:33.418545+00:00
wikipedia_pageviews,Just_Eat,Just Eat,2026-09-03,301,2026-09-20T17:04:33.418545+00:00
wikipedia_pageviews,Just_Eat,Just Eat,2026-09-04,313,2026-09-20T17:04:33.418545+00:00
wikipedia_pageviews,Just_Eat,Just Eat,2026-09-05,245,2026-09-20T17:04:33.418545+00:00
wikipedia_pageviews,Just_Eat,Just Eat,2026-09-06,258,2026-09-20T17:04:33.418545+00:00
wikipedia_pageviews,Just_Eat,Just Eat,2026-09-07,237,2026-09-20T17:04:33.418545+00:00
wikipedia_pageviews,Just_Eat,Just Eat,2026-09-08,362,2026-09-20T17:04:33.418545+00:00
wikipedia_pageviews,Just_Eat,Just Eat,2026-09-09,381,2026-09-20T17:04:33.418545+00:00
wikipedia_pageviews,Just_Eat,Just Eat,2026-09-10,375,2026-09-20T17:04:33.418545+00:00
wikipedia_pageviews,Just_Eat,Just Eat,2026-09-11,325,2026-09-20T17:04:33.418545+00:00
wikipedia_pageviews,Just_Eat,Just Eat,2026-09-12,314,2026-09-20T17:04:33.418545+00:00
wikipedia_pageviews,Just_Eat,Just Eat,2026-09-13,250,2026-09-20T17:04:33.418545+00:00
wikipedia_pageviews,Just_Eat,Just Eat,2026-09-14,273,2026-09-20T17:04:33.418545+00:00
wikipedia_pageviews,Just_Eat,Just Eat,2026-09-15,287,2026-09-20T17:04:33.418545+00:00
wikipedia_pageviews,Just_Eat,Just Eat,2026-09-16,382,2026-09-20T17:04:33.418545+00:00
wikipedia_pageviews,Just_Eat,Just Eat,2026-09-17,607,2026-09-20T17:04:33.418545+00:00
wikipedia_pageviews,Just_Eat,Just Eat,2026-09-18,458,2026-09-20T17:04:33.418545+00:00
wikipedia_pageviews,Just_Eat,Just Eat,2026-09-19,441,2026-09-20T17:04:33.418545+00:00
wikipedia_pageviews,Zomato,Zomato,2026-08-06,788,2026-09-20T17:04:33.418545+00:00
wikipedia_pageviews,Zomato,Zomato,2026-08-07,766,2026-09-20T17:04:33.418545+00:00
wikipedia_pageviews,Zomato,Zomato,2026-08-08,818,2026-09-20T17:04:33.418545+00:00
wikipedia_pageviews,Zomato,Zomato,2026-08-09,747,2026-09-20T17:04:33.418545+00:00
wikipedia_pageviews,Zomato,Zomato,2026-08-10,707,2026-09-20T17:04:33.418545+00:00
wikipedia_pageviews,Zomato,Zomato,2026-08-11,730,2026-09-20T17:04:33.418545+00:00
wikipedia_pageviews,Zomato,Zomato,2026-08-12,799,2026-09-20T17:04:33.418545+00:00
wikipedia_pageviews,Zomato,Zomato,2026-08-13,760,2026-09-20T17:04:33.418545+00:00
wikipedia_pageviews,Zomato,Zomato,2026-08-14,771,2026-09-20T17:04:33.418545+00:00
wikipedia_pageviews,Zomato,Zomato,2026-08-15,607,2026-09-20T17:04:33.418545+00:00
wikipedia_pageviews,Zomato,Zomato,2026-08-16,658,2026-09-20T17:04:33.418545+00:00
wikipedia_pageviews,Zomato,Zomato,2026-08-17,1027,2026-09-20T17:04:33.418545+00:00
wikipedia_pageviews,Zomato,Zomato,2026-08-18,744,2026-09-20T17:04:33.418545+00:00
wikipedia_pageviews,Zomato,Zomato,2026-08-19,710,2026-09-20T17:04:33.418545+00:00
wikipedia_pageviews,Zomato,Zomato,2026-08-20,707,2026-09-20T17:04:33.418545+00:00
wikipedia_pageviews,Zomato,Zomato,2026-08-21,771,2026-09-20T17:04:33.418545+00:00
wikipedia_pageviews,Zomato,Zomato,2026-08-22,703,2026-09-20T17:04:33.418545+00:00
wikipedia_pageviews,Zomato,Zomato,2026-08-23,769,2026-09-20T17:04:33.418545+00:00
wikipedia_pageviews,Zomato,Zomato,2026-08-24,733,2026-09-20T17:04:33.418545+00:00
wikipedia_pageviews,Zomato,Zomato,2026-08-25,670,2026-09-20T17:04:33.418545+00:00
wikipedia_pageviews,Zomato,Zomato,2026-08-26,757,2026-09-20T17:04:33.418545+00:00
wikipedia_pageviews,Zomato,Zomato,2026-08-27,2452,2026-09-20T17:04:33.418545+00:00
wikipedia_pageviews,Zomato,Zomato,2026-08-28,3964,2026-09-20T17:04:33.418545+00:00
wikipedia_pageviews,Zomato,Zomato,2026-08-29,5159,2026-09-20T17:04:33.418545+00:00
wikipedia_pageviews,Zomato,Zomato,2026-08-30,1107,2026-09-20T17:04:33.418545+00:00
wikipedia_pageviews,Zomato,Zomato,2026-08-31,983,2026-09-20T17:04:33.418545+00:00
wikipedia_pageviews,Zomato,Zomato,2026-09-01,931,2026-09-20T17:04:33.418545+00:00
wikipedia_pageviews,Zomato,Zomato,2026-09-02,931,2026-09-20T17:04:33.418545+00:00
wikipedia_pageviews,Zomato,Zomato,2026-09-03,860,2026-09-20T17:04:33.418545+00:00
wikipedia_pageviews,Zomato,Zomato,2026-09-04,857,2026-09-20T17:04:33.418545+00:00
wikipedia_pageviews,Zomato,Zomato,2026-09-05,715,2026-09-20T17:04:33.418545+00:00
wikipedia_pageviews,Zomato,Zomato,2026-09-06,734,2026-09-20T17:04:33.418545+00:00
wikipedia_pageviews,Zomato,Zomato,2026-09-07,724,2026-09-20T17:04:33.418545+00:00
wikipedia_pageviews,Zomato,Zomato,2026-09-08,767,2026-09-20T17:04:33.418545+00:00
wikipedia_pageviews,Zomato,Zomato,2026-09-09,752,2026-09-20T17:04:33.418545+00:00
wikipedia_pageviews,Zomato,Zomato,2026-09-10,808,2026-09-20T17:04:33.418545+00:00
wikipedia_pageviews,Zomato,Zomato,2026-09-11,1227,2026-09-20T17:04:33.418545+00:00
wikipedia_pageviews,Zomato,Zomato,2026-09-12,825,2026-09-20T17:04:33.418545+00:00
wikipedia_pageviews,Zomato,Zomato,2026-09-13,885,2026-09-20T17:04:33.418545+00:00
wikipedia_pageviews,Zomato,Zomato,2026-09-14,740,2026-09-20T17:04:33.418545+00:00
wikipedia_pageviews,Zomato,Zomato,2026-09-15,808,2026-09-20T17:04:33.418545+00:00
wikipedia_pageviews,Zomato,Zomato,2026-09-16,823,2026-09-20T17:04:33.418545+00:00
wikipedia_pageviews,Zomato,Zomato,2026-09-17,781,2026-09-20T17:04:33.418545+00:00
wikipedia_pageviews,Zomato,Zomato,2026-09-18,869,2026-09-20T17:04:33.418545+00:00
wikipedia_pageviews,Zomato,Zomato,2026-09-19,797,2026-09-20T17:04:33.418545+00:00
wikipedia_pageviews,Swiggy,Swiggy,2026-08-06,671,2026-09-20T17:04:33.418545+00:00
wikipedia_pageviews,Swiggy,Swiggy,2026-08-07,589,2026-09-20T17:04:33.418545+00:00
wikipedia_pageviews,Swiggy,Swiggy,2026-08-08,515,2026-09-20T17:04:33.418545+00:00
wikipedia_pageviews,Swiggy,Swiggy,2026-08-09,505,2026-09-20T17:04:33.418545+00:00
wikipedia_pageviews,Swiggy,Swiggy,2026-08-10,439,2026-09-20T17:04:33.418545+00:00
wikipedia_pageviews,Swiggy,Swiggy,2026-08-11,440,2026-09-20T17:04:33.418545+00:00
wikipedia_pageviews,Swiggy,Swiggy,2026-08-12,1333,2026-09-20T17:04:33.418545+00:00
wikipedia_pageviews,Swiggy,Swiggy,2026-08-13,4360,2026-09-20T17:04:33.418545+00:00
wikipedia_pageviews,Swiggy,Swiggy,2026-08-14,784,2026-09-20T17:04:33.418545+00:00
wikipedia_pageviews,Swiggy,Swiggy,2026-08-15,528,2026-09-20T17:04:33.418545+00:00
wikipedia_pageviews,Swiggy,Swiggy,2026-08-16,482,2026-09-20T17:04:33.418545+00:00
wikipedia_pageviews,Swiggy,Swiggy,2026-08-17,958,2026-09-20T17:04:33.418545+00:00
wikipedia_pageviews,Swiggy,Swiggy,2026-08-18,542,2026-09-20T17:04:33.418545+00:00
wikipedia_pageviews,Swiggy,Swiggy,2026-08-19,818,2026-09-20T17:04:33.418545+00:00
wikipedia_pageviews,Swiggy,Swiggy,2026-08-20,561,2026-09-20T17:04:33.418545+00:00
wikipedia_pageviews,Swiggy,Swiggy,2026-08-21,570,2026-09-20T17:04:33.418545+00:00
wikipedia_pageviews,Swiggy,Swiggy,2026-08-22,559,2026-09-20T17:04:33.418545+00:00
wikipedia_pageviews,Swiggy,Swiggy,2026-08-23,599,2026-09-20T17:04:33.418545+00:00
wikipedia_pageviews,Swiggy,Swiggy,2026-08-24,584,2026-09-20T17:04:33.418545+00:00
wikipedia_pageviews,Swiggy,Swiggy,2026-08-25,596,2026-09-20T17:04:33.418545+00:00
wikipedia_pageviews,Swiggy,Swiggy,2026-08-26,462,2026-09-20T17:04:33.418545+00:00
wikipedia_pageviews,Swiggy,Swiggy,2026-08-27,480,2026-09-20T17:04:33.418545+00:00
wikipedia_pageviews,Swiggy,Swiggy,2026-08-28,442,2026-09-20T17:04:33.418545+00:00
wikipedia_pageviews,Swiggy,Swiggy,2026-08-29,443,2026-09-20T17:04:33.418545+00:00
wikipedia_pageviews,Swiggy,Swiggy,2026-08-30,372,2026-09-20T17:04:33.418545+00:00
wikipedia_pageviews,Swiggy,Swiggy,2026-08-31,462,2026-09-20T17:04:33.418545+00:00
wikipedia_pageviews,Swiggy,Swiggy,2026-09-01,634,2026-09-20T17:04:33.418545+00:00
wikipedia_pageviews,Swiggy,Swiggy,2026-09-02,528,2026-09-20T17:04:33.418545+00:00
wikipedia_pageviews,Swiggy,Swiggy,2026-09-03,584,2026-09-20T17:04:33.418545+00:00
wikipedia_pageviews,Swiggy,Swiggy,2026-09-04,513,2026-09-20T17:04:33.418545+00:00
wikipedia_pageviews,Swiggy,Swiggy,2026-09-05,416,2026-09-20T17:04:33.418545+00:00
wikipedia_pageviews,Swiggy,Swiggy,2026-09-06,417,2026-09-20T17:04:33.418545+00:00
wikipedia_pageviews,Swiggy,Swiggy,2026-09-07,414,2026-09-20T17:04:33.418545+00:00
wikipedia_pageviews,Swiggy,Swiggy,2026-09-08,456,2026-09-20T17:04:33.418545+00:00
wikipedia_pageviews,Swiggy,Swiggy,2026-09-09,455,2026-09-20T17:04:33.418545+00:00
wikipedia_pageviews,Swiggy,Swiggy,2026-09-10,398,2026-09-20T17:04:33.418545+00:00
wikipedia_pageviews,Swiggy,Swiggy,2026-09-11,403,2026-09-20T17:04:33.418545+00:00
wikipedia_pageviews,Swiggy,Swiggy,2026-09-12,404,2026-09-20T17:04:33.418545+00:00
wikipedia_pageviews,Swiggy,Swiggy,2026-09-13,388,2026-09-20T17:04:33.418545+00:00
wikipedia_pageviews,Swiggy,Swiggy,2026-09-14,406,2026-09-20T17:04:33.418545+00:00
wikipedia_pageviews,Swiggy,Swiggy,2026-09-15,440,2026-09-20T17:04:33.418545+00:00
wikipedia_pageviews,Swiggy,Swiggy,2026-09-16,432,2026-09-20T17:04:33.418545+00:00
wikipedia_pageviews,Swiggy,Swiggy,2026-09-17,421,2026-09-20T17:04:33.418545+00:00
wikipedia_pageviews,Swiggy,Swiggy,2026-09-18,434,2026-09-20T17:04:33.418545+00:00
wikipedia_pageviews,Swiggy,Swiggy,2026-09-19,373,2026-09-20T17:04:33.418545+00:00
wikipedia_pageviews,Blinkit,Blinkit,2026-08-06,831,2026-09-20T17:04:33.418545+00:00
wikipedia_pageviews,Blinkit,Blinkit,2026-08-07,827,2026-09-20T17:04:33.418545+00:00
wikipedia_pageviews,Blinkit,Blinkit,2026-08-08,814,2026-09-20T17:04:33.418545+00:00
wikipedia_pageviews,Blinkit,Blinkit,2026-08-09,890,2026-09-20T17:04:33.418545+00:00
wikipedia_pageviews,Blinkit,Blinkit,2026-08-10,859,2026-09-20T17:04:33.418545+00:00
wikipedia_pageviews,Blinkit,Blinkit,2026-08-11,997,2026-09-20T17:04:33.418545+00:00
wikipedia_pageviews,Blinkit,Blinkit,2026-08-12,1145,2026-09-20T17:04:33.418545+00:00
wikipedia_pageviews,Blinkit,Blinkit,2026-08-13,933,2026-09-20T17:04:33.418545+00:00
wikipedia_pageviews,Blinkit,Blinkit,2026-08-14,881,2026-09-20T17:04:33.418545+00:00
wikipedia_pageviews,Blinkit,Blinkit,2026-08-15,787,2026-09-20T17:04:33.418545+00:00
wikipedia_pageviews,Blinkit,Blinkit,2026-08-16,825,2026-09-20T17:04:33.418545+00:00
wikipedia_pageviews,Blinkit,Blinkit,2026-08-17,878,2026-09-20T17:04:33.418545+00:00
wikipedia_pageviews,Blinkit,Blinkit,2026-08-18,878,2026-09-20T17:04:33.418545+00:00
wikipedia_pageviews,Blinkit,Blinkit,2026-08-19,854,2026-09-20T17:04:33.418545+00:00
wikipedia_pageviews,Blinkit,Blinkit,2026-08-20,907,2026-09-20T17:04:33.418545+00:00
wikipedia_pageviews,Blinkit,Blinkit,2026-08-21,935,2026-09-20T17:04:33.418545+00:00
wikipedia_pageviews,Blinkit,Blinkit,2026-08-22,1005,2026-09-20T17:04:33.418545+00:00
wikipedia_pageviews,Blinkit,Blinkit,2026-08-23,1022,2026-09-20T17:04:33.418545+00:00
wikipedia_pageviews,Blinkit,Blinkit,2026-08-24,988,2026-09-20T17:04:33.418545+00:00
wikipedia_pageviews,Blinkit,Blinkit,2026-08-25,998,2026-09-20T17:04:33.418545+00:00
wikipedia_pageviews,Blinkit,Blinkit,2026-08-26,1000,2026-09-20T17:04:33.418545+00:00
wikipedia_pageviews,Blinkit,Blinkit,2026-08-27,1069,2026-09-20T17:04:33.418545+00:00
wikipedia_pageviews,Blinkit,Blinkit,2026-08-28,1172,2026-09-20T17:04:33.418545+00:00
wikipedia_pageviews,Blinkit,Blinkit,2026-08-29,908,2026-09-20T17:04:33.418545+00:00
wikipedia_pageviews,Blinkit,Blinkit,2026-08-30,1020,2026-09-20T17:04:33.418545+00:00
wikipedia_pageviews,Blinkit,Blinkit,2026-08-31,995,2026-09-20T17:04:33.418545+00:00
wikipedia_pageviews,Blinkit,Blinkit,2026-09-01,969,2026-09-20T17:04:33.418545+00:00
wikipedia_pageviews,Blinkit,Blinkit,2026-09-02,960,2026-09-20T17:04:33.418545+00:00
wikipedia_pageviews,Blinkit,Blinkit,2026-09-03,874,2026-09-20T17:04:33.418545+00:00
wikipedia_pageviews,Blinkit,Blinkit,2026-09-04,920,2026-09-20T17:04:33.418545+00:00
wikipedia_pageviews,Blinkit,Blinkit,2026-09-05,743,2026-09-20T17:04:33.418545+00:00
wikipedia_pageviews,Blinkit,Blinkit,2026-09-06,816,2026-09-20T17:04:33.418545+00:00
wikipedia_pageviews,Blinkit,Blinkit,2026-09-07,1068,2026-09-20T17:04:33.418545+00:00
wikipedia_pageviews,Blinkit,Blinkit,2026-09-08,1397,2026-09-20T17:04:33.418545+00:00
wikipedia_pageviews,Blinkit,Blinkit,2026-09-09,1107,2026-09-20T17:04:33.418545+00:00
wikipedia_pageviews,Blinkit,Blinkit,2026-09-10,917,2026-09-20T17:04:33.418545+00:00
wikipedia_pageviews,Blinkit,Blinkit,2026-09-11,942,2026-09-20T17:04:33.418545+00:00
wikipedia_pageviews,Blinkit,Blinkit,2026-09-12,903,2026-09-20T17:04:33.418545+00:00
wikipedia_pageviews,Blinkit,Blinkit,2026-09-13,881,2026-09-20T17:04:33.418545+00:00
wikipedia_pageviews,Blinkit,Blinkit,2026-09-14,900,2026-09-20T17:04:33.418545+00:00
wikipedia_pageviews,Blinkit,Blinkit,2026-09-15,838,2026-09-20T17:04:33.418545+00:00
wikipedia_pageviews,Blinkit,Blinkit,2026-09-16,924,2026-09-20T17:04:33.418545+00:00
wikipedia_pageviews,Blinkit,Blinkit,2026-09-17,903,2026-09-20T17:04:33.418545+00:00
wikipedia_pageviews,Blinkit,Blinkit,2026-09-18,928,2026-09-20T17:04:33.418545+00:00
wikipedia_pageviews,Blinkit,Blinkit,2026-09-19,869,2026-09-20T17:04:33.418545+00:00
wikipedia_pageviews,Zepto,Zepto,2026-08-06,7,2026-09-20T17:04:33.418545+00:00
wikipedia_pageviews,Zepto,Zepto,2026-08-07,12,2026-09-20T17:04:33.418545+00:00
wikipedia_pageviews,Zepto,Zepto,2026-08-08,7,2026-09-20T17:04:33.418545+00:00
wikipedia_pageviews,Zepto,Zepto,2026-08-09,6,2026-09-20T17:04:33.418545+00:00
wikipedia_pageviews,Zepto,Zepto,2026-08-10,5,2026-09-20T17:04:33.418545+00:00
wikipedia_pageviews,Zepto,Zepto,2026-08-11,10,2026-09-20T17:04:33.418545+00:00
wikipedia_pageviews,Zepto,Zepto,2026-08-12,4,2026-09-20T17:04:33.418545+00:00
wikipedia_pageviews,Zepto,Zepto,2026-08-13,10,2026-09-20T17:04:33.418545+00:00
wikipedia_pageviews,Zepto,Zepto,2026-08-14,11,2026-09-20T17:04:33.418545+00:00
wikipedia_pageviews,Zepto,Zepto,2026-08-15,6,2026-09-20T17:04:33.418545+00:00
wikipedia_pageviews,Zepto,Zepto,2026-08-16,9,2026-09-20T17:04:33.418545+00:00
wikipedia_pageviews,Zepto,Zepto,2026-08-17,2,2026-09-20T17:04:33.418545+00:00
wikipedia_pageviews,Zepto,Zepto,2026-08-18,10,2026-09-20T17:04:33.418545+00:00
wikipedia_pageviews,Zepto,Zepto,2026-08-19,8,2026-09-20T17:04:33.418545+00:00
wikipedia_pageviews,Zepto,Zepto,2026-08-20,6,2026-09-20T17:04:33.418545+00:00
wikipedia_pageviews,Zepto,Zepto,2026-08-21,5,2026-09-20T17:04:33.418545+00:00
wikipedia_pageviews,Zepto,Zepto,2026-08-22,11,2026-09-20T17:04:33.418545+00:00
wikipedia_pageviews,Zepto,Zepto,2026-08-23,6,2026-09-20T17:04:33.418545+00:00
wikipedia_pageviews,Zepto,Zepto,2026-08-24,4,2026-09-20T17:04:33.418545+00:00
wikipedia_pageviews,Zepto,Zepto,2026-08-25,5,2026-09-20T17:04:33.418545+00:00
wikipedia_pageviews,Zepto,Zepto,2026-08-26,5,2026-09-20T17:04:33.418545+00:00
wikipedia_pageviews,Zepto,Zepto,2026-08-27,12,2026-09-20T17:04:33.418545+00:00
wikipedia_pageviews,Zepto,Zepto,2026-08-28,7,2026-09-20T17:04:33.418545+00:00
wikipedia_pageviews,Zepto,Zepto,2026-08-29,4,2026-09-20T17:04:33.418545+00:00
wikipedia_pageviews,Zepto,Zepto,2026-08-30,7,2026-09-20T17:04:33.418545+00:00
wikipedia_pageviews,Zepto,Zepto,2026-08-31,7,2026-09-20T17:04:33.418545+00:00
wikipedia_pageviews,Zepto,Zepto,2026-09-01,11,2026-09-20T17:04:33.418545+00:00
wikipedia_pageviews,Zepto,Zepto,2026-09-02,5,2026-09-20T17:04:33.418545+00:00
wikipedia_pageviews,Zepto,Zepto,2026-09-03,12,2026-09-20T17:04:33.418545+00:00
wikipedia_pageviews,Zepto,Zepto,2026-09-04,10,2026-09-20T17:04:33.418545+00:00
wikipedia_pageviews,Zepto,Zepto,2026-09-05,7,2026-09-20T17:04:33.418545+00:00
wikipedia_pageviews,Zepto,Zepto,2026-09-06,3,2026-09-20T17:04:33.418545+00:00
wikipedia_pageviews,Zepto,Zepto,2026-09-07,8,2026-09-20T17:04:33.418545+00:00
wikipedia_pageviews,Zepto,Zepto,2026-09-08,6,2026-09-20T17:04:33.418545+00:00
wikipedia_pageviews,Zepto,Zepto,2026-09-09,9,2026-09-20T17:04:33.418545+00:00
wikipedia_pageviews,Zepto,Zepto,2026-09-10,7,2026-09-20T17:04:33.418545+00:00
wikipedia_pageviews,Zepto,Zepto,2026-09-11,8,2026-09-20T17:04:33.418545+00:00
wikipedia_pageviews,Zepto,Zepto,2026-09-12,13,2026-09-20T17:04:33.418545+00:00
wikipedia_pageviews,Zepto,Zepto,2026-09-13,6,2026-09-20T17:04:33.418545+00:00
wikipedia_pageviews,Zepto,Zepto,2026-09-14,12,2026-09-20T17:04:33.418545+00:00
wikipedia_pageviews,Zepto,Zepto,2026-09-15,13,2026-09-20T17:04:33.418545+00:00
wikipedia_pageviews,Zepto,Zepto,2026-09-16,11,2026-09-20T17:04:33.418545+00:00
wikipedia_pageviews,Zepto,Zepto,2026-09-17,5,2026-09-20T17:04:33.418545+00:00
wikipedia_pageviews,Zepto,Zepto,2026-09-18,7,2026-09-20T17:04:33.418545+00:00
wikipedia_pageviews,Zepto,Zepto,2026-09-19,6,2026-09-20T17:04:33.418545+00:00
wikipedia_pageviews,Instacart,Instacart,2026-08-06,576,2026-09-20T17:04:33.418545+00:00
wikipedia_pageviews,Instacart,Instacart,2026-08-07,521,2026-09-20T17:04:33.418545+00:00
wikipedia_pageviews,Instacart,Instacart,2026-08-08,523,2026-09-20T17:04:33.418545+00:00
wikipedia_pageviews,Instacart,Instacart,2026-08-09,443,2026-09-20T17:04:33.418545+00:00
wikipedia_pageviews,Instacart,Instacart,2026-08-10,506,2026-09-20T17:04:33.418545+00:00
wikipedia_pageviews,Instacart,Instacart,2026-08-11,510,2026-09-20T17:04:33.418545+00:00
wikipedia_pageviews,Instacart,Instacart,2026-08-12,604,2026-09-20T17:04:33.418545+00:00
wikipedia_pageviews,Instacart,Instacart,2026-08-13,607,2026-09-20T17:04:33.418545+00:00
wikipedia_pageviews,Instacart,Instacart,2026-08-14,453,2026-09-20T17:04:33.418545+00:00
wikipedia_pageviews,Instacart,Instacart,2026-08-15,346,2026-09-20T17:04:33.418545+00:00
wikipedia_pageviews,Instacart,Instacart,2026-08-16,379,2026-09-20T17:04:33.418545+00:00
wikipedia_pageviews,Instacart,Instacart,2026-08-17,537,2026-09-20T17:04:33.418545+00:00
wikipedia_pageviews,Instacart,Instacart,2026-08-18,414,2026-09-20T17:04:33.418545+00:00
wikipedia_pageviews,Instacart,Instacart,2026-08-19,430,2026-09-20T17:04:33.418545+00:00
wikipedia_pageviews,Instacart,Instacart,2026-08-20,389,2026-09-20T17:04:33.418545+00:00
wikipedia_pageviews,Instacart,Instacart,2026-08-21,380,2026-09-20T17:04:33.418545+00:00
wikipedia_pageviews,Instacart,Instacart,2026-08-22,349,2026-09-20T17:04:33.418545+00:00
wikipedia_pageviews,Instacart,Instacart,2026-08-23,350,2026-09-20T17:04:33.418545+00:00
wikipedia_pageviews,Instacart,Instacart,2026-08-24,404,2026-09-20T17:04:33.418545+00:00
wikipedia_pageviews,Instacart,Instacart,2026-08-25,422,2026-09-20T17:04:33.418545+00:00
wikipedia_pageviews,Instacart,Instacart,2026-08-26,577,2026-09-20T17:04:33.418545+00:00
wikipedia_pageviews,Instacart,Instacart,2026-08-27,556,2026-09-20T17:04:33.418545+00:00
wikipedia_pageviews,Instacart,Instacart,2026-08-28,487,2026-09-20T17:04:33.418545+00:00
wikipedia_pageviews,Instacart,Instacart,2026-08-29,451,2026-09-20T17:04:33.418545+00:00
wikipedia_pageviews,Instacart,Instacart,2026-08-30,532,2026-09-20T17:04:33.418545+00:00
wikipedia_pageviews,Instacart,Instacart,2026-08-31,566,2026-09-20T17:04:33.418545+00:00
wikipedia_pageviews,Instacart,Instacart,2026-09-01,528,2026-09-20T17:04:33.418545+00:00
wikipedia_pageviews,Instacart,Instacart,2026-09-02,482,2026-09-20T17:04:33.418545+00:00
wikipedia_pageviews,Instacart,Instacart,2026-09-03,569,2026-09-20T17:04:33.418545+00:00
wikipedia_pageviews,Instacart,Instacart,2026-09-04,610,2026-09-20T17:04:33.418545+00:00
wikipedia_pageviews,Instacart,Instacart,2026-09-05,386,2026-09-20T17:04:33.418545+00:00
wikipedia_pageviews,Instacart,Instacart,2026-09-06,403,2026-09-20T17:04:33.418545+00:00
wikipedia_pageviews,Instacart,Instacart,2026-09-07,380,2026-09-20T17:04:33.418545+00:00
wikipedia_pageviews,Instacart,Instacart,2026-09-08,554,2026-09-20T17:04:33.418545+00:00
wikipedia_pageviews,Instacart,Instacart,2026-09-09,570,2026-09-20T17:04:33.418545+00:00
wikipedia_pageviews,Instacart,Instacart,2026-09-10,579,2026-09-20T17:04:33.418545+00:00
wikipedia_pageviews,Instacart,Instacart,2026-09-11,585,2026-09-20T17:04:33.418545+00:00
wikipedia_pageviews,Instacart,Instacart,2026-09-12,551,2026-09-20T17:04:33.418545+00:00
wikipedia_pageviews,Instacart,Instacart,2026-09-13,570,2026-09-20T17:04:33.418545+00:00
wikipedia_pageviews,Instacart,Instacart,2026-09-14,698,2026-09-20T17:04:33.418545+00:00
wikipedia_pageviews,Instacart,Instacart,2026-09-15,687,2026-09-20T17:04:33.418545+00:00
wikipedia_pageviews,Instacart,Instacart,2026-09-16,582,2026-09-20T17:04:33.418545+00:00
wikipedia_pageviews,Instacart,Instacart,2026-09-17,644,2026-09-20T17:04:33.418545+00:00
wikipedia_pageviews,Instacart,Instacart,2026-09-18,505,2026-09-20T17:04:33.418545+00:00
wikipedia_pageviews,Instacart,Instacart,2026-09-19,482,2026-09-20T17:04:33.418545+00:00
wikipedia_pageviews,FedEx,FedEx,2026-08-06,1082,2026-09-20T17:04:33.418545+00:00
wikipedia_pageviews,FedEx,FedEx,2026-08-07,1148,2026-09-20T17:04:33.418545+00:00
wikipedia_pageviews,FedEx,FedEx,2026-08-08,940,2026-09-20T17:04:33.418545+00:00
wikipedia_pageviews,FedEx,FedEx,2026-08-09,1134,2026-09-20T17:04:33.418545+00:00
wikipedia_pageviews,FedEx,FedEx,2026-08-10,1123,2026-09-20T17:04:33.418545+00:00
wikipedia_pageviews,FedEx,FedEx,2026-08-11,1425,2026-09-20T17:04:33.418545+00:00
wikipedia_pageviews,FedEx,FedEx,2026-08-12,1816,2026-09-20T17:04:33.418545+00:00
wikipedia_pageviews,FedEx,FedEx,2026-08-13,1684,2026-09-20T17:04:33.418545+00:00
wikipedia_pageviews,FedEx,FedEx,2026-08-14,1508,2026-09-20T17:04:33.418545+00:00
wikipedia_pageviews,FedEx,FedEx,2026-08-15,1413,2026-09-20T17:04:33.418545+00:00
wikipedia_pageviews,FedEx,FedEx,2026-08-16,1483,2026-09-20T17:04:33.418545+00:00
wikipedia_pageviews,FedEx,FedEx,2026-08-17,1312,2026-09-20T17:04:33.418545+00:00
wikipedia_pageviews,FedEx,FedEx,2026-08-18,1196,2026-09-20T17:04:33.418545+00:00
wikipedia_pageviews,FedEx,FedEx,2026-08-19,1673,2026-09-20T17:04:33.418545+00:00
wikipedia_pageviews,FedEx,FedEx,2026-08-20,1511,2026-09-20T17:04:33.418545+00:00
wikipedia_pageviews,FedEx,FedEx,2026-08-21,1516,2026-09-20T17:04:33.418545+00:00
wikipedia_pageviews,FedEx,FedEx,2026-08-22,951,2026-09-20T17:04:33.418545+00:00
wikipedia_pageviews,FedEx,FedEx,2026-08-23,1001,2026-09-20T17:04:33.418545+00:00
wikipedia_pageviews,FedEx,FedEx,2026-08-24,1158,2026-09-20T17:04:33.418545+00:00
wikipedia_pageviews,FedEx,FedEx,2026-08-25,1345,2026-09-20T17:04:33.418545+00:00
wikipedia_pageviews,FedEx,FedEx,2026-08-26,1452,2026-09-20T17:04:33.418545+00:00
wikipedia_pageviews,FedEx,FedEx,2026-08-27,1462,2026-09-20T17:04:33.418545+00:00
wikipedia_pageviews,FedEx,FedEx,2026-08-28,1115,2026-09-20T17:04:33.418545+00:00
wikipedia_pageviews,FedEx,FedEx,2026-08-29,1074,2026-09-20T17:04:33.418545+00:00
wikipedia_pageviews,FedEx,FedEx,2026-08-30,1260,2026-09-20T17:04:33.418545+00:00
wikipedia_pageviews,FedEx,FedEx,2026-08-31,1188,2026-09-20T17:04:33.418545+00:00
wikipedia_pageviews,FedEx,FedEx,2026-09-01,1178,2026-09-20T17:04:33.418545+00:00
wikipedia_pageviews,FedEx,FedEx,2026-09-02,1172,2026-09-20T17:04:33.418545+00:00
wikipedia_pageviews,FedEx,FedEx,2026-09-03,1040,2026-09-20T17:04:33.418545+00:00
wikipedia_pageviews,FedEx,FedEx,2026-09-04,1098,2026-09-20T17:04:33.418545+00:00
wikipedia_pageviews,FedEx,FedEx,2026-09-05,984,2026-09-20T17:04:33.418545+00:00
wikipedia_pageviews,FedEx,FedEx,2026-09-06,916,2026-09-20T17:04:33.418545+00:00
wikipedia_pageviews,FedEx,FedEx,2026-09-07,1127,2026-09-20T17:04:33.418545+00:00
wikipedia_pageviews,FedEx,FedEx,2026-09-08,1128,2026-09-20T17:04:33.418545+00:00
wikipedia_pageviews,FedEx,FedEx,2026-09-09,1144,2026-09-20T17:04:33.418545+00:00
wikipedia_pageviews,FedEx,FedEx,2026-09-10,1809,2026-09-20T17:04:33.418545+00:00
wikipedia_pageviews,FedEx,FedEx,2026-09-11,1080,2026-09-20T17:04:33.418545+00:00
wikipedia_pageviews,FedEx,FedEx,2026-09-12,907,2026-09-20T17:04:33.418545+00:00
wikipedia_pageviews,FedEx,FedEx,2026-09-13,1077,2026-09-20T17:04:33.418545+00:00
wikipedia_pageviews,FedEx,FedEx,2026-09-14,1114,2026-09-20T17:04:33.418545+00:00
wikipedia_pageviews,FedEx,FedEx,2026-09-15,1155,2026-09-20T17:04:33.418545+00:00
wikipedia_pageviews,FedEx,FedEx,2026-09-16,1216,2026-09-20T17:04:33.418545+00:00
wikipedia_pageviews,FedEx,FedEx,2026-09-17,1523,2026-09-20T17:04:33.418545+00:00
wikipedia_pageviews,FedEx,FedEx,2026-09-18,1416,2026-09-20T17:04:33.418545+00:00
wikipedia_pageviews,FedEx,FedEx,2026-09-19,1114,2026-09-20T17:04:33.418545+00:00
wikipedia_pageviews,United_Parcel_Service,United Parcel Service,2026-08-06,1347,2026-09-20T17:04:33.418545+00:00
wikipedia_pageviews,United_Parcel_Service,United Parcel Service,2026-08-07,2037,2026-09-20T17:04:33.418545+00:00
wikipedia_pageviews,United_Parcel_Service,United Parcel Service,2026-08-08,1929,2026-09-20T17:04:33.418545+00:00
wikipedia_pageviews,United_Parcel_Service,United Parcel Service,2026-08-09,1292,2026-09-20T17:04:33.418545+00:00
wikipedia_pageviews,United_Parcel_Service,United Parcel Service,2026-08-10,1048,2026-09-20T17:04:33.418545+00:00
wikipedia_pageviews,United_Parcel_Service,United Parcel Service,2026-08-11,989,2026-09-20T17:04:33.418545+00:00
wikipedia_pageviews,United_Parcel_Service,United Parcel Service,2026-08-12,1139,2026-09-20T17:04:33.418545+00:00
wikipedia_pageviews,United_Parcel_Service,United Parcel Service,2026-08-13,1168,2026-09-20T17:04:33.418545+00:00
wikipedia_pageviews,United_Parcel_Service,United Parcel Service,2026-08-14,1298,2026-09-20T17:04:33.418545+00:00
wikipedia_pageviews,United_Parcel_Service,United Parcel Service,2026-08-15,859,2026-09-20T17:04:33.418545+00:00
wikipedia_pageviews,United_Parcel_Service,United Parcel Service,2026-08-16,821,2026-09-20T17:04:33.418545+00:00
wikipedia_pageviews,United_Parcel_Service,United Parcel Service,2026-08-17,1098,2026-09-20T17:04:33.418545+00:00
wikipedia_pageviews,United_Parcel_Service,United Parcel Service,2026-08-18,1007,2026-09-20T17:04:33.418545+00:00
wikipedia_pageviews,United_Parcel_Service,United Parcel Service,2026-08-19,1361,2026-09-20T17:04:33.418545+00:00
wikipedia_pageviews,United_Parcel_Service,United Parcel Service,2026-08-20,1284,2026-09-20T17:04:33.418545+00:00
wikipedia_pageviews,United_Parcel_Service,United Parcel Service,2026-08-21,1312,2026-09-20T17:04:33.418545+00:00
wikipedia_pageviews,United_Parcel_Service,United Parcel Service,2026-08-22,1711,2026-09-20T17:04:33.418545+00:00
wikipedia_pageviews,United_Parcel_Service,United Parcel Service,2026-08-23,1006,2026-09-20T17:04:33.418545+00:00
wikipedia_pageviews,United_Parcel_Service,United Parcel Service,2026-08-24,1021,2026-09-20T17:04:33.418545+00:00
wikipedia_pageviews,United_Parcel_Service,United Parcel Service,2026-08-25,1077,2026-09-20T17:04:33.418545+00:00
wikipedia_pageviews,United_Parcel_Service,United Parcel Service,2026-08-26,1078,2026-09-20T17:04:33.418545+00:00
wikipedia_pageviews,United_Parcel_Service,United Parcel Service,2026-08-27,1223,2026-09-20T17:04:33.418545+00:00
wikipedia_pageviews,United_Parcel_Service,United Parcel Service,2026-08-28,1274,2026-09-20T17:04:33.418545+00:00
wikipedia_pageviews,United_Parcel_Service,United Parcel Service,2026-08-29,1039,2026-09-20T17:04:33.418545+00:00
wikipedia_pageviews,United_Parcel_Service,United Parcel Service,2026-08-30,934,2026-09-20T17:04:33.418545+00:00
wikipedia_pageviews,United_Parcel_Service,United Parcel Service,2026-08-31,983,2026-09-20T17:04:33.418545+00:00
wikipedia_pageviews,United_Parcel_Service,United Parcel Service,2026-09-01,1014,2026-09-20T17:04:33.418545+00:00
wikipedia_pageviews,United_Parcel_Service,United Parcel Service,2026-09-02,1475,2026-09-20T17:04:33.418545+00:00
wikipedia_pageviews,United_Parcel_Service,United Parcel Service,2026-09-03,1071,2026-09-20T17:04:33.418545+00:00
wikipedia_pageviews,United_Parcel_Service,United Parcel Service,2026-09-04,939,2026-09-20T17:04:33.418545+00:00
wikipedia_pageviews,United_Parcel_Service,United Parcel Service,2026-09-05,833,2026-09-20T17:04:33.418545+00:00
wikipedia_pageviews,United_Parcel_Service,United Parcel Service,2026-09-06,817,2026-09-20T17:04:33.418545+00:00
wikipedia_pageviews,United_Parcel_Service,United Parcel Service,2026-09-07,972,2026-09-20T17:04:33.418545+00:00
wikipedia_pageviews,United_Parcel_Service,United Parcel Service,2026-09-08,1124,2026-09-20T17:04:33.418545+00:00
wikipedia_pageviews,United_Parcel_Service,United Parcel Service,2026-09-09,1115,2026-09-20T17:04:33.418545+00:00
wikipedia_pageviews,United_Parcel_Service,United Parcel Service,2026-09-10,1069,2026-09-20T17:04:33.418545+00:00
wikipedia_pageviews,United_Parcel_Service,United Parcel Service,2026-09-11,1000,2026-09-20T17:04:33.418545+00:00
wikipedia_pageviews,United_Parcel_Service,United Parcel Service,2026-09-12,916,2026-09-20T17:04:33.418545+00:00
wikipedia_pageviews,United_Parcel_Service,United Parcel Service,2026-09-13,785,2026-09-20T17:04:33.418545+00:00
wikipedia_pageviews,United_Parcel_Service,United Parcel Service,2026-09-14,1005,2026-09-20T17:04:33.418545+00:00
wikipedia_pageviews,United_Parcel_Service,United Parcel Service,2026-09-15,1053,2026-09-20T17:04:33.418545+00:00
wikipedia_pageviews,United_Parcel_Service,United Parcel Service,2026-09-16,1083,2026-09-20T17:04:33.418545+00:00
wikipedia_pageviews,United_Parcel_Service,United Parcel Service,2026-09-17,1208,2026-09-20T17:04:33.418545+00:00
wikipedia_pageviews,United_Parcel_Service,United Parcel Service,2026-09-18,1171,2026-09-20T17:04:33.418545+00:00
wikipedia_pageviews,United_Parcel_Service,United Parcel Service,2026-09-19,1002,2026-09-20T17:04:33.418545+00:00
wikipedia_pageviews,DHL,DHL,2026-08-06,1538,2026-09-20T17:04:33.418545+00:00
wikipedia_pageviews,DHL,DHL,2026-08-07,1538,2026-09-20T17:04:33.418545+00:00
wikipedia_pageviews,DHL,DHL,2026-08-08,1129,2026-09-20T17:04:33.418545+00:00
wikipedia_pageviews,DHL,DHL,2026-08-09,1162,2026-09-20T17:04:33.418545+00:00
wikipedia_pageviews,DHL,DHL,2026-08-10,1408,2026-09-20T17:04:33.418545+00:00
wikipedia_pageviews,DHL,DHL,2026-08-11,1308,2026-09-20T17:04:33.418545+00:00
wikipedia_pageviews,DHL,DHL,2026-08-12,1334,2026-09-20T17:04:33.418545+00:00
wikipedia_pageviews,DHL,DHL,2026-08-13,1248,2026-09-20T17:04:33.418545+00:00
wikipedia_pageviews,DHL,DHL,2026-08-14,1258,2026-09-20T17:04:33.418545+00:00
wikipedia_pageviews,DHL,DHL,2026-08-15,1020,2026-09-20T17:04:33.418545+00:00
wikipedia_pageviews,DHL,DHL,2026-08-16,827,2026-09-20T17:04:33.418545+00:00
wikipedia_pageviews,DHL,DHL,2026-08-17,1392,2026-09-20T17:04:33.418545+00:00
wikipedia_pageviews,DHL,DHL,2026-08-18,1235,2026-09-20T17:04:33.418545+00:00
wikipedia_pageviews,DHL,DHL,2026-08-19,1692,2026-09-20T17:04:33.418545+00:00
wikipedia_pageviews,DHL,DHL,2026-08-20,1522,2026-09-20T17:04:33.418545+00:00
wikipedia_pageviews,DHL,DHL,2026-08-21,1887,2026-09-20T17:04:33.418545+00:00
wikipedia_pageviews,DHL,DHL,2026-08-22,1287,2026-09-20T17:04:33.418545+00:00
wikipedia_pageviews,DHL,DHL,2026-08-23,1021,2026-09-20T17:04:33.418545+00:00
wikipedia_pageviews,DHL,DHL,2026-08-24,1235,2026-09-20T17:04:33.418545+00:00
wikipedia_pageviews,DHL,DHL,2026-08-25,1319,2026-09-20T17:04:33.418545+00:00
wikipedia_pageviews,DHL,DHL,2026-08-26,1353,2026-09-20T17:04:33.418545+00:00
wikipedia_pageviews,DHL,DHL,2026-08-27,1453,2026-09-20T17:04:33.418545+00:00
wikipedia_pageviews,DHL,DHL,2026-08-28,1409,2026-09-20T17:04:33.418545+00:00
wikipedia_pageviews,DHL,DHL,2026-08-29,1261,2026-09-20T17:04:33.418545+00:00
wikipedia_pageviews,DHL,DHL,2026-08-30,1243,2026-09-20T17:04:33.418545+00:00
wikipedia_pageviews,DHL,DHL,2026-08-31,1367,2026-09-20T17:04:33.418545+00:00
wikipedia_pageviews,DHL,DHL,2026-09-01,1865,2026-09-20T17:04:33.418545+00:00
wikipedia_pageviews,DHL,DHL,2026-09-02,1575,2026-09-20T17:04:33.418545+00:00
wikipedia_pageviews,DHL,DHL,2026-09-03,1428,2026-09-20T17:04:33.418545+00:00
wikipedia_pageviews,DHL,DHL,2026-09-04,1212,2026-09-20T17:04:33.418545+00:00
wikipedia_pageviews,DHL,DHL,2026-09-05,1078,2026-09-20T17:04:33.418545+00:00
wikipedia_pageviews,DHL,DHL,2026-09-06,1112,2026-09-20T17:04:33.418545+00:00
wikipedia_pageviews,DHL,DHL,2026-09-07,1368,2026-09-20T17:04:33.418545+00:00
wikipedia_pageviews,DHL,DHL,2026-09-08,1372,2026-09-20T17:04:33.418545+00:00
wikipedia_pageviews,DHL,DHL,2026-09-09,1257,2026-09-20T17:04:33.418545+00:00
wikipedia_pageviews,DHL,DHL,2026-09-10,1259,2026-09-20T17:04:33.418545+00:00
wikipedia_pageviews,DHL,DHL,2026-09-11,1064,2026-09-20T17:04:33.418545+00:00
wikipedia_pageviews,DHL,DHL,2026-09-12,969,2026-09-20T17:04:33.418545+00:00
wikipedia_pageviews,DHL,DHL,2026-09-13,996,2026-09-20T17:04:33.418545+00:00
wikipedia_pageviews,DHL,DHL,2026-09-14,1137,2026-09-20T17:04:33.418545+00:00
wikipedia_pageviews,DHL,DHL,2026-09-15,1243,2026-09-20T17:04:33.418545+00:00
wikipedia_pageviews,DHL,DHL,2026-09-16,1307,2026-09-20T17:04:33.418545+00:00
wikipedia_pageviews,DHL,DHL,2026-09-17,1456,2026-09-20T17:04:33.418545+00:00
wikipedia_pageviews,DHL,DHL,2026-09-18,1228,2026-09-20T17:04:33.418545+00:00
wikipedia_pageviews,DHL,DHL,2026-09-19,962,2026-09-20T17:04:33.418545+00:00
wikipedia_pageviews,Amazon_(company),Amazon,2026-08-06,10061,2026-09-20T17:04:33.418545+00:00
wikipedia_pageviews,Amazon_(company),Amazon,2026-08-07,10440,2026-09-20T17:04:33.418545+00:00
wikipedia_pageviews,Amazon_(company),Amazon,2026-08-08,9182,2026-09-20T17:04:33.418545+00:00
wikipedia_pageviews,Amazon_(company),Amazon,2026-08-09,9241,2026-09-20T17:04:33.418545+00:00
wikipedia_pageviews,Amazon_(company),Amazon,2026-08-10,11110,2026-09-20T17:04:33.418545+00:00
wikipedia_pageviews,Amazon_(company),Amazon,2026-08-11,10416,2026-09-20T17:04:33.418545+00:00
wikipedia_pageviews,Amazon_(company),Amazon,2026-08-12,11046,2026-09-20T17:04:33.418545+00:00
wikipedia_pageviews,Amazon_(company),Amazon,2026-08-13,11429,2026-09-20T17:04:33.418545+00:00
wikipedia_pageviews,Amazon_(company),Amazon,2026-08-14,14363,2026-09-20T17:04:33.418545+00:00
wikipedia_pageviews,Amazon_(company),Amazon,2026-08-15,9163,2026-09-20T17:04:33.418545+00:00
wikipedia_pageviews,Amazon_(company),Amazon,2026-08-16,9407,2026-09-20T17:04:33.418545+00:00
wikipedia_pageviews,Amazon_(company),Amazon,2026-08-17,11714,2026-09-20T17:04:33.418545+00:00
wikipedia_pageviews,Amazon_(company),Amazon,2026-08-18,10279,2026-09-20T17:04:33.418545+00:00
wikipedia_pageviews,Amazon_(company),Amazon,2026-08-19,10823,2026-09-20T17:04:33.418545+00:00
wikipedia_pageviews,Amazon_(company),Amazon,2026-08-20,10595,2026-09-20T17:04:33.418545+00:00
wikipedia_pageviews,Amazon_(company),Amazon,2026-08-21,26036,2026-09-20T17:04:33.418545+00:00
wikipedia_pageviews,Amazon_(company),Amazon,2026-08-22,9857,2026-09-20T17:04:33.418545+00:00
wikipedia_pageviews,Amazon_(company),Amazon,2026-08-23,10580,2026-09-20T17:04:33.418545+00:00
wikipedia_pageviews,Amazon_(company),Amazon,2026-08-24,12827,2026-09-20T17:04:33.418545+00:00
wikipedia_pageviews,Amazon_(company),Amazon,2026-08-25,10475,2026-09-20T17:04:33.418545+00:00
wikipedia_pageviews,Amazon_(company),Amazon,2026-08-26,10177,2026-09-20T17:04:33.418545+00:00
wikipedia_pageviews,Amazon_(company),Amazon,2026-08-27,11330,2026-09-20T17:04:33.418545+00:00
wikipedia_pageviews,Amazon_(company),Amazon,2026-08-28,9953,2026-09-20T17:04:33.418545+00:00
wikipedia_pageviews,Amazon_(company),Amazon,2026-08-29,9817,2026-09-20T17:04:33.418545+00:00
wikipedia_pageviews,Amazon_(company),Amazon,2026-08-30,9681,2026-09-20T17:04:33.418545+00:00
wikipedia_pageviews,Amazon_(company),Amazon,2026-08-31,10402,2026-09-20T17:04:33.418545+00:00
wikipedia_pageviews,Amazon_(company),Amazon,2026-09-01,10228,2026-09-20T17:04:33.418545+00:00
wikipedia_pageviews,Amazon_(company),Amazon,2026-09-02,10741,2026-09-20T17:04:33.418545+00:00
wikipedia_pageviews,Amazon_(company),Amazon,2026-09-03,10864,2026-09-20T17:04:33.418545+00:00
wikipedia_pageviews,Amazon_(company),Amazon,2026-09-04,10007,2026-09-20T17:04:33.418545+00:00
wikipedia_pageviews,Amazon_(company),Amazon,2026-09-05,9481,2026-09-20T17:04:33.418545+00:00
wikipedia_pageviews,Amazon_(company),Amazon,2026-09-06,10023,2026-09-20T17:04:33.418545+00:00
wikipedia_pageviews,Amazon_(company),Amazon,2026-09-07,11545,2026-09-20T17:04:33.418545+00:00
wikipedia_pageviews,Amazon_(company),Amazon,2026-09-08,12915,2026-09-20T17:04:33.418545+00:00
wikipedia_pageviews,Amazon_(company),Amazon,2026-09-09,11789,2026-09-20T17:04:33.418545+00:00
wikipedia_pageviews,Amazon_(company),Amazon,2026-09-10,11196,2026-09-20T17:04:33.418545+00:00
wikipedia_pageviews,Amazon_(company),Amazon,2026-09-11,10819,2026-09-20T17:04:33.418545+00:00
wikipedia_pageviews,Amazon_(company),Amazon,2026-09-12,9772,2026-09-20T17:04:33.418545+00:00
wikipedia_pageviews,Amazon_(company),Amazon,2026-09-13,10074,2026-09-20T17:04:33.418545+00:00
wikipedia_pageviews,Amazon_(company),Amazon,2026-09-14,11884,2026-09-20T17:04:33.418545+00:00
wikipedia_pageviews,Amazon_(company),Amazon,2026-09-15,11418,2026-09-20T17:04:33.418545+00:00
wikipedia_pageviews,Amazon_(company),Amazon,2026-09-16,11382,2026-09-20T17:04:33.418545+00:00
wikipedia_pageviews,Amazon_(company),Amazon,2026-09-17,13366,2026-09-20T17:04:33.418545+00:00
wikipedia_pageviews,Amazon_(company),Amazon,2026-09-18,12165,2026-09-20T17:04:33.418545+00:00
wikipedia_pageviews,Amazon_(company),Amazon,2026-09-19,10814,2026-09-20T17:04:33.418545+00:00
wikipedia_pageviews,Flipkart,Flipkart,2026-08-06,1547,2026-09-20T17:04:33.418545+00:00
wikipedia_pageviews,Flipkart,Flipkart,2026-08-07,1436,2026-09-20T17:04:33.418545+00:00
wikipedia_pageviews,Flipkart,Flipkart,2026-08-08,1326,2026-09-20T17:04:33.418545+00:00
wikipedia_pageviews,Flipkart,Flipkart,2026-08-09,1263,2026-09-20T17:04:33.418545+00:00
wikipedia_pageviews,Flipkart,Flipkart,2026-08-10,1319,2026-09-20T17:04:33.418545+00:00
wikipedia_pageviews,Flipkart,Flipkart,2026-08-11,1578,2026-09-20T17:04:33.418545+00:00
wikipedia_pageviews,Flipkart,Flipkart,2026-08-12,1503,2026-09-20T17:04:33.418545+00:00
wikipedia_pageviews,Flipkart,Flipkart,2026-08-13,1819,2026-09-20T17:04:33.418545+00:00
wikipedia_pageviews,Flipkart,Flipkart,2026-08-14,1518,2026-09-20T17:04:33.418545+00:00
wikipedia_pageviews,Flipkart,Flipkart,2026-08-15,1548,2026-09-20T17:04:33.418545+00:00
wikipedia_pageviews,Flipkart,Flipkart,2026-08-16,1409,2026-09-20T17:04:33.418545+00:00
wikipedia_pageviews,Flipkart,Flipkart,2026-08-17,1458,2026-09-20T17:04:33.418545+00:00
wikipedia_pageviews,Flipkart,Flipkart,2026-08-18,1259,2026-09-20T17:04:33.418545+00:00
wikipedia_pageviews,Flipkart,Flipkart,2026-08-19,1778,2026-09-20T17:04:33.418545+00:00
wikipedia_pageviews,Flipkart,Flipkart,2026-08-20,1625,2026-09-20T17:04:33.418545+00:00
wikipedia_pageviews,Flipkart,Flipkart,2026-08-21,1402,2026-09-20T17:04:33.418545+00:00
wikipedia_pageviews,Flipkart,Flipkart,2026-08-22,1583,2026-09-20T17:04:33.418545+00:00
wikipedia_pageviews,Flipkart,Flipkart,2026-08-23,1496,2026-09-20T17:04:33.418545+00:00
wikipedia_pageviews,Flipkart,Flipkart,2026-08-24,1549,2026-09-20T17:04:33.418545+00:00
wikipedia_pageviews,Flipkart,Flipkart,2026-08-25,1940,2026-09-20T17:04:33.418545+00:00
wikipedia_pageviews,Flipkart,Flipkart,2026-08-26,3533,2026-09-20T17:04:33.418545+00:00
wikipedia_pageviews,Flipkart,Flipkart,2026-08-27,1166,2026-09-20T17:04:33.418545+00:00
wikipedia_pageviews,Flipkart,Flipkart,2026-08-28,1191,2026-09-20T17:04:33.418545+00:00
wikipedia_pageviews,Flipkart,Flipkart,2026-08-29,1162,2026-09-20T17:04:33.418545+00:00
wikipedia_pageviews,Flipkart,Flipkart,2026-08-30,1378,2026-09-20T17:04:33.418545+00:00
wikipedia_pageviews,Flipkart,Flipkart,2026-08-31,1324,2026-09-20T17:04:33.418545+00:00
wikipedia_pageviews,Flipkart,Flipkart,2026-09-01,1431,2026-09-20T17:04:33.418545+00:00
wikipedia_pageviews,Flipkart,Flipkart,2026-09-02,1364,2026-09-20T17:04:33.418545+00:00
wikipedia_pageviews,Flipkart,Flipkart,2026-09-03,1304,2026-09-20T17:04:33.418545+00:00
wikipedia_pageviews,Flipkart,Flipkart,2026-09-04,1212,2026-09-20T17:04:33.418545+00:00
wikipedia_pageviews,Flipkart,Flipkart,2026-09-05,1088,2026-09-20T17:04:33.418545+00:00
wikipedia_pageviews,Flipkart,Flipkart,2026-09-06,1234,2026-09-20T17:04:33.418545+00:00
wikipedia_pageviews,Flipkart,Flipkart,2026-09-07,1369,2026-09-20T17:04:33.418545+00:00
wikipedia_pageviews,Flipkart,Flipkart,2026-09-08,1341,2026-09-20T17:04:33.418545+00:00
wikipedia_pageviews,Flipkart,Flipkart,2026-09-09,1426,2026-09-20T17:04:33.418545+00:00
wikipedia_pageviews,Flipkart,Flipkart,2026-09-10,2320,2026-09-20T17:04:33.418545+00:00
wikipedia_pageviews,Flipkart,Flipkart,2026-09-11,1577,2026-09-20T17:04:33.418545+00:00
wikipedia_pageviews,Flipkart,Flipkart,2026-09-12,1330,2026-09-20T17:04:33.418545+00:00
wikipedia_pageviews,Flipkart,Flipkart,2026-09-13,1356,2026-09-20T17:04:33.418545+00:00
wikipedia_pageviews,Flipkart,Flipkart,2026-09-14,1452,2026-09-20T17:04:33.418545+00:00
wikipedia_pageviews,Flipkart,Flipkart,2026-09-15,1394,2026-09-20T17:04:33.418545+00:00
wikipedia_pageviews,Flipkart,Flipkart,2026-09-16,1481,2026-09-20T17:04:33.418545+00:00
wikipedia_pageviews,Flipkart,Flipkart,2026-09-17,1585,2026-09-20T17:04:33.418545+00:00
wikipedia_pageviews,Flipkart,Flipkart,2026-09-18,1619,2026-09-20T17:04:33.418545+00:00
wikipedia_pageviews,Flipkart,Flipkart,2026-09-19,1582,2026-09-20T17:04:33.418545+00:00
wikipedia_pageviews,Myntra,Myntra,2026-08-06,335,2026-09-20T17:04:33.418545+00:00
wikipedia_pageviews,Myntra,Myntra,2026-08-07,293,2026-09-20T17:04:33.418545+00:00
wikipedia_pageviews,Myntra,Myntra,2026-08-08,285,2026-09-20T17:04:33.418545+00:00
wikipedia_pageviews,Myntra,Myntra,2026-08-09,295,2026-09-20T17:04:33.418545+00:00
wikipedia_pageviews,Myntra,Myntra,2026-08-10,343,2026-09-20T17:04:33.418545+00:00
wikipedia_pageviews,Myntra,Myntra,2026-08-11,344,2026-09-20T17:04:33.418545+00:00
wikipedia_pageviews,Myntra,Myntra,2026-08-12,329,2026-09-20T17:04:33.418545+00:00
wikipedia_pageviews,Myntra,Myntra,2026-08-13,326,2026-09-20T17:04:33.418545+00:00
wikipedia_pageviews,Myntra,Myntra,2026-08-14,336,2026-09-20T17:04:33.418545+00:00
wikipedia_pageviews,Myntra,Myntra,2026-08-15,349,2026-09-20T17:04:33.418545+00:00
wikipedia_pageviews,Myntra,Myntra,2026-08-16,353,2026-09-20T17:04:33.418545+00:00
wikipedia_pageviews,Myntra,Myntra,2026-08-17,355,2026-09-20T17:04:33.418545+00:00
wikipedia_pageviews,Myntra,Myntra,2026-08-18,342,2026-09-20T17:04:33.418545+00:00
wikipedia_pageviews,Myntra,Myntra,2026-08-19,321,2026-09-20T17:04:33.418545+00:00
wikipedia_pageviews,Myntra,Myntra,2026-08-20,315,2026-09-20T17:04:33.418545+00:00
wikipedia_pageviews,Myntra,Myntra,2026-08-21,304,2026-09-20T17:04:33.418545+00:00
wikipedia_pageviews,Myntra,Myntra,2026-08-22,304,2026-09-20T17:04:33.418545+00:00
wikipedia_pageviews,Myntra,Myntra,2026-08-23,332,2026-09-20T17:04:33.418545+00:00
wikipedia_pageviews,Myntra,Myntra,2026-08-24,346,2026-09-20T17:04:33.418545+00:00
wikipedia_pageviews,Myntra,Myntra,2026-08-25,294,2026-09-20T17:04:33.418545+00:00
wikipedia_pageviews,Myntra,Myntra,2026-08-26,314,2026-09-20T17:04:33.418545+00:00
wikipedia_pageviews,Myntra,Myntra,2026-08-27,257,2026-09-20T17:04:33.418545+00:00
wikipedia_pageviews,Myntra,Myntra,2026-08-28,256,2026-09-20T17:04:33.418545+00:00
wikipedia_pageviews,Myntra,Myntra,2026-08-29,259,2026-09-20T17:04:33.418545+00:00
wikipedia_pageviews,Myntra,Myntra,2026-08-30,264,2026-09-20T17:04:33.418545+00:00
wikipedia_pageviews,Myntra,Myntra,2026-08-31,346,2026-09-20T17:04:33.418545+00:00
wikipedia_pageviews,Myntra,Myntra,2026-09-01,303,2026-09-20T17:04:33.418545+00:00
wikipedia_pageviews,Myntra,Myntra,2026-09-02,257,2026-09-20T17:04:33.418545+00:00
wikipedia_pageviews,Myntra,Myntra,2026-09-03,304,2026-09-20T17:04:33.418545+00:00
wikipedia_pageviews,Myntra,Myntra,2026-09-04,280,2026-09-20T17:04:33.418545+00:00
wikipedia_pageviews,Myntra,Myntra,2026-09-05,237,2026-09-20T17:04:33.418545+00:00
wikipedia_pageviews,Myntra,Myntra,2026-09-06,268,2026-09-20T17:04:33.418545+00:00
wikipedia_pageviews,Myntra,Myntra,2026-09-07,346,2026-09-20T17:04:33.418545+00:00
wikipedia_pageviews,Myntra,Myntra,2026-09-08,297,2026-09-20T17:04:33.418545+00:00
wikipedia_pageviews,Myntra,Myntra,2026-09-09,273,2026-09-20T17:04:33.418545+00:00
wikipedia_pageviews,Myntra,Myntra,2026-09-10,327,2026-09-20T17:04:33.418545+00:00
wikipedia_pageviews,Myntra,Myntra,2026-09-11,383,2026-09-20T17:04:33.418545+00:00
wikipedia_pageviews,Myntra,Myntra,2026-09-12,294,2026-09-20T17:04:33.418545+00:00
wikipedia_pageviews,Myntra,Myntra,2026-09-13,325,2026-09-20T17:04:33.418545+00:00
wikipedia_pageviews,Myntra,Myntra,2026-09-14,479,2026-09-20T17:04:33.418545+00:00
wikipedia_pageviews,Myntra,Myntra,2026-09-15,375,2026-09-20T17:04:33.418545+00:00
wikipedia_pageviews,Myntra,Myntra,2026-09-16,407,2026-09-20T17:04:33.418545+00:00
wikipedia_pageviews,Myntra,Myntra,2026-09-17,443,2026-09-20T17:04:33.418545+00:00
wikipedia_pageviews,Myntra,Myntra,2026-09-18,398,2026-09-20T17:04:33.418545+00:00
wikipedia_pageviews,Myntra,Myntra,2026-09-19,301,2026-09-20T17:04:33.418545+00:00
wikipedia_pageviews,Meesho,Meesho,2026-08-06,3001,2026-09-20T17:04:33.418545+00:00
wikipedia_pageviews,Meesho,Meesho,2026-08-07,2878,2026-09-20T17:04:33.418545+00:00
wikipedia_pageviews,Meesho,Meesho,2026-08-08,3127,2026-09-20T17:04:33.418545+00:00
wikipedia_pageviews,Meesho,Meesho,2026-08-09,3159,2026-09-20T17:04:33.418545+00:00
wikipedia_pageviews,Meesho,Meesho,2026-08-10,2914,2026-09-20T17:04:33.418545+00:00
wikipedia_pageviews,Meesho,Meesho,2026-08-11,2898,2026-09-20T17:04:33.418545+00:00
wikipedia_pageviews,Meesho,Meesho,2026-08-12,2776,2026-09-20T17:04:33.418545+00:00
wikipedia_pageviews,Meesho,Meesho,2026-08-13,2818,2026-09-20T17:04:33.418545+00:00
wikipedia_pageviews,Meesho,Meesho,2026-08-14,2719,2026-09-20T17:04:33.418545+00:00
wikipedia_pageviews,Meesho,Meesho,2026-08-15,2970,2026-09-20T17:04:33.418545+00:00
wikipedia_pageviews,Meesho,Meesho,2026-08-16,3156,2026-09-20T17:04:33.418545+00:00
wikipedia_pageviews,Meesho,Meesho,2026-08-17,3252,2026-09-20T17:04:33.418545+00:00
wikipedia_pageviews,Meesho,Meesho,2026-08-18,3163,2026-09-20T17:04:33.418545+00:00
wikipedia_pageviews,Meesho,Meesho,2026-08-19,3139,2026-09-20T17:04:33.418545+00:00
wikipedia_pageviews,Meesho,Meesho,2026-08-20,2811,2026-09-20T17:04:33.418545+00:00
wikipedia_pageviews,Meesho,Meesho,2026-08-21,2697,2026-09-20T17:04:33.418545+00:00
wikipedia_pageviews,Meesho,Meesho,2026-08-22,2750,2026-09-20T17:04:33.418545+00:00
wikipedia_pageviews,Meesho,Meesho,2026-08-23,2931,2026-09-20T17:04:33.418545+00:00
wikipedia_pageviews,Meesho,Meesho,2026-08-24,2866,2026-09-20T17:04:33.418545+00:00
wikipedia_pageviews,Meesho,Meesho,2026-08-25,2790,2026-09-20T17:04:33.418545+00:00
wikipedia_pageviews,Meesho,Meesho,2026-08-26,2803,2026-09-20T17:04:33.418545+00:00
wikipedia_pageviews,Meesho,Meesho,2026-08-27,2604,2026-09-20T17:04:33.418545+00:00
wikipedia_pageviews,Meesho,Meesho,2026-08-28,2433,2026-09-20T17:04:33.418545+00:00
wikipedia_pageviews,Meesho,Meesho,2026-08-29,2542,2026-09-20T17:04:33.418545+00:00
wikipedia_pageviews,Meesho,Meesho,2026-08-30,3056,2026-09-20T17:04:33.418545+00:00
wikipedia_pageviews,Meesho,Meesho,2026-08-31,2970,2026-09-20T17:04:33.418545+00:00
wikipedia_pageviews,Meesho,Meesho,2026-09-01,2939,2026-09-20T17:04:33.418545+00:00
wikipedia_pageviews,Meesho,Meesho,2026-09-02,3023,2026-09-20T17:04:33.418545+00:00
wikipedia_pageviews,Meesho,Meesho,2026-09-03,2900,2026-09-20T17:04:33.418545+00:00
wikipedia_pageviews,Meesho,Meesho,2026-09-04,2734,2026-09-20T17:04:33.418545+00:00
wikipedia_pageviews,Meesho,Meesho,2026-09-05,2964,2026-09-20T17:04:33.418545+00:00
wikipedia_pageviews,Meesho,Meesho,2026-09-06,3312,2026-09-20T17:04:33.418545+00:00
wikipedia_pageviews,Meesho,Meesho,2026-09-07,2996,2026-09-20T17:04:33.418545+00:00
wikipedia_pageviews,Meesho,Meesho,2026-09-08,3118,2026-09-20T17:04:33.418545+00:00
wikipedia_pageviews,Meesho,Meesho,2026-09-09,3000,2026-09-20T17:04:33.418545+00:00
wikipedia_pageviews,Meesho,Meesho,2026-09-10,2797,2026-09-20T17:04:33.418545+00:00
wikipedia_pageviews,Meesho,Meesho,2026-09-11,2916,2026-09-20T17:04:33.418545+00:00
wikipedia_pageviews,Meesho,Meesho,2026-09-12,2766,2026-09-20T17:04:33.418545+00:00
wikipedia_pageviews,Meesho,Meesho,2026-09-13,2916,2026-09-20T17:04:33.418545+00:00
wikipedia_pageviews,Meesho,Meesho,2026-09-14,2572,2026-09-20T17:04:33.418545+00:00
wikipedia_pageviews,Meesho,Meesho,2026-09-15,3000,2026-09-20T17:04:33.418545+00:00
wikipedia_pageviews,Meesho,Meesho,2026-09-16,2789,2026-09-20T17:04:33.418545+00:00
wikipedia_pageviews,Meesho,Meesho,2026-09-17,2753,2026-09-20T17:04:33.418545+00:00
wikipedia_pageviews,Meesho,Meesho,2026-09-18,2906,2026-09-20T17:04:33.418545+00:00
wikipedia_pageviews,Meesho,Meesho,2026-09-19,3456,2026-09-20T17:04:33.418545+00:00
wikipedia_pageviews,Temu_(marketplace),Temu,2026-08-06,40,2026-09-20T17:04:33.418545+00:00
wikipedia_pageviews,Temu_(marketplace),Temu,2026-08-07,41,2026-09-20T17:04:33.418545+00:00
wikipedia_pageviews,Temu_(marketplace),Temu,2026-08-08,54,2026-09-20T17:04:33.418545+00:00
wikipedia_pageviews,Temu_(marketplace),Temu,2026-08-09,41,2026-09-20T17:04:33.418545+00:00
wikipedia_pageviews,Temu_(marketplace),Temu,2026-08-10,38,2026-09-20T17:04:33.418545+00:00
wikipedia_pageviews,Temu_(marketplace),Temu,2026-08-11,54,2026-09-20T17:04:33.418545+00:00
wikipedia_pageviews,Temu_(marketplace),Temu,2026-08-12,36,2026-09-20T17:04:33.418545+00:00
wikipedia_pageviews,Temu_(marketplace),Temu,2026-08-13,45,2026-09-20T17:04:33.418545+00:00
wikipedia_pageviews,Temu_(marketplace),Temu,2026-08-14,46,2026-09-20T17:04:33.418545+00:00
wikipedia_pageviews,Temu_(marketplace),Temu,2026-08-15,42,2026-09-20T17:04:33.418545+00:00
wikipedia_pageviews,Temu_(marketplace),Temu,2026-08-16,31,2026-09-20T17:04:33.418545+00:00
wikipedia_pageviews,Temu_(marketplace),Temu,2026-08-17,53,2026-09-20T17:04:33.418545+00:00
wikipedia_pageviews,Temu_(marketplace),Temu,2026-08-18,58,2026-09-20T17:04:33.418545+00:00
wikipedia_pageviews,Temu_(marketplace),Temu,2026-08-19,62,2026-09-20T17:04:33.418545+00:00
wikipedia_pageviews,Temu_(marketplace),Temu,2026-08-20,68,2026-09-20T17:04:33.418545+00:00
wikipedia_pageviews,Temu_(marketplace),Temu,2026-08-21,63,2026-09-20T17:04:33.418545+00:00
wikipedia_pageviews,Temu_(marketplace),Temu,2026-08-22,40,2026-09-20T17:04:33.418545+00:00
wikipedia_pageviews,Temu_(marketplace),Temu,2026-08-23,43,2026-09-20T17:04:33.418545+00:00
wikipedia_pageviews,Temu_(marketplace),Temu,2026-08-24,69,2026-09-20T17:04:33.418545+00:00
wikipedia_pageviews,Temu_(marketplace),Temu,2026-08-25,71,2026-09-20T17:04:33.418545+00:00
wikipedia_pageviews,Temu_(marketplace),Temu,2026-08-26,71,2026-09-20T17:04:33.418545+00:00
wikipedia_pageviews,Temu_(marketplace),Temu,2026-08-27,69,2026-09-20T17:04:33.418545+00:00
wikipedia_pageviews,Temu_(marketplace),Temu,2026-08-28,71,2026-09-20T17:04:33.418545+00:00
wikipedia_pageviews,Temu_(marketplace),Temu,2026-08-29,74,2026-09-20T17:04:33.418545+00:00
wikipedia_pageviews,Temu_(marketplace),Temu,2026-08-30,47,2026-09-20T17:04:33.418545+00:00
wikipedia_pageviews,Temu_(marketplace),Temu,2026-08-31,68,2026-09-20T17:04:33.418545+00:00
wikipedia_pageviews,Temu_(marketplace),Temu,2026-09-01,66,2026-09-20T17:04:33.418545+00:00
wikipedia_pageviews,Temu_(marketplace),Temu,2026-09-02,66,2026-09-20T17:04:33.418545+00:00
wikipedia_pageviews,Temu_(marketplace),Temu,2026-09-03,67,2026-09-20T17:04:33.418545+00:00
wikipedia_pageviews,Temu_(marketplace),Temu,2026-09-04,53,2026-09-20T17:04:33.418545+00:00
wikipedia_pageviews,Temu_(marketplace),Temu,2026-09-05,35,2026-09-20T17:04:33.418545+00:00
wikipedia_pageviews,Temu_(marketplace),Temu,2026-09-06,38,2026-09-20T17:04:33.418545+00:00
wikipedia_pageviews,Temu_(marketplace),Temu,2026-09-07,42,2026-09-20T17:04:33.418545+00:00
wikipedia_pageviews,Temu_(marketplace),Temu,2026-09-08,61,2026-09-20T17:04:33.418545+00:00
wikipedia_pageviews,Temu_(marketplace),Temu,2026-09-09,51,2026-09-20T17:04:33.418545+00:00
wikipedia_pageviews,Temu_(marketplace),Temu,2026-09-10,48,2026-09-20T17:04:33.418545+00:00
wikipedia_pageviews,Temu_(marketplace),Temu,2026-09-11,47,2026-09-20T17:04:33.418545+00:00
wikipedia_pageviews,Temu_(marketplace),Temu,2026-09-12,39,2026-09-20T17:04:33.418545+00:00
wikipedia_pageviews,Temu_(marketplace),Temu,2026-09-13,51,2026-09-20T17:04:33.418545+00:00
wikipedia_pageviews,Temu_(marketplace),Temu,2026-09-14,50,2026-09-20T17:04:33.418545+00:00
wikipedia_pageviews,Temu_(marketplace),Temu,2026-09-15,55,2026-09-20T17:04:33.418545+00:00
wikipedia_pageviews,Temu_(marketplace),Temu,2026-09-16,40,2026-09-20T17:04:33.418545+00:00
wikipedia_pageviews,Temu_(marketplace),Temu,2026-09-17,62,2026-09-20T17:04:33.418545+00:00
wikipedia_pageviews,Temu_(marketplace),Temu,2026-09-18,47,2026-09-20T17:04:33.418545+00:00
wikipedia_pageviews,Temu_(marketplace),Temu,2026-09-19,53,2026-09-20T17:04:33.418545+00:00
wikipedia_pageviews,Shein,Shein,2026-08-06,1268,2026-09-20T17:04:33.418545+00:00
wikipedia_pageviews,Shein,Shein,2026-08-07,1027,2026-09-20T17:04:33.418545+00:00
wikipedia_pageviews,Shein,Shein,2026-08-08,1124,2026-09-20T17:04:33.418545+00:00
wikipedia_pageviews,Shein,Shein,2026-08-09,1174,2026-09-20T17:04:33.418545+00:00
wikipedia_pageviews,Shein,Shein,2026-08-10,1554,2026-09-20T17:04:33.418545+00:00
wikipedia_pageviews,Shein,Shein,2026-08-11,1368,2026-09-20T17:04:33.418545+00:00
wikipedia_pageviews,Shein,Shein,2026-08-12,1383,2026-09-20T17:04:33.418545+00:00
wikipedia_pageviews,Shein,Shein,2026-08-13,1262,2026-09-20T17:04:33.418545+00:00
wikipedia_pageviews,Shein,Shein,2026-08-14,1136,2026-09-20T17:04:33.418545+00:00
wikipedia_pageviews,Shein,Shein,2026-08-15,1021,2026-09-20T17:04:33.418545+00:00
wikipedia_pageviews,Shein,Shein,2026-08-16,1418,2026-09-20T17:04:33.418545+00:00
wikipedia_pageviews,Shein,Shein,2026-08-17,1636,2026-09-20T17:04:33.418545+00:00
wikipedia_pageviews,Shein,Shein,2026-08-18,1430,2026-09-20T17:04:33.418545+00:00
wikipedia_pageviews,Shein,Shein,2026-08-19,1360,2026-09-20T17:04:33.418545+00:00
wikipedia_pageviews,Shein,Shein,2026-08-20,1279,2026-09-20T17:04:33.418545+00:00
wikipedia_pageviews,Shein,Shein,2026-08-21,1143,2026-09-20T17:04:33.418545+00:00
wikipedia_pageviews,Shein,Shein,2026-08-22,1064,2026-09-20T17:04:33.418545+00:00
wikipedia_pageviews,Shein,Shein,2026-08-23,1061,2026-09-20T17:04:33.418545+00:00
wikipedia_pageviews,Shein,Shein,2026-08-24,2385,2026-09-20T17:04:33.418545+00:00
wikipedia_pageviews,Shein,Shein,2026-08-25,1692,2026-09-20T17:04:33.418545+00:00
wikipedia_pageviews,Shein,Shein,2026-08-26,1284,2026-09-20T17:04:33.418545+00:00
wikipedia_pageviews,Shein,Shein,2026-08-27,1356,2026-09-20T17:04:33.418545+00:00
wikipedia_pageviews,Shein,Shein,2026-08-28,1215,2026-09-20T17:04:33.418545+00:00
wikipedia_pageviews,Shein,Shein,2026-08-29,1339,2026-09-20T17:04:33.418545+00:00
wikipedia_pageviews,Shein,Shein,2026-08-30,2370,2026-09-20T17:04:33.418545+00:00
wikipedia_pageviews,Shein,Shein,2026-08-31,2538,2026-09-20T17:04:33.418545+00:00
wikipedia_pageviews,Shein,Shein,2026-09-01,5296,2026-09-20T17:04:33.418545+00:00
wikipedia_pageviews,Shein,Shein,2026-09-02,1822,2026-09-20T17:04:33.418545+00:00
wikipedia_pageviews,Shein,Shein,2026-09-03,1476,2026-09-20T17:04:33.418545+00:00
wikipedia_pageviews,Shein,Shein,2026-09-04,1247,2026-09-20T17:04:33.418545+00:00
wikipedia_pageviews,Shein,Shein,2026-09-05,1079,2026-09-20T17:04:33.418545+00:00
wikipedia_pageviews,Shein,Shein,2026-09-06,1225,2026-09-20T17:04:33.418545+00:00
wikipedia_pageviews,Shein,Shein,2026-09-07,1436,2026-09-20T17:04:33.418545+00:00
wikipedia_pageviews,Shein,Shein,2026-09-08,1402,2026-09-20T17:04:33.418545+00:00
wikipedia_pageviews,Shein,Shein,2026-09-09,1341,2026-09-20T17:04:33.418545+00:00
wikipedia_pageviews,Shein,Shein,2026-09-10,1314,2026-09-20T17:04:33.418545+00:00
wikipedia_pageviews,Shein,Shein,2026-09-11,1173,2026-09-20T17:04:33.418545+00:00
wikipedia_pageviews,Shein,Shein,2026-09-12,1154,2026-09-20T17:04:33.418545+00:00
wikipedia_pageviews,Shein,Shein,2026-09-13,1201,2026-09-20T17:04:33.418545+00:00
wikipedia_pageviews,Shein,Shein,2026-09-14,1374,2026-09-20T17:04:33.418545+00:00
wikipedia_pageviews,Shein,Shein,2026-09-15,1157,2026-09-20T17:04:33.418545+00:00
wikipedia_pageviews,Shein,Shein,2026-09-16,1176,2026-09-20T17:04:33.418545+00:00
wikipedia_pageviews,Shein,Shein,2026-09-17,1375,2026-09-20T17:04:33.418545+00:00
wikipedia_pageviews,Shein,Shein,2026-09-18,1086,2026-09-20T17:04:33.418545+00:00
wikipedia_pageviews,Shein,Shein,2026-09-19,1071,2026-09-20T17:04:33.418545+00:00
wikipedia_pageviews,AliExpress,AliExpress,2026-08-06,708,2026-09-20T17:04:33.418545+00:00
wikipedia_pageviews,AliExpress,AliExpress,2026-08-07,576,2026-09-20T17:04:33.418545+00:00
wikipedia_pageviews,AliExpress,AliExpress,2026-08-08,570,2026-09-20T17:04:33.418545+00:00
wikipedia_pageviews,AliExpress,AliExpress,2026-08-09,756,2026-09-20T17:04:33.418545+00:00
wikipedia_pageviews,AliExpress,AliExpress,2026-08-10,895,2026-09-20T17:04:33.418545+00:00
wikipedia_pageviews,AliExpress,AliExpress,2026-08-11,817,2026-09-20T17:04:33.418545+00:00
wikipedia_pageviews,AliExpress,AliExpress,2026-08-12,799,2026-09-20T17:04:33.418545+00:00
wikipedia_pageviews,AliExpress,AliExpress,2026-08-13,693,2026-09-20T17:04:33.418545+00:00
wikipedia_pageviews,AliExpress,AliExpress,2026-08-14,576,2026-09-20T17:04:33.418545+00:00
wikipedia_pageviews,AliExpress,AliExpress,2026-08-15,656,2026-09-20T17:04:33.418545+00:00
wikipedia_pageviews,AliExpress,AliExpress,2026-08-16,831,2026-09-20T17:04:33.418545+00:00
wikipedia_pageviews,AliExpress,AliExpress,2026-08-17,893,2026-09-20T17:04:33.418545+00:00
wikipedia_pageviews,AliExpress,AliExpress,2026-08-18,933,2026-09-20T17:04:33.418545+00:00
wikipedia_pageviews,AliExpress,AliExpress,2026-08-19,843,2026-09-20T17:04:33.418545+00:00
wikipedia_pageviews,AliExpress,AliExpress,2026-08-20,812,2026-09-20T17:04:33.418545+00:00
wikipedia_pageviews,AliExpress,AliExpress,2026-08-21,640,2026-09-20T17:04:33.418545+00:00
wikipedia_pageviews,AliExpress,AliExpress,2026-08-22,618,2026-09-20T17:04:33.418545+00:00
wikipedia_pageviews,AliExpress,AliExpress,2026-08-23,784,2026-09-20T17:04:33.418545+00:00
wikipedia_pageviews,AliExpress,AliExpress,2026-08-24,873,2026-09-20T17:04:33.418545+00:00
wikipedia_pageviews,AliExpress,AliExpress,2026-08-25,779,2026-09-20T17:04:33.418545+00:00
wikipedia_pageviews,AliExpress,AliExpress,2026-08-26,769,2026-09-20T17:04:33.418545+00:00
wikipedia_pageviews,AliExpress,AliExpress,2026-08-27,681,2026-09-20T17:04:33.418545+00:00
wikipedia_pageviews,AliExpress,AliExpress,2026-08-28,758,2026-09-20T17:04:33.418545+00:00
wikipedia_pageviews,AliExpress,AliExpress,2026-08-29,730,2026-09-20T17:04:33.418545+00:00
wikipedia_pageviews,AliExpress,AliExpress,2026-08-30,826,2026-09-20T17:04:33.418545+00:00
wikipedia_pageviews,AliExpress,AliExpress,2026-08-31,3686,2026-09-20T17:04:33.418545+00:00
wikipedia_pageviews,AliExpress,AliExpress,2026-09-01,712,2026-09-20T17:04:33.418545+00:00
wikipedia_pageviews,AliExpress,AliExpress,2026-09-02,760,2026-09-20T17:04:33.418545+00:00
wikipedia_pageviews,AliExpress,AliExpress,2026-09-03,728,2026-09-20T17:04:33.418545+00:00
wikipedia_pageviews,AliExpress,AliExpress,2026-09-04,551,2026-09-20T17:04:33.418545+00:00
wikipedia_pageviews,AliExpress,AliExpress,2026-09-05,574,2026-09-20T17:04:33.418545+00:00
wikipedia_pageviews,AliExpress,AliExpress,2026-09-06,909,2026-09-20T17:04:33.418545+00:00
wikipedia_pageviews,AliExpress,AliExpress,2026-09-07,828,2026-09-20T17:04:33.418545+00:00
wikipedia_pageviews,AliExpress,AliExpress,2026-09-08,958,2026-09-20T17:04:33.418545+00:00
wikipedia_pageviews,AliExpress,AliExpress,2026-09-09,861,2026-09-20T17:04:33.418545+00:00
wikipedia_pageviews,AliExpress,AliExpress,2026-09-10,739,2026-09-20T17:04:33.418545+00:00
wikipedia_pageviews,AliExpress,AliExpress,2026-09-11,542,2026-09-20T17:04:33.418545+00:00
wikipedia_pageviews,AliExpress,AliExpress,2026-09-12,541,2026-09-20T17:04:33.418545+00:00
wikipedia_pageviews,AliExpress,AliExpress,2026-09-13,607,2026-09-20T17:04:33.418545+00:00
wikipedia_pageviews,AliExpress,AliExpress,2026-09-14,769,2026-09-20T17:04:33.418545+00:00
wikipedia_pageviews,AliExpress,AliExpress,2026-09-15,781,2026-09-20T17:04:33.418545+00:00
wikipedia_pageviews,AliExpress,AliExpress,2026-09-16,765,2026-09-20T17:04:33.418545+00:00
wikipedia_pageviews,AliExpress,AliExpress,2026-09-17,935,2026-09-20T17:04:33.418545+00:00
wikipedia_pageviews,AliExpress,AliExpress,2026-09-18,759,2026-09-20T17:04:33.418545+00:00
wikipedia_pageviews,AliExpress,AliExpress,2026-09-19,732,2026-09-20T17:04:33.418545+00:00
wikipedia_pageviews,EBay,EBay,2026-08-06,3303,2026-09-20T17:04:33.418545+00:00
wikipedia_pageviews,EBay,EBay,2026-08-07,3111,2026-09-20T17:04:33.418545+00:00
wikipedia_pageviews,EBay,EBay,2026-08-08,2623,2026-09-20T17:04:33.418545+00:00
wikipedia_pageviews,EBay,EBay,2026-08-09,2945,2026-09-20T17:04:33.418545+00:00
wikipedia_pageviews,EBay,EBay,2026-08-10,3689,2026-09-20T17:04:33.418545+00:00
wikipedia_pageviews,EBay,EBay,2026-08-11,3271,2026-09-20T17:04:33.418545+00:00
wikipedia_pageviews,EBay,EBay,2026-08-12,3081,2026-09-20T17:04:33.418545+00:00
wikipedia_pageviews,EBay,EBay,2026-08-13,3089,2026-09-20T17:04:33.418545+00:00
wikipedia_pageviews,EBay,EBay,2026-08-14,3069,2026-09-20T17:04:33.418545+00:00
wikipedia_pageviews,EBay,EBay,2026-08-15,2887,2026-09-20T17:04:33.418545+00:00
wikipedia_pageviews,EBay,EBay,2026-08-16,2694,2026-09-20T17:04:33.418545+00:00
wikipedia_pageviews,EBay,EBay,2026-08-17,5902,2026-09-20T17:04:33.418545+00:00
wikipedia_pageviews,EBay,EBay,2026-08-18,3011,2026-09-20T17:04:33.418545+00:00
wikipedia_pageviews,EBay,EBay,2026-08-19,3129,2026-09-20T17:04:33.418545+00:00
wikipedia_pageviews,EBay,EBay,2026-08-20,2993,2026-09-20T17:04:33.418545+00:00
wikipedia_pageviews,EBay,EBay,2026-08-21,2801,2026-09-20T17:04:33.418545+00:00
wikipedia_pageviews,EBay,EBay,2026-08-22,2458,2026-09-20T17:04:33.418545+00:00
wikipedia_pageviews,EBay,EBay,2026-08-23,3002,2026-09-20T17:04:33.418545+00:00
wikipedia_pageviews,EBay,EBay,2026-08-24,3349,2026-09-20T17:04:33.418545+00:00
wikipedia_pageviews,EBay,EBay,2026-08-25,2955,2026-09-20T17:04:33.418545+00:00
wikipedia_pageviews,EBay,EBay,2026-08-26,2769,2026-09-20T17:04:33.418545+00:00
wikipedia_pageviews,EBay,EBay,2026-08-27,2907,2026-09-20T17:04:33.418545+00:00
wikipedia_pageviews,EBay,EBay,2026-08-28,2753,2026-09-20T17:04:33.418545+00:00
wikipedia_pageviews,EBay,EBay,2026-08-29,2900,2026-09-20T17:04:33.418545+00:00
wikipedia_pageviews,EBay,EBay,2026-08-30,2938,2026-09-20T17:04:33.418545+00:00
wikipedia_pageviews,EBay,EBay,2026-08-31,2615,2026-09-20T17:04:33.418545+00:00
wikipedia_pageviews,EBay,EBay,2026-09-01,2870,2026-09-20T17:04:33.418545+00:00
wikipedia_pageviews,EBay,EBay,2026-09-02,2925,2026-09-20T17:04:33.418545+00:00
wikipedia_pageviews,EBay,EBay,2026-09-03,2761,2026-09-20T17:04:33.418545+00:00
wikipedia_pageviews,EBay,EBay,2026-09-04,2473,2026-09-20T17:04:33.418545+00:00
wikipedia_pageviews,EBay,EBay,2026-09-05,2322,2026-09-20T17:04:33.418545+00:00
wikipedia_pageviews,EBay,EBay,2026-09-06,2808,2026-09-20T17:04:33.418545+00:00
wikipedia_pageviews,EBay,EBay,2026-09-07,2786,2026-09-20T17:04:33.418545+00:00
wikipedia_pageviews,EBay,EBay,2026-09-08,2805,2026-09-20T17:04:33.418545+00:00
wikipedia_pageviews,EBay,EBay,2026-09-09,2676,2026-09-20T17:04:33.418545+00:00
wikipedia_pageviews,EBay,EBay,2026-09-10,2648,2026-09-20T17:04:33.418545+00:00
wikipedia_pageviews,EBay,EBay,2026-09-11,2489,2026-09-20T17:04:33.418545+00:00
wikipedia_pageviews,EBay,EBay,2026-09-12,2175,2026-09-20T17:04:33.418545+00:00
wikipedia_pageviews,EBay,EBay,2026-09-13,2416,2026-09-20T17:04:33.418545+00:00
wikipedia_pageviews,EBay,EBay,2026-09-14,2384,2026-09-20T17:04:33.418545+00:00
wikipedia_pageviews,EBay,EBay,2026-09-15,2417,2026-09-20T17:04:33.418545+00:00
wikipedia_pageviews,EBay,EBay,2026-09-16,2372,2026-09-20T17:04:33.418545+00:00
wikipedia_pageviews,EBay,EBay,2026-09-17,2529,2026-09-20T17:04:33.418545+00:00
wikipedia_pageviews,EBay,EBay,2026-09-18,2578,2026-09-20T17:04:33.418545+00:00
wikipedia_pageviews,EBay,EBay,2026-09-19,2074,2026-09-20T17:04:33.418545+00:00
wikipedia_pageviews,Uber,Uber,2026-08-06,2095,2026-09-20T17:04:33.418545+00:00
wikipedia_pageviews,Uber,Uber,2026-08-07,1938,2026-09-20T17:04:33.418545+00:00
wikipedia_pageviews,Uber,Uber,2026-08-08,1755,2026-09-20T17:04:33.418545+00:00
wikipedia_pageviews,Uber,Uber,2026-08-09,1775,2026-09-20T17:04:33.418545+00:00
wikipedia_pageviews,Uber,Uber,2026-08-10,1763,2026-09-20T17:04:33.418545+00:00
wikipedia_pageviews,Uber,Uber,2026-08-11,2041,2026-09-20T17:04:33.418545+00:00
wikipedia_pageviews,Uber,Uber,2026-08-12,1949,2026-09-20T17:04:33.418545+00:00
wikipedia_pageviews,Uber,Uber,2026-08-13,2670,2026-09-20T17:04:33.418545+00:00
wikipedia_pageviews,Uber,Uber,2026-08-14,1882,2026-09-20T17:04:33.418545+00:00
wikipedia_pageviews,Uber,Uber,2026-08-15,1811,2026-09-20T17:04:33.418545+00:00
wikipedia_pageviews,Uber,Uber,2026-08-16,1958,2026-09-20T17:04:33.418545+00:00
wikipedia_pageviews,Uber,Uber,2026-08-17,2350,2026-09-20T17:04:33.418545+00:00
wikipedia_pageviews,Uber,Uber,2026-08-18,1866,2026-09-20T17:04:33.418545+00:00
wikipedia_pageviews,Uber,Uber,2026-08-19,2300,2026-09-20T17:04:33.418545+00:00
wikipedia_pageviews,Uber,Uber,2026-08-20,2046,2026-09-20T17:04:33.418545+00:00
wikipedia_pageviews,Uber,Uber,2026-08-21,2103,2026-09-20T17:04:33.418545+00:00
wikipedia_pageviews,Uber,Uber,2026-08-22,2135,2026-09-20T17:04:33.418545+00:00
wikipedia_pageviews,Uber,Uber,2026-08-23,1894,2026-09-20T17:04:33.418545+00:00
wikipedia_pageviews,Uber,Uber,2026-08-24,2170,2026-09-20T17:04:33.418545+00:00
wikipedia_pageviews,Uber,Uber,2026-08-25,2033,2026-09-20T17:04:33.418545+00:00
wikipedia_pageviews,Uber,Uber,2026-08-26,1944,2026-09-20T17:04:33.418545+00:00
wikipedia_pageviews,Uber,Uber,2026-08-27,2073,2026-09-20T17:04:33.418545+00:00
wikipedia_pageviews,Uber,Uber,2026-08-28,2224,2026-09-20T17:04:33.418545+00:00
wikipedia_pageviews,Uber,Uber,2026-08-29,2133,2026-09-20T17:04:33.418545+00:00
wikipedia_pageviews,Uber,Uber,2026-08-30,2138,2026-09-20T17:04:33.418545+00:00
wikipedia_pageviews,Uber,Uber,2026-08-31,2022,2026-09-20T17:04:33.418545+00:00
wikipedia_pageviews,Uber,Uber,2026-09-01,2224,2026-09-20T17:04:33.418545+00:00
wikipedia_pageviews,Uber,Uber,2026-09-02,3456,2026-09-20T17:04:33.418545+00:00
wikipedia_pageviews,Uber,Uber,2026-09-03,3545,2026-09-20T17:04:33.418545+00:00
wikipedia_pageviews,Uber,Uber,2026-09-04,2420,2026-09-20T17:04:33.418545+00:00
wikipedia_pageviews,Uber,Uber,2026-09-05,2056,2026-09-20T17:04:33.418545+00:00
wikipedia_pageviews,Uber,Uber,2026-09-06,1942,2026-09-20T17:04:33.418545+00:00
wikipedia_pageviews,Uber,Uber,2026-09-07,2178,2026-09-20T17:04:33.418545+00:00
wikipedia_pageviews,Uber,Uber,2026-09-08,2199,2026-09-20T17:04:33.418545+00:00
wikipedia_pageviews,Uber,Uber,2026-09-09,2338,2026-09-20T17:04:33.418545+00:00
wikipedia_pageviews,Uber,Uber,2026-09-10,2322,2026-09-20T17:04:33.418545+00:00
wikipedia_pageviews,Uber,Uber,2026-09-11,2040,2026-09-20T17:04:33.418545+00:00
wikipedia_pageviews,Uber,Uber,2026-09-12,1955,2026-09-20T17:04:33.418545+00:00
wikipedia_pageviews,Uber,Uber,2026-09-13,1846,2026-09-20T17:04:33.418545+00:00
wikipedia_pageviews,Uber,Uber,2026-09-14,2051,2026-09-20T17:04:33.418545+00:00
wikipedia_pageviews,Uber,Uber,2026-09-15,1954,2026-09-20T17:04:33.418545+00:00
wikipedia_pageviews,Uber,Uber,2026-09-16,2224,2026-09-20T17:04:33.418545+00:00
wikipedia_pageviews,Uber,Uber,2026-09-17,2419,2026-09-20T17:04:33.418545+00:00
wikipedia_pageviews,Uber,Uber,2026-09-18,3094,2026-09-20T17:04:33.418545+00:00
wikipedia_pageviews,Uber,Uber,2026-09-19,2225,2026-09-20T17:04:33.418545+00:00
wikipedia_pageviews,Ola_Cabs,Ola Cabs,2026-08-06,51,2026-09-20T17:04:33.418545+00:00
wikipedia_pageviews,Ola_Cabs,Ola Cabs,2026-08-07,42,2026-09-20T17:04:33.418545+00:00
wikipedia_pageviews,Ola_Cabs,Ola Cabs,2026-08-08,60,2026-09-20T17:04:33.418545+00:00
wikipedia_pageviews,Ola_Cabs,Ola Cabs,2026-08-09,48,2026-09-20T17:04:33.418545+00:00
wikipedia_pageviews,Ola_Cabs,Ola Cabs,2026-08-10,52,2026-09-20T17:04:33.418545+00:00
wikipedia_pageviews,Ola_Cabs,Ola Cabs,2026-08-11,55,2026-09-20T17:04:33.418545+00:00
wikipedia_pageviews,Ola_Cabs,Ola Cabs,2026-08-12,42,2026-09-20T17:04:33.418545+00:00
wikipedia_pageviews,Ola_Cabs,Ola Cabs,2026-08-13,53,2026-09-20T17:04:33.418545+00:00
wikipedia_pageviews,Ola_Cabs,Ola Cabs,2026-08-14,58,2026-09-20T17:04:33.418545+00:00
wikipedia_pageviews,Ola_Cabs,Ola Cabs,2026-08-15,105,2026-09-20T17:04:33.418545+00:00
wikipedia_pageviews,Ola_Cabs,Ola Cabs,2026-08-16,62,2026-09-20T17:04:33.418545+00:00
wikipedia_pageviews,Ola_Cabs,Ola Cabs,2026-08-17,65,2026-09-20T17:04:33.418545+00:00
wikipedia_pageviews,Ola_Cabs,Ola Cabs,2026-08-18,76,2026-09-20T17:04:33.418545+00:00
wikipedia_pageviews,Ola_Cabs,Ola Cabs,2026-08-19,52,2026-09-20T17:04:33.418545+00:00
wikipedia_pageviews,Ola_Cabs,Ola Cabs,2026-08-20,106,2026-09-20T17:04:33.418545+00:00
wikipedia_pageviews,Ola_Cabs,Ola Cabs,2026-08-21,58,2026-09-20T17:04:33.418545+00:00
wikipedia_pageviews,Ola_Cabs,Ola Cabs,2026-08-22,43,2026-09-20T17:04:33.418545+00:00
wikipedia_pageviews,Ola_Cabs,Ola Cabs,2026-08-23,49,2026-09-20T17:04:33.418545+00:00
wikipedia_pageviews,Ola_Cabs,Ola Cabs,2026-08-24,51,2026-09-20T17:04:33.418545+00:00
wikipedia_pageviews,Ola_Cabs,Ola Cabs,2026-08-25,53,2026-09-20T17:04:33.418545+00:00
wikipedia_pageviews,Ola_Cabs,Ola Cabs,2026-08-26,54,2026-09-20T17:04:33.418545+00:00
wikipedia_pageviews,Ola_Cabs,Ola Cabs,2026-08-27,47,2026-09-20T17:04:33.418545+00:00
wikipedia_pageviews,Ola_Cabs,Ola Cabs,2026-08-28,55,2026-09-20T17:04:33.418545+00:00
wikipedia_pageviews,Ola_Cabs,Ola Cabs,2026-08-29,55,2026-09-20T17:04:33.418545+00:00
wikipedia_pageviews,Ola_Cabs,Ola Cabs,2026-08-30,62,2026-09-20T17:04:33.418545+00:00
wikipedia_pageviews,Ola_Cabs,Ola Cabs,2026-08-31,33,2026-09-20T17:04:33.418545+00:00
wikipedia_pageviews,Ola_Cabs,Ola Cabs,2026-09-01,58,2026-09-20T17:04:33.418545+00:00
wikipedia_pageviews,Ola_Cabs,Ola Cabs,2026-09-02,75,2026-09-20T17:04:33.418545+00:00
wikipedia_pageviews,Ola_Cabs,Ola Cabs,2026-09-03,61,2026-09-20T17:04:33.418545+00:00
wikipedia_pageviews,Ola_Cabs,Ola Cabs,2026-09-04,53,2026-09-20T17:04:33.418545+00:00
wikipedia_pageviews,Ola_Cabs,Ola Cabs,2026-09-05,47,2026-09-20T17:04:33.418545+00:00
wikipedia_pageviews,Ola_Cabs,Ola Cabs,2026-09-06,55,2026-09-20T17:04:33.418545+00:00
wikipedia_pageviews,Ola_Cabs,Ola Cabs,2026-09-07,64,2026-09-20T17:04:33.418545+00:00
wikipedia_pageviews,Ola_Cabs,Ola Cabs,2026-09-08,54,2026-09-20T17:04:33.418545+00:00
wikipedia_pageviews,Ola_Cabs,Ola Cabs,2026-09-09,59,2026-09-20T17:04:33.418545+00:00
wikipedia_pageviews,Ola_Cabs,Ola Cabs,2026-09-10,72,2026-09-20T17:04:33.418545+00:00
wikipedia_pageviews,Ola_Cabs,Ola Cabs,2026-09-11,47,2026-09-20T17:04:33.418545+00:00
wikipedia_pageviews,Ola_Cabs,Ola Cabs,2026-09-12,42,2026-09-20T17:04:33.418545+00:00
wikipedia_pageviews,Ola_Cabs,Ola Cabs,2026-09-13,66,2026-09-20T17:04:33.418545+00:00
wikipedia_pageviews,Ola_Cabs,Ola Cabs,2026-09-14,50,2026-09-20T17:04:33.418545+00:00
wikipedia_pageviews,Ola_Cabs,Ola Cabs,2026-09-15,29,2026-09-20T17:04:33.418545+00:00
wikipedia_pageviews,Ola_Cabs,Ola Cabs,2026-09-16,61,2026-09-20T17:04:33.418545+00:00
wikipedia_pageviews,Ola_Cabs,Ola Cabs,2026-09-17,42,2026-09-20T17:04:33.418545+00:00
wikipedia_pageviews,Ola_Cabs,Ola Cabs,2026-09-18,53,2026-09-20T17:04:33.418545+00:00
wikipedia_pageviews,Ola_Cabs,Ola Cabs,2026-09-19,44,2026-09-20T17:04:33.418545+00:00
wikipedia_pageviews,Lyft,Lyft,2026-08-06,452,2026-09-20T17:04:33.418545+00:00
wikipedia_pageviews,Lyft,Lyft,2026-08-07,711,2026-09-20T17:04:33.418545+00:00
wikipedia_pageviews,Lyft,Lyft,2026-08-08,486,2026-09-20T17:04:33.418545+00:00
wikipedia_pageviews,Lyft,Lyft,2026-08-09,432,2026-09-20T17:04:33.418545+00:00
wikipedia_pageviews,Lyft,Lyft,2026-08-10,410,2026-09-20T17:04:33.418545+00:00
wikipedia_pageviews,Lyft,Lyft,2026-08-11,420,2026-09-20T17:04:33.418545+00:00
wikipedia_pageviews,Lyft,Lyft,2026-08-12,474,2026-09-20T17:04:33.418545+00:00
wikipedia_pageviews,Lyft,Lyft,2026-08-13,470,2026-09-20T17:04:33.418545+00:00
wikipedia_pageviews,Lyft,Lyft,2026-08-14,517,2026-09-20T17:04:33.418545+00:00
wikipedia_pageviews,Lyft,Lyft,2026-08-15,436,2026-09-20T17:04:33.418545+00:00
wikipedia_pageviews,Lyft,Lyft,2026-08-16,486,2026-09-20T17:04:33.418545+00:00
wikipedia_pageviews,Lyft,Lyft,2026-08-17,519,2026-09-20T17:04:33.418545+00:00
wikipedia_pageviews,Lyft,Lyft,2026-08-18,426,2026-09-20T17:04:33.418545+00:00
wikipedia_pageviews,Lyft,Lyft,2026-08-19,1044,2026-09-20T17:04:33.418545+00:00
wikipedia_pageviews,Lyft,Lyft,2026-08-20,584,2026-09-20T17:04:33.418545+00:00
wikipedia_pageviews,Lyft,Lyft,2026-08-21,759,2026-09-20T17:04:33.418545+00:00
wikipedia_pageviews,Lyft,Lyft,2026-08-22,462,2026-09-20T17:04:33.418545+00:00
wikipedia_pageviews,Lyft,Lyft,2026-08-23,491,2026-09-20T17:04:33.418545+00:00
wikipedia_pageviews,Lyft,Lyft,2026-08-24,480,2026-09-20T17:04:33.418545+00:00
wikipedia_pageviews,Lyft,Lyft,2026-08-25,492,2026-09-20T17:04:33.418545+00:00
wikipedia_pageviews,Lyft,Lyft,2026-08-26,522,2026-09-20T17:04:33.418545+00:00
wikipedia_pageviews,Lyft,Lyft,2026-08-27,623,2026-09-20T17:04:33.418545+00:00
wikipedia_pageviews,Lyft,Lyft,2026-08-28,751,2026-09-20T17:04:33.418545+00:00
wikipedia_pageviews,Lyft,Lyft,2026-08-29,704,2026-09-20T17:04:33.418545+00:00
wikipedia_pageviews,Lyft,Lyft,2026-08-30,704,2026-09-20T17:04:33.418545+00:00
wikipedia_pageviews,Lyft,Lyft,2026-08-31,675,2026-09-20T17:04:33.418545+00:00
wikipedia_pageviews,Lyft,Lyft,2026-09-01,847,2026-09-20T17:04:33.418545+00:00
wikipedia_pageviews,Lyft,Lyft,2026-09-02,729,2026-09-20T17:04:33.418545+00:00
wikipedia_pageviews,Lyft,Lyft,2026-09-03,709,2026-09-20T17:04:33.418545+00:00
wikipedia_pageviews,Lyft,Lyft,2026-09-04,632,2026-09-20T17:04:33.418545+00:00
wikipedia_pageviews,Lyft,Lyft,2026-09-05,497,2026-09-20T17:04:33.418545+00:00
wikipedia_pageviews,Lyft,Lyft,2026-09-06,563,2026-09-20T17:04:33.418545+00:00
wikipedia_pageviews,Lyft,Lyft,2026-09-07,580,2026-09-20T17:04:33.418545+00:00
wikipedia_pageviews,Lyft,Lyft,2026-09-08,578,2026-09-20T17:04:33.418545+00:00
wikipedia_pageviews,Lyft,Lyft,2026-09-09,474,2026-09-20T17:04:33.418545+00:00
wikipedia_pageviews,Lyft,Lyft,2026-09-10,543,2026-09-20T17:04:33.418545+00:00
wikipedia_pageviews,Lyft,Lyft,2026-09-11,555,2026-09-20T17:04:33.418545+00:00
wikipedia_pageviews,Lyft,Lyft,2026-09-12,484,2026-09-20T17:04:33.418545+00:00
wikipedia_pageviews,Lyft,Lyft,2026-09-13,473,2026-09-20T17:04:33.418545+00:00
wikipedia_pageviews,Lyft,Lyft,2026-09-14,511,2026-09-20T17:04:33.418545+00:00
wikipedia_pageviews,Lyft,Lyft,2026-09-15,531,2026-09-20T17:04:33.418545+00:00
wikipedia_pageviews,Lyft,Lyft,2026-09-16,514,2026-09-20T17:04:33.418545+00:00
wikipedia_pageviews,Lyft,Lyft,2026-09-17,500,2026-09-20T17:04:33.418545+00:00
wikipedia_pageviews,Lyft,Lyft,2026-09-18,466,2026-09-20T17:04:33.418545+00:00
wikipedia_pageviews,Lyft,Lyft,2026-09-19,442,2026-09-20T17:04:33.418545+00:00
wikipedia_pageviews,IndiGo,IndiGo,2026-08-06,2856,2026-09-20T17:04:33.418545+00:00
wikipedia_pageviews,IndiGo,IndiGo,2026-08-07,2632,2026-09-20T17:04:33.418545+00:00
wikipedia_pageviews,IndiGo,IndiGo,2026-08-08,2169,2026-09-20T17:04:33.418545+00:00
wikipedia_pageviews,IndiGo,IndiGo,2026-08-09,2161,2026-09-20T17:04:33.418545+00:00
wikipedia_pageviews,IndiGo,IndiGo,2026-08-10,2571,2026-09-20T17:04:33.418545+00:00
wikipedia_pageviews,IndiGo,IndiGo,2026-08-11,2332,2026-09-20T17:04:33.418545+00:00
wikipedia_pageviews,IndiGo,IndiGo,2026-08-12,2386,2026-09-20T17:04:33.418545+00:00
wikipedia_pageviews,IndiGo,IndiGo,2026-08-13,1994,2026-09-20T17:04:33.418545+00:00
wikipedia_pageviews,IndiGo,IndiGo,2026-08-14,2821,2026-09-20T17:04:33.418545+00:00
wikipedia_pageviews,IndiGo,IndiGo,2026-08-15,2297,2026-09-20T17:04:33.418545+00:00
wikipedia_pageviews,IndiGo,IndiGo,2026-08-16,2290,2026-09-20T17:04:33.418545+00:00
wikipedia_pageviews,IndiGo,IndiGo,2026-08-17,2737,2026-09-20T17:04:33.418545+00:00
wikipedia_pageviews,IndiGo,IndiGo,2026-08-18,2521,2026-09-20T17:04:33.418545+00:00
wikipedia_pageviews,IndiGo,IndiGo,2026-08-19,3165,2026-09-20T17:04:33.418545+00:00
wikipedia_pageviews,IndiGo,IndiGo,2026-08-20,2585,2026-09-20T17:04:33.418545+00:00
wikipedia_pageviews,IndiGo,IndiGo,2026-08-21,2927,2026-09-20T17:04:33.418545+00:00
wikipedia_pageviews,IndiGo,IndiGo,2026-08-22,2231,2026-09-20T17:04:33.418545+00:00
wikipedia_pageviews,IndiGo,IndiGo,2026-08-23,2194,2026-09-20T17:04:33.418545+00:00
wikipedia_pageviews,IndiGo,IndiGo,2026-08-24,2669,2026-09-20T17:04:33.418545+00:00
wikipedia_pageviews,IndiGo,IndiGo,2026-08-25,2855,2026-09-20T17:04:33.418545+00:00
wikipedia_pageviews,IndiGo,IndiGo,2026-08-26,2800,2026-09-20T17:04:33.418545+00:00
wikipedia_pageviews,IndiGo,IndiGo,2026-08-27,2236,2026-09-20T17:04:33.418545+00:00
wikipedia_pageviews,IndiGo,IndiGo,2026-08-28,1834,2026-09-20T17:04:33.418545+00:00
wikipedia_pageviews,IndiGo,IndiGo,2026-08-29,1878,2026-09-20T17:04:33.418545+00:00
wikipedia_pageviews,IndiGo,IndiGo,2026-08-30,1941,2026-09-20T17:04:33.418545+00:00
wikipedia_pageviews,IndiGo,IndiGo,2026-08-31,2332,2026-09-20T17:04:33.418545+00:00
wikipedia_pageviews,IndiGo,IndiGo,2026-09-01,2430,2026-09-20T17:04:33.418545+00:00
wikipedia_pageviews,IndiGo,IndiGo,2026-09-02,2364,2026-09-20T17:04:33.418545+00:00
wikipedia_pageviews,IndiGo,IndiGo,2026-09-03,2693,2026-09-20T17:04:33.418545+00:00
wikipedia_pageviews,IndiGo,IndiGo,2026-09-04,2793,2026-09-20T17:04:33.418545+00:00
wikipedia_pageviews,IndiGo,IndiGo,2026-09-05,2575,2026-09-20T17:04:33.418545+00:00
wikipedia_pageviews,IndiGo,IndiGo,2026-09-06,2752,2026-09-20T17:04:33.418545+00:00
wikipedia_pageviews,IndiGo,IndiGo,2026-09-07,2913,2026-09-20T17:04:33.418545+00:00
wikipedia_pageviews,IndiGo,IndiGo,2026-09-08,3028,2026-09-20T17:04:33.418545+00:00
wikipedia_pageviews,IndiGo,IndiGo,2026-09-09,2824,2026-09-20T17:04:33.418545+00:00
wikipedia_pageviews,IndiGo,IndiGo,2026-09-10,2839,2026-09-20T17:04:33.418545+00:00
wikipedia_pageviews,IndiGo,IndiGo,2026-09-11,2712,2026-09-20T17:04:33.418545+00:00
wikipedia_pageviews,IndiGo,IndiGo,2026-09-12,2590,2026-09-20T17:04:33.418545+00:00
wikipedia_pageviews,IndiGo,IndiGo,2026-09-13,2519,2026-09-20T17:04:33.418545+00:00
wikipedia_pageviews,IndiGo,IndiGo,2026-09-14,2539,2026-09-20T17:04:33.418545+00:00
wikipedia_pageviews,IndiGo,IndiGo,2026-09-15,2799,2026-09-20T17:04:33.418545+00:00
wikipedia_pageviews,IndiGo,IndiGo,2026-09-16,2679,2026-09-20T17:04:33.418545+00:00
wikipedia_pageviews,IndiGo,IndiGo,2026-09-17,2510,2026-09-20T17:04:33.418545+00:00
wikipedia_pageviews,IndiGo,IndiGo,2026-09-18,2490,2026-09-20T17:04:33.418545+00:00
wikipedia_pageviews,IndiGo,IndiGo,2026-09-19,2292,2026-09-20T17:04:33.418545+00:00
wikipedia_pageviews,United_Airlines,United Airlines,2026-08-06,3786,2026-09-20T17:04:33.418545+00:00
wikipedia_pageviews,United_Airlines,United Airlines,2026-08-07,3855,2026-09-20T17:04:33.418545+00:00
wikipedia_pageviews,United_Airlines,United Airlines,2026-08-08,3465,2026-09-20T17:04:33.418545+00:00
wikipedia_pageviews,United_Airlines,United Airlines,2026-08-09,3675,2026-09-20T17:04:33.418545+00:00
wikipedia_pageviews,United_Airlines,United Airlines,2026-08-10,4004,2026-09-20T17:04:33.418545+00:00
wikipedia_pageviews,United_Airlines,United Airlines,2026-08-11,3920,2026-09-20T17:04:33.418545+00:00
wikipedia_pageviews,United_Airlines,United Airlines,2026-08-12,3999,2026-09-20T17:04:33.418545+00:00
wikipedia_pageviews,United_Airlines,United Airlines,2026-08-13,3608,2026-09-20T17:04:33.418545+00:00
wikipedia_pageviews,United_Airlines,United Airlines,2026-08-14,3850,2026-09-20T17:04:33.418545+00:00
wikipedia_pageviews,United_Airlines,United Airlines,2026-08-15,3317,2026-09-20T17:04:33.418545+00:00
wikipedia_pageviews,United_Airlines,United Airlines,2026-08-16,3655,2026-09-20T17:04:33.418545+00:00
wikipedia_pageviews,United_Airlines,United Airlines,2026-08-17,4926,2026-09-20T17:04:33.418545+00:00
wikipedia_pageviews,United_Airlines,United Airlines,2026-08-18,3821,2026-09-20T17:04:33.418545+00:00
wikipedia_pageviews,United_Airlines,United Airlines,2026-08-19,3796,2026-09-20T17:04:33.418545+00:00
wikipedia_pageviews,United_Airlines,United Airlines,2026-08-20,4210,2026-09-20T17:04:33.418545+00:00
wikipedia_pageviews,United_Airlines,United Airlines,2026-08-21,3679,2026-09-20T17:04:33.418545+00:00
wikipedia_pageviews,United_Airlines,United Airlines,2026-08-22,3237,2026-09-20T17:04:33.418545+00:00
wikipedia_pageviews,United_Airlines,United Airlines,2026-08-23,3469,2026-09-20T17:04:33.418545+00:00
wikipedia_pageviews,United_Airlines,United Airlines,2026-08-24,4387,2026-09-20T17:04:33.418545+00:00
wikipedia_pageviews,United_Airlines,United Airlines,2026-08-25,5187,2026-09-20T17:04:33.418545+00:00
wikipedia_pageviews,United_Airlines,United Airlines,2026-08-26,4623,2026-09-20T17:04:33.418545+00:00
wikipedia_pageviews,United_Airlines,United Airlines,2026-08-27,4009,2026-09-20T17:04:33.418545+00:00
wikipedia_pageviews,United_Airlines,United Airlines,2026-08-28,3725,2026-09-20T17:04:33.418545+00:00
wikipedia_pageviews,United_Airlines,United Airlines,2026-08-29,3421,2026-09-20T17:04:33.418545+00:00
wikipedia_pageviews,United_Airlines,United Airlines,2026-08-30,3325,2026-09-20T17:04:33.418545+00:00
wikipedia_pageviews,United_Airlines,United Airlines,2026-08-31,4117,2026-09-20T17:04:33.418545+00:00
wikipedia_pageviews,United_Airlines,United Airlines,2026-09-01,4060,2026-09-20T17:04:33.418545+00:00
wikipedia_pageviews,United_Airlines,United Airlines,2026-09-02,4078,2026-09-20T17:04:33.418545+00:00
wikipedia_pageviews,United_Airlines,United Airlines,2026-09-03,3951,2026-09-20T17:04:33.418545+00:00
wikipedia_pageviews,United_Airlines,United Airlines,2026-09-04,3627,2026-09-20T17:04:33.418545+00:00
wikipedia_pageviews,United_Airlines,United Airlines,2026-09-05,3340,2026-09-20T17:04:33.418545+00:00
wikipedia_pageviews,United_Airlines,United Airlines,2026-09-06,3047,2026-09-20T17:04:33.418545+00:00
wikipedia_pageviews,United_Airlines,United Airlines,2026-09-07,3672,2026-09-20T17:04:33.418545+00:00
wikipedia_pageviews,United_Airlines,United Airlines,2026-09-08,3863,2026-09-20T17:04:33.418545+00:00
wikipedia_pageviews,United_Airlines,United Airlines,2026-09-09,3769,2026-09-20T17:04:33.418545+00:00
wikipedia_pageviews,United_Airlines,United Airlines,2026-09-10,3570,2026-09-20T17:04:33.418545+00:00
wikipedia_pageviews,United_Airlines,United Airlines,2026-09-11,4619,2026-09-20T17:04:33.418545+00:00
wikipedia_pageviews,United_Airlines,United Airlines,2026-09-12,4214,2026-09-20T17:04:33.418545+00:00
wikipedia_pageviews,United_Airlines,United Airlines,2026-09-13,3662,2026-09-20T17:04:33.418545+00:00
wikipedia_pageviews,United_Airlines,United Airlines,2026-09-14,3850,2026-09-20T17:04:33.418545+00:00
wikipedia_pageviews,United_Airlines,United Airlines,2026-09-15,3914,2026-09-20T17:04:33.418545+00:00
wikipedia_pageviews,United_Airlines,United Airlines,2026-09-16,3802,2026-09-20T17:04:33.418545+00:00
wikipedia_pageviews,United_Airlines,United Airlines,2026-09-17,3741,2026-09-20T17:04:33.418545+00:00
wikipedia_pageviews,United_Airlines,United Airlines,2026-09-18,3645,2026-09-20T17:04:33.418545+00:00
wikipedia_pageviews,United_Airlines,United Airlines,2026-09-19,3395,2026-09-20T17:04:33.418545+00:00
wikipedia_pageviews,Delta_Air_Lines,Delta Air Lines,2026-08-06,3544,2026-09-20T17:04:33.418545+00:00
wikipedia_pageviews,Delta_Air_Lines,Delta Air Lines,2026-08-07,3379,2026-09-20T17:04:33.418545+00:00
wikipedia_pageviews,Delta_Air_Lines,Delta Air Lines,2026-08-08,3121,2026-09-20T17:04:33.418545+00:00
wikipedia_pageviews,Delta_Air_Lines,Delta Air Lines,2026-08-09,3135,2026-09-20T17:04:33.418545+00:00
wikipedia_pageviews,Delta_Air_Lines,Delta Air Lines,2026-08-10,3261,2026-09-20T17:04:33.418545+00:00
wikipedia_pageviews,Delta_Air_Lines,Delta Air Lines,2026-08-11,3255,2026-09-20T17:04:33.418545+00:00
wikipedia_pageviews,Delta_Air_Lines,Delta Air Lines,2026-08-12,2994,2026-09-20T17:04:33.418545+00:00
wikipedia_pageviews,Delta_Air_Lines,Delta Air Lines,2026-08-13,4035,2026-09-20T17:04:33.418545+00:00
wikipedia_pageviews,Delta_Air_Lines,Delta Air Lines,2026-08-14,12046,2026-09-20T17:04:33.418545+00:00
wikipedia_pageviews,Delta_Air_Lines,Delta Air Lines,2026-08-15,4006,2026-09-20T17:04:33.418545+00:00
wikipedia_pageviews,Delta_Air_Lines,Delta Air Lines,2026-08-16,3154,2026-09-20T17:04:33.418545+00:00
wikipedia_pageviews,Delta_Air_Lines,Delta Air Lines,2026-08-17,3408,2026-09-20T17:04:33.418545+00:00
wikipedia_pageviews,Delta_Air_Lines,Delta Air Lines,2026-08-18,3170,2026-09-20T17:04:33.418545+00:00
wikipedia_pageviews,Delta_Air_Lines,Delta Air Lines,2026-08-19,3793,2026-09-20T17:04:33.418545+00:00
wikipedia_pageviews,Delta_Air_Lines,Delta Air Lines,2026-08-20,3124,2026-09-20T17:04:33.418545+00:00
wikipedia_pageviews,Delta_Air_Lines,Delta Air Lines,2026-08-21,3520,2026-09-20T17:04:33.418545+00:00
wikipedia_pageviews,Delta_Air_Lines,Delta Air Lines,2026-08-22,2941,2026-09-20T17:04:33.418545+00:00
wikipedia_pageviews,Delta_Air_Lines,Delta Air Lines,2026-08-23,3632,2026-09-20T17:04:33.418545+00:00
wikipedia_pageviews,Delta_Air_Lines,Delta Air Lines,2026-08-24,3362,2026-09-20T17:04:33.418545+00:00
wikipedia_pageviews,Delta_Air_Lines,Delta Air Lines,2026-08-25,3451,2026-09-20T17:04:33.418545+00:00
wikipedia_pageviews,Delta_Air_Lines,Delta Air Lines,2026-08-26,3290,2026-09-20T17:04:33.418545+00:00
wikipedia_pageviews,Delta_Air_Lines,Delta Air Lines,2026-08-27,3174,2026-09-20T17:04:33.418545+00:00
wikipedia_pageviews,Delta_Air_Lines,Delta Air Lines,2026-08-28,2853,2026-09-20T17:04:33.418545+00:00
wikipedia_pageviews,Delta_Air_Lines,Delta Air Lines,2026-08-29,2750,2026-09-20T17:04:33.418545+00:00
wikipedia_pageviews,Delta_Air_Lines,Delta Air Lines,2026-08-30,2937,2026-09-20T17:04:33.418545+00:00
wikipedia_pageviews,Delta_Air_Lines,Delta Air Lines,2026-08-31,3082,2026-09-20T17:04:33.418545+00:00
wikipedia_pageviews,Delta_Air_Lines,Delta Air Lines,2026-09-01,2962,2026-09-20T17:04:33.418545+00:00
wikipedia_pageviews,Delta_Air_Lines,Delta Air Lines,2026-09-02,3121,2026-09-20T17:04:33.418545+00:00
wikipedia_pageviews,Delta_Air_Lines,Delta Air Lines,2026-09-03,3012,2026-09-20T17:04:33.418545+00:00
wikipedia_pageviews,Delta_Air_Lines,Delta Air Lines,2026-09-04,2879,2026-09-20T17:04:33.418545+00:00
wikipedia_pageviews,Delta_Air_Lines,Delta Air Lines,2026-09-05,2663,2026-09-20T17:04:33.418545+00:00
wikipedia_pageviews,Delta_Air_Lines,Delta Air Lines,2026-09-06,2804,2026-09-20T17:04:33.418545+00:00
wikipedia_pageviews,Delta_Air_Lines,Delta Air Lines,2026-09-07,2904,2026-09-20T17:04:33.418545+00:00
wikipedia_pageviews,Delta_Air_Lines,Delta Air Lines,2026-09-08,3227,2026-09-20T17:04:33.418545+00:00
wikipedia_pageviews,Delta_Air_Lines,Delta Air Lines,2026-09-09,3128,2026-09-20T17:04:33.418545+00:00
wikipedia_pageviews,Delta_Air_Lines,Delta Air Lines,2026-09-10,3165,2026-09-20T17:04:33.418545+00:00
wikipedia_pageviews,Delta_Air_Lines,Delta Air Lines,2026-09-11,3224,2026-09-20T17:04:33.418545+00:00
wikipedia_pageviews,Delta_Air_Lines,Delta Air Lines,2026-09-12,2986,2026-09-20T17:04:33.418545+00:00
wikipedia_pageviews,Delta_Air_Lines,Delta Air Lines,2026-09-13,2956,2026-09-20T17:04:33.418545+00:00
wikipedia_pageviews,Delta_Air_Lines,Delta Air Lines,2026-09-14,3419,2026-09-20T17:04:33.418545+00:00
wikipedia_pageviews,Delta_Air_Lines,Delta Air Lines,2026-09-15,3007,2026-09-20T17:04:33.418545+00:00
wikipedia_pageviews,Delta_Air_Lines,Delta Air Lines,2026-09-16,3177,2026-09-20T17:04:33.418545+00:00
wikipedia_pageviews,Delta_Air_Lines,Delta Air Lines,2026-09-17,2856,2026-09-20T17:04:33.418545+00:00
wikipedia_pageviews,Delta_Air_Lines,Delta Air Lines,2026-09-18,2776,2026-09-20T17:04:33.418545+00:00
wikipedia_pageviews,Delta_Air_Lines,Delta Air Lines,2026-09-19,2805,2026-09-20T17:04:33.418545+00:00
wikipedia_pageviews,American_Airlines,American Airlines,2026-08-06,2636,2026-09-20T17:04:33.418545+00:00
wikipedia_pageviews,American_Airlines,American Airlines,2026-08-07,2657,2026-09-20T17:04:33.418545+00:00
wikipedia_pageviews,American_Airlines,American Airlines,2026-08-08,2430,2026-09-20T17:04:33.418545+00:00
wikipedia_pageviews,American_Airlines,American Airlines,2026-08-09,2544,2026-09-20T17:04:33.418545+00:00
wikipedia_pageviews,American_Airlines,American Airlines,2026-08-10,2640,2026-09-20T17:04:33.418545+00:00
wikipedia_pageviews,American_Airlines,American Airlines,2026-08-11,2668,2026-09-20T17:04:33.418545+00:00
wikipedia_pageviews,American_Airlines,American Airlines,2026-08-12,2730,2026-09-20T17:04:33.418545+00:00
wikipedia_pageviews,American_Airlines,American Airlines,2026-08-13,2748,2026-09-20T17:04:33.418545+00:00
wikipedia_pageviews,American_Airlines,American Airlines,2026-08-14,2527,2026-09-20T17:04:33.418545+00:00
wikipedia_pageviews,American_Airlines,American Airlines,2026-08-15,2435,2026-09-20T17:04:33.418545+00:00
wikipedia_pageviews,American_Airlines,American Airlines,2026-08-16,2470,2026-09-20T17:04:33.418545+00:00
wikipedia_pageviews,American_Airlines,American Airlines,2026-08-17,2559,2026-09-20T17:04:33.418545+00:00
wikipedia_pageviews,American_Airlines,American Airlines,2026-08-18,2732,2026-09-20T17:04:33.418545+00:00
wikipedia_pageviews,American_Airlines,American Airlines,2026-08-19,2607,2026-09-20T17:04:33.418545+00:00
wikipedia_pageviews,American_Airlines,American Airlines,2026-08-20,2683,2026-09-20T17:04:33.418545+00:00
wikipedia_pageviews,American_Airlines,American Airlines,2026-08-21,2710,2026-09-20T17:04:33.418545+00:00
wikipedia_pageviews,American_Airlines,American Airlines,2026-08-22,2786,2026-09-20T17:04:33.418545+00:00
wikipedia_pageviews,American_Airlines,American Airlines,2026-08-23,2622,2026-09-20T17:04:33.418545+00:00
wikipedia_pageviews,American_Airlines,American Airlines,2026-08-24,2715,2026-09-20T17:04:33.418545+00:00
wikipedia_pageviews,American_Airlines,American Airlines,2026-08-25,2860,2026-09-20T17:04:33.418545+00:00
wikipedia_pageviews,American_Airlines,American Airlines,2026-08-26,2811,2026-09-20T17:04:33.418545+00:00
wikipedia_pageviews,American_Airlines,American Airlines,2026-08-27,2836,2026-09-20T17:04:33.418545+00:00
wikipedia_pageviews,American_Airlines,American Airlines,2026-08-28,3185,2026-09-20T17:04:33.418545+00:00
wikipedia_pageviews,American_Airlines,American Airlines,2026-08-29,2926,2026-09-20T17:04:33.418545+00:00
wikipedia_pageviews,American_Airlines,American Airlines,2026-08-30,2827,2026-09-20T17:04:33.418545+00:00
wikipedia_pageviews,American_Airlines,American Airlines,2026-08-31,2810,2026-09-20T17:04:33.418545+00:00
wikipedia_pageviews,American_Airlines,American Airlines,2026-09-01,2819,2026-09-20T17:04:33.418545+00:00
wikipedia_pageviews,American_Airlines,American Airlines,2026-09-02,2763,2026-09-20T17:04:33.418545+00:00
wikipedia_pageviews,American_Airlines,American Airlines,2026-09-03,3081,2026-09-20T17:04:33.418545+00:00
wikipedia_pageviews,American_Airlines,American Airlines,2026-09-04,2729,2026-09-20T17:04:33.418545+00:00
wikipedia_pageviews,American_Airlines,American Airlines,2026-09-05,2735,2026-09-20T17:04:33.418545+00:00
wikipedia_pageviews,American_Airlines,American Airlines,2026-09-06,2815,2026-09-20T17:04:33.418545+00:00
wikipedia_pageviews,American_Airlines,American Airlines,2026-09-07,3188,2026-09-20T17:04:33.418545+00:00
wikipedia_pageviews,American_Airlines,American Airlines,2026-09-08,2909,2026-09-20T17:04:33.418545+00:00
wikipedia_pageviews,American_Airlines,American Airlines,2026-09-09,2826,2026-09-20T17:04:33.418545+00:00
wikipedia_pageviews,American_Airlines,American Airlines,2026-09-10,3095,2026-09-20T17:04:33.418545+00:00
wikipedia_pageviews,American_Airlines,American Airlines,2026-09-11,6507,2026-09-20T17:04:33.418545+00:00
wikipedia_pageviews,American_Airlines,American Airlines,2026-09-12,5217,2026-09-20T17:04:33.418545+00:00
wikipedia_pageviews,American_Airlines,American Airlines,2026-09-13,5271,2026-09-20T17:04:33.418545+00:00
wikipedia_pageviews,American_Airlines,American Airlines,2026-09-14,3904,2026-09-20T17:04:33.418545+00:00
wikipedia_pageviews,American_Airlines,American Airlines,2026-09-15,3169,2026-09-20T17:04:33.418545+00:00
wikipedia_pageviews,American_Airlines,American Airlines,2026-09-16,3094,2026-09-20T17:04:33.418545+00:00
wikipedia_pageviews,American_Airlines,American Airlines,2026-09-17,3339,2026-09-20T17:04:33.418545+00:00
wikipedia_pageviews,American_Airlines,American Airlines,2026-09-18,3107,2026-09-20T17:04:33.418545+00:00
wikipedia_pageviews,American_Airlines,American Airlines,2026-09-19,2763,2026-09-20T17:04:33.418545+00:00
wikipedia_pageviews,Ryanair,Ryanair,2026-08-06,2861,2026-09-20T17:04:33.418545+00:00
wikipedia_pageviews,Ryanair,Ryanair,2026-08-07,2925,2026-09-20T17:04:33.418545+00:00
wikipedia_pageviews,Ryanair,Ryanair,2026-08-08,2724,2026-09-20T17:04:33.418545+00:00
wikipedia_pageviews,Ryanair,Ryanair,2026-08-09,2793,2026-09-20T17:04:33.418545+00:00
wikipedia_pageviews,Ryanair,Ryanair,2026-08-10,2738,2026-09-20T17:04:33.418545+00:00
wikipedia_pageviews,Ryanair,Ryanair,2026-08-11,2584,2026-09-20T17:04:33.418545+00:00
wikipedia_pageviews,Ryanair,Ryanair,2026-08-12,2725,2026-09-20T17:04:33.418545+00:00
wikipedia_pageviews,Ryanair,Ryanair,2026-08-13,3236,2026-09-20T17:04:33.418545+00:00
wikipedia_pageviews,Ryanair,Ryanair,2026-08-14,3953,2026-09-20T17:04:33.418545+00:00
wikipedia_pageviews,Ryanair,Ryanair,2026-08-15,3382,2026-09-20T17:04:33.418545+00:00
wikipedia_pageviews,Ryanair,Ryanair,2026-08-16,3285,2026-09-20T17:04:33.418545+00:00
wikipedia_pageviews,Ryanair,Ryanair,2026-08-17,3277,2026-09-20T17:04:33.418545+00:00
wikipedia_pageviews,Ryanair,Ryanair,2026-08-18,2883,2026-09-20T17:04:33.418545+00:00
wikipedia_pageviews,Ryanair,Ryanair,2026-08-19,2778,2026-09-20T17:04:33.418545+00:00
wikipedia_pageviews,Ryanair,Ryanair,2026-08-20,2912,2026-09-20T17:04:33.418545+00:00
wikipedia_pageviews,Ryanair,Ryanair,2026-08-21,2920,2026-09-20T17:04:33.418545+00:00
wikipedia_pageviews,Ryanair,Ryanair,2026-08-22,2809,2026-09-20T17:04:33.418545+00:00
wikipedia_pageviews,Ryanair,Ryanair,2026-08-23,3400,2026-09-20T17:04:33.418545+00:00
wikipedia_pageviews,Ryanair,Ryanair,2026-08-24,4234,2026-09-20T17:04:33.418545+00:00
wikipedia_pageviews,Ryanair,Ryanair,2026-08-25,3019,2026-09-20T17:04:33.418545+00:00
wikipedia_pageviews,Ryanair,Ryanair,2026-08-26,2964,2026-09-20T17:04:33.418545+00:00
wikipedia_pageviews,Ryanair,Ryanair,2026-08-27,2970,2026-09-20T17:04:33.418545+00:00
wikipedia_pageviews,Ryanair,Ryanair,2026-08-28,2597,2026-09-20T17:04:33.418545+00:00
wikipedia_pageviews,Ryanair,Ryanair,2026-08-29,2617,2026-09-20T17:04:33.418545+00:00
wikipedia_pageviews,Ryanair,Ryanair,2026-08-30,2813,2026-09-20T17:04:33.418545+00:00
wikipedia_pageviews,Ryanair,Ryanair,2026-08-31,3494,2026-09-20T17:04:33.418545+00:00
wikipedia_pageviews,Ryanair,Ryanair,2026-09-01,2746,2026-09-20T17:04:33.418545+00:00
wikipedia_pageviews,Ryanair,Ryanair,2026-09-02,2839,2026-09-20T17:04:33.418545+00:00
wikipedia_pageviews,Ryanair,Ryanair,2026-09-03,2770,2026-09-20T17:04:33.418545+00:00
wikipedia_pageviews,Ryanair,Ryanair,2026-09-04,2608,2026-09-20T17:04:33.418545+00:00
wikipedia_pageviews,Ryanair,Ryanair,2026-09-05,2450,2026-09-20T17:04:33.418545+00:00
wikipedia_pageviews,Ryanair,Ryanair,2026-09-06,2530,2026-09-20T17:04:33.418545+00:00
wikipedia_pageviews,Ryanair,Ryanair,2026-09-07,3665,2026-09-20T17:04:33.418545+00:00
wikipedia_pageviews,Ryanair,Ryanair,2026-09-08,2759,2026-09-20T17:04:33.418545+00:00
wikipedia_pageviews,Ryanair,Ryanair,2026-09-09,3014,2026-09-20T17:04:33.418545+00:00
wikipedia_pageviews,Ryanair,Ryanair,2026-09-10,3247,2026-09-20T17:04:33.418545+00:00
wikipedia_pageviews,Ryanair,Ryanair,2026-09-11,3086,2026-09-20T17:04:33.418545+00:00
wikipedia_pageviews,Ryanair,Ryanair,2026-09-12,2557,2026-09-20T17:04:33.418545+00:00
wikipedia_pageviews,Ryanair,Ryanair,2026-09-13,2873,2026-09-20T17:04:33.418545+00:00
wikipedia_pageviews,Ryanair,Ryanair,2026-09-14,2824,2026-09-20T17:04:33.418545+00:00
wikipedia_pageviews,Ryanair,Ryanair,2026-09-15,2645,2026-09-20T17:04:33.418545+00:00
wikipedia_pageviews,Ryanair,Ryanair,2026-09-16,2757,2026-09-20T17:04:33.418545+00:00
wikipedia_pageviews,Ryanair,Ryanair,2026-09-17,2800,2026-09-20T17:04:33.418545+00:00
wikipedia_pageviews,Ryanair,Ryanair,2026-09-18,2742,2026-09-20T17:04:33.418545+00:00
wikipedia_pageviews,Ryanair,Ryanair,2026-09-19,2545,2026-09-20T17:04:33.418545+00:00
wikipedia_pageviews,Reliance_Jio,Reliance Jio,2026-08-06,18,2026-09-20T17:04:33.418545+00:00
wikipedia_pageviews,Reliance_Jio,Reliance Jio,2026-08-07,8,2026-09-20T17:04:33.418545+00:00
wikipedia_pageviews,Reliance_Jio,Reliance Jio,2026-08-08,17,2026-09-20T17:04:33.418545+00:00
wikipedia_pageviews,Reliance_Jio,Reliance Jio,2026-08-09,9,2026-09-20T17:04:33.418545+00:00
wikipedia_pageviews,Reliance_Jio,Reliance Jio,2026-08-10,15,2026-09-20T17:04:33.418545+00:00
wikipedia_pageviews,Reliance_Jio,Reliance Jio,2026-08-11,15,2026-09-20T17:04:33.418545+00:00
wikipedia_pageviews,Reliance_Jio,Reliance Jio,2026-08-12,15,2026-09-20T17:04:33.418545+00:00
wikipedia_pageviews,Reliance_Jio,Reliance Jio,2026-08-13,16,2026-09-20T17:04:33.418545+00:00
wikipedia_pageviews,Reliance_Jio,Reliance Jio,2026-08-14,13,2026-09-20T17:04:33.418545+00:00
wikipedia_pageviews,Reliance_Jio,Reliance Jio,2026-08-15,12,2026-09-20T17:04:33.418545+00:00
wikipedia_pageviews,Reliance_Jio,Reliance Jio,2026-08-16,16,2026-09-20T17:04:33.418545+00:00
wikipedia_pageviews,Reliance_Jio,Reliance Jio,2026-08-17,14,2026-09-20T17:04:33.418545+00:00
wikipedia_pageviews,Reliance_Jio,Reliance Jio,2026-08-18,17,2026-09-20T17:04:33.418545+00:00
wikipedia_pageviews,Reliance_Jio,Reliance Jio,2026-08-19,8,2026-09-20T17:04:33.418545+00:00
wikipedia_pageviews,Reliance_Jio,Reliance Jio,2026-08-20,12,2026-09-20T17:04:33.418545+00:00
wikipedia_pageviews,Reliance_Jio,Reliance Jio,2026-08-21,8,2026-09-20T17:04:33.418545+00:00
wikipedia_pageviews,Reliance_Jio,Reliance Jio,2026-08-22,35,2026-09-20T17:04:33.418545+00:00
wikipedia_pageviews,Reliance_Jio,Reliance Jio,2026-08-23,12,2026-09-20T17:04:33.418545+00:00
wikipedia_pageviews,Reliance_Jio,Reliance Jio,2026-08-24,16,2026-09-20T17:04:33.418545+00:00
wikipedia_pageviews,Reliance_Jio,Reliance Jio,2026-08-25,27,2026-09-20T17:04:33.418545+00:00
wikipedia_pageviews,Reliance_Jio,Reliance Jio,2026-08-26,22,2026-09-20T17:04:33.418545+00:00
wikipedia_pageviews,Reliance_Jio,Reliance Jio,2026-08-27,16,2026-09-20T17:04:33.418545+00:00
wikipedia_pageviews,Reliance_Jio,Reliance Jio,2026-08-28,15,2026-09-20T17:04:33.418545+00:00
wikipedia_pageviews,Reliance_Jio,Reliance Jio,2026-08-29,13,2026-09-20T17:04:33.418545+00:00
wikipedia_pageviews,Reliance_Jio,Reliance Jio,2026-08-30,10,2026-09-20T17:04:33.418545+00:00
wikipedia_pageviews,Reliance_Jio,Reliance Jio,2026-08-31,19,2026-09-20T17:04:33.418545+00:00
wikipedia_pageviews,Reliance_Jio,Reliance Jio,2026-09-01,17,2026-09-20T17:04:33.418545+00:00
wikipedia_pageviews,Reliance_Jio,Reliance Jio,2026-09-02,27,2026-09-20T17:04:33.418545+00:00
wikipedia_pageviews,Reliance_Jio,Reliance Jio,2026-09-03,24,2026-09-20T17:04:33.418545+00:00
wikipedia_pageviews,Reliance_Jio,Reliance Jio,2026-09-04,19,2026-09-20T17:04:33.418545+00:00
wikipedia_pageviews,Reliance_Jio,Reliance Jio,2026-09-05,16,2026-09-20T17:04:33.418545+00:00
wikipedia_pageviews,Reliance_Jio,Reliance Jio,2026-09-06,14,2026-09-20T17:04:33.418545+00:00
wikipedia_pageviews,Reliance_Jio,Reliance Jio,2026-09-07,15,2026-09-20T17:04:33.418545+00:00
wikipedia_pageviews,Reliance_Jio,Reliance Jio,2026-09-08,21,2026-09-20T17:04:33.418545+00:00
wikipedia_pageviews,Reliance_Jio,Reliance Jio,2026-09-09,19,2026-09-20T17:04:33.418545+00:00
wikipedia_pageviews,Reliance_Jio,Reliance Jio,2026-09-10,16,2026-09-20T17:04:33.418545+00:00
wikipedia_pageviews,Reliance_Jio,Reliance Jio,2026-09-11,21,2026-09-20T17:04:33.418545+00:00
wikipedia_pageviews,Reliance_Jio,Reliance Jio,2026-09-12,23,2026-09-20T17:04:33.418545+00:00
wikipedia_pageviews,Reliance_Jio,Reliance Jio,2026-09-13,20,2026-09-20T17:04:33.418545+00:00
wikipedia_pageviews,Reliance_Jio,Reliance Jio,2026-09-14,24,2026-09-20T17:04:33.418545+00:00
wikipedia_pageviews,Reliance_Jio,Reliance Jio,2026-09-15,20,2026-09-20T17:04:33.418545+00:00
wikipedia_pageviews,Reliance_Jio,Reliance Jio,2026-09-16,33,2026-09-20T17:04:33.418545+00:00
wikipedia_pageviews,Reliance_Jio,Reliance Jio,2026-09-17,24,2026-09-20T17:04:33.418545+00:00
wikipedia_pageviews,Reliance_Jio,Reliance Jio,2026-09-18,21,2026-09-20T17:04:33.418545+00:00
wikipedia_pageviews,Reliance_Jio,Reliance Jio,2026-09-19,17,2026-09-20T17:04:33.418545+00:00
wikipedia_pageviews,Bharti_Airtel,Bharti Airtel,2026-08-06,832,2026-09-20T17:04:33.418545+00:00
wikipedia_pageviews,Bharti_Airtel,Bharti Airtel,2026-08-07,873,2026-09-20T17:04:33.418545+00:00
wikipedia_pageviews,Bharti_Airtel,Bharti Airtel,2026-08-08,682,2026-09-20T17:04:33.418545+00:00
wikipedia_pageviews,Bharti_Airtel,Bharti Airtel,2026-08-09,701,2026-09-20T17:04:33.418545+00:00
wikipedia_pageviews,Bharti_Airtel,Bharti Airtel,2026-08-10,689,2026-09-20T17:04:33.418545+00:00
wikipedia_pageviews,Bharti_Airtel,Bharti Airtel,2026-08-11,875,2026-09-20T17:04:33.418545+00:00
wikipedia_pageviews,Bharti_Airtel,Bharti Airtel,2026-08-12,864,2026-09-20T17:04:33.418545+00:00
wikipedia_pageviews,Bharti_Airtel,Bharti Airtel,2026-08-13,854,2026-09-20T17:04:33.418545+00:00
wikipedia_pageviews,Bharti_Airtel,Bharti Airtel,2026-08-14,916,2026-09-20T17:04:33.418545+00:00
wikipedia_pageviews,Bharti_Airtel,Bharti Airtel,2026-08-15,912,2026-09-20T17:04:33.418545+00:00
wikipedia_pageviews,Bharti_Airtel,Bharti Airtel,2026-08-16,1075,2026-09-20T17:04:33.418545+00:00
wikipedia_pageviews,Bharti_Airtel,Bharti Airtel,2026-08-17,1551,2026-09-20T17:04:33.418545+00:00
wikipedia_pageviews,Bharti_Airtel,Bharti Airtel,2026-08-18,1472,2026-09-20T17:04:33.418545+00:00
wikipedia_pageviews,Bharti_Airtel,Bharti Airtel,2026-08-19,1071,2026-09-20T17:04:33.418545+00:00
wikipedia_pageviews,Bharti_Airtel,Bharti Airtel,2026-08-20,964,2026-09-20T17:04:33.418545+00:00
wikipedia_pageviews,Bharti_Airtel,Bharti Airtel,2026-08-21,843,2026-09-20T17:04:33.418545+00:00
wikipedia_pageviews,Bharti_Airtel,Bharti Airtel,2026-08-22,772,2026-09-20T17:04:33.418545+00:00
wikipedia_pageviews,Bharti_Airtel,Bharti Airtel,2026-08-23,737,2026-09-20T17:04:33.418545+00:00
wikipedia_pageviews,Bharti_Airtel,Bharti Airtel,2026-08-24,769,2026-09-20T17:04:33.418545+00:00
wikipedia_pageviews,Bharti_Airtel,Bharti Airtel,2026-08-25,737,2026-09-20T17:04:33.418545+00:00
wikipedia_pageviews,Bharti_Airtel,Bharti Airtel,2026-08-26,744,2026-09-20T17:04:33.418545+00:00
wikipedia_pageviews,Bharti_Airtel,Bharti Airtel,2026-08-27,823,2026-09-20T17:04:33.418545+00:00
wikipedia_pageviews,Bharti_Airtel,Bharti Airtel,2026-08-28,772,2026-09-20T17:04:33.418545+00:00
wikipedia_pageviews,Bharti_Airtel,Bharti Airtel,2026-08-29,796,2026-09-20T17:04:33.418545+00:00
wikipedia_pageviews,Bharti_Airtel,Bharti Airtel,2026-08-30,705,2026-09-20T17:04:33.418545+00:00
wikipedia_pageviews,Bharti_Airtel,Bharti Airtel,2026-08-31,783,2026-09-20T17:04:33.418545+00:00
wikipedia_pageviews,Bharti_Airtel,Bharti Airtel,2026-09-01,810,2026-09-20T17:04:33.418545+00:00
wikipedia_pageviews,Bharti_Airtel,Bharti Airtel,2026-09-02,956,2026-09-20T17:04:33.418545+00:00
wikipedia_pageviews,Bharti_Airtel,Bharti Airtel,2026-09-03,872,2026-09-20T17:04:33.418545+00:00
wikipedia_pageviews,Bharti_Airtel,Bharti Airtel,2026-09-04,934,2026-09-20T17:04:33.418545+00:00
wikipedia_pageviews,Bharti_Airtel,Bharti Airtel,2026-09-05,801,2026-09-20T17:04:33.418545+00:00
wikipedia_pageviews,Bharti_Airtel,Bharti Airtel,2026-09-06,735,2026-09-20T17:04:33.418545+00:00
wikipedia_pageviews,Bharti_Airtel,Bharti Airtel,2026-09-07,895,2026-09-20T17:04:33.418545+00:00
wikipedia_pageviews,Bharti_Airtel,Bharti Airtel,2026-09-08,884,2026-09-20T17:04:33.418545+00:00
wikipedia_pageviews,Bharti_Airtel,Bharti Airtel,2026-09-09,877,2026-09-20T17:04:33.418545+00:00
wikipedia_pageviews,Bharti_Airtel,Bharti Airtel,2026-09-10,902,2026-09-20T17:04:33.418545+00:00
wikipedia_pageviews,Bharti_Airtel,Bharti Airtel,2026-09-11,912,2026-09-20T17:04:33.418545+00:00
wikipedia_pageviews,Bharti_Airtel,Bharti Airtel,2026-09-12,814,2026-09-20T17:04:33.418545+00:00
wikipedia_pageviews,Bharti_Airtel,Bharti Airtel,2026-09-13,708,2026-09-20T17:04:33.418545+00:00
wikipedia_pageviews,Bharti_Airtel,Bharti Airtel,2026-09-14,714,2026-09-20T17:04:33.418545+00:00
wikipedia_pageviews,Bharti_Airtel,Bharti Airtel,2026-09-15,809,2026-09-20T17:04:33.418545+00:00
wikipedia_pageviews,Bharti_Airtel,Bharti Airtel,2026-09-16,866,2026-09-20T17:04:33.418545+00:00
wikipedia_pageviews,Bharti_Airtel,Bharti Airtel,2026-09-17,778,2026-09-20T17:04:33.418545+00:00
wikipedia_pageviews,Bharti_Airtel,Bharti Airtel,2026-09-18,763,2026-09-20T17:04:33.418545+00:00
wikipedia_pageviews,Bharti_Airtel,Bharti Airtel,2026-09-19,719,2026-09-20T17:04:33.418545+00:00
wikipedia_pageviews,Comcast,Comcast,2026-08-06,1957,2026-09-20T17:04:33.418545+00:00
wikipedia_pageviews,Comcast,Comcast,2026-08-07,1775,2026-09-20T17:04:33.418545+00:00
wikipedia_pageviews,Comcast,Comcast,2026-08-08,1694,2026-09-20T17:04:33.418545+00:00
wikipedia_pageviews,Comcast,Comcast,2026-08-09,1806,2026-09-20T17:04:33.418545+00:00
wikipedia_pageviews,Comcast,Comcast,2026-08-10,1761,2026-09-20T17:04:33.418545+00:00
wikipedia_pageviews,Comcast,Comcast,2026-08-11,2014,2026-09-20T17:04:33.418545+00:00
wikipedia_pageviews,Comcast,Comcast,2026-08-12,2284,2026-09-20T17:04:33.418545+00:00
wikipedia_pageviews,Comcast,Comcast,2026-08-13,1932,2026-09-20T17:04:33.418545+00:00
wikipedia_pageviews,Comcast,Comcast,2026-08-14,1722,2026-09-20T17:04:33.418545+00:00
wikipedia_pageviews,Comcast,Comcast,2026-08-15,1685,2026-09-20T17:04:33.418545+00:00
wikipedia_pageviews,Comcast,Comcast,2026-08-16,1744,2026-09-20T17:04:33.418545+00:00
wikipedia_pageviews,Comcast,Comcast,2026-08-17,1756,2026-09-20T17:04:33.418545+00:00
wikipedia_pageviews,Comcast,Comcast,2026-08-18,1822,2026-09-20T17:04:33.418545+00:00
wikipedia_pageviews,Comcast,Comcast,2026-08-19,1789,2026-09-20T17:04:33.418545+00:00
wikipedia_pageviews,Comcast,Comcast,2026-08-20,1865,2026-09-20T17:04:33.418545+00:00
wikipedia_pageviews,Comcast,Comcast,2026-08-21,1863,2026-09-20T17:04:33.418545+00:00
wikipedia_pageviews,Comcast,Comcast,2026-08-22,1947,2026-09-20T17:04:33.418545+00:00
wikipedia_pageviews,Comcast,Comcast,2026-08-23,2245,2026-09-20T17:04:33.418545+00:00
wikipedia_pageviews,Comcast,Comcast,2026-08-24,1946,2026-09-20T17:04:33.418545+00:00
wikipedia_pageviews,Comcast,Comcast,2026-08-25,1785,2026-09-20T17:04:33.418545+00:00
wikipedia_pageviews,Comcast,Comcast,2026-08-26,1771,2026-09-20T17:04:33.418545+00:00
wikipedia_pageviews,Comcast,Comcast,2026-08-27,1649,2026-09-20T17:04:33.418545+00:00
wikipedia_pageviews,Comcast,Comcast,2026-08-28,1771,2026-09-20T17:04:33.418545+00:00
wikipedia_pageviews,Comcast,Comcast,2026-08-29,1884,2026-09-20T17:04:33.418545+00:00
wikipedia_pageviews,Comcast,Comcast,2026-08-30,1932,2026-09-20T17:04:33.418545+00:00
wikipedia_pageviews,Comcast,Comcast,2026-08-31,2002,2026-09-20T17:04:33.418545+00:00
wikipedia_pageviews,Comcast,Comcast,2026-09-01,1908,2026-09-20T17:04:33.418545+00:00
wikipedia_pageviews,Comcast,Comcast,2026-09-02,1865,2026-09-20T17:04:33.418545+00:00
wikipedia_pageviews,Comcast,Comcast,2026-09-03,1796,2026-09-20T17:04:33.418545+00:00
wikipedia_pageviews,Comcast,Comcast,2026-09-04,1805,2026-09-20T17:04:33.418545+00:00
wikipedia_pageviews,Comcast,Comcast,2026-09-05,1795,2026-09-20T17:04:33.418545+00:00
wikipedia_pageviews,Comcast,Comcast,2026-09-06,1688,2026-09-20T17:04:33.418545+00:00
wikipedia_pageviews,Comcast,Comcast,2026-09-07,1861,2026-09-20T17:04:33.418545+00:00
wikipedia_pageviews,Comcast,Comcast,2026-09-08,2224,2026-09-20T17:04:33.418545+00:00
wikipedia_pageviews,Comcast,Comcast,2026-09-09,2142,2026-09-20T17:04:33.418545+00:00
wikipedia_pageviews,Comcast,Comcast,2026-09-10,1855,2026-09-20T17:04:33.418545+00:00
wikipedia_pageviews,Comcast,Comcast,2026-09-11,1903,2026-09-20T17:04:33.418545+00:00
wikipedia_pageviews,Comcast,Comcast,2026-09-12,1713,2026-09-20T17:04:33.418545+00:00
wikipedia_pageviews,Comcast,Comcast,2026-09-13,1701,2026-09-20T17:04:33.418545+00:00
wikipedia_pageviews,Comcast,Comcast,2026-09-14,1905,2026-09-20T17:04:33.418545+00:00
wikipedia_pageviews,Comcast,Comcast,2026-09-15,1857,2026-09-20T17:04:33.418545+00:00
wikipedia_pageviews,Comcast,Comcast,2026-09-16,1994,2026-09-20T17:04:33.418545+00:00
wikipedia_pageviews,Comcast,Comcast,2026-09-17,1901,2026-09-20T17:04:33.418545+00:00
wikipedia_pageviews,Comcast,Comcast,2026-09-18,1818,2026-09-20T17:04:33.418545+00:00
wikipedia_pageviews,Comcast,Comcast,2026-09-19,1917,2026-09-20T17:04:33.418545+00:00
