source,incident_kind,entity,sector,started_utc,observed_utc,title,detail,impact_reason,avg_delay,url,collected_utc,tier
faa,General Arrival/Departure Delay Info,ORD,airline,,Sun Sep 20 17:03:41 2026 GMT,General Arrival/Departure Delay Info - ORD,WX:Low Ceilings | 16 minutes | 30 minutes,WX:Low Ceilings,16 minutes,https://nasstatus.faa.gov/,2026-09-20T17:04:28.461685+00:00,
faa,General Arrival/Departure Delay Info,TEB,airline,,Sun Sep 20 17:03:41 2026 GMT,General Arrival/Departure Delay Info - TEB,TM Initiatives:SWAP:WX | 31 minutes | 45 minutes,TM Initiatives:SWAP:WX,31 minutes,https://nasstatus.faa.gov/,2026-09-20T17:04:28.461685+00:00,
faa,Airport Closures,GSP,airline,Sep 19 at 00:15 UTC.,Sun Sep 20 17:03:41 2026 GMT,Airport Closures - GSP,!GSP 09/033 GSP AD AP CLSD 2609190015-2609211200 | Sep 21 at 12:00 UTC.,!GSP 09/033 GSP AD AP CLSD 2609190015-2609211200,,https://nasstatus.faa.gov/,2026-09-20T17:04:28.461685+00:00,
faa,Airport Closures,ALO,airline,Sep 18 at 19:28 UTC.,Sun Sep 20 17:03:41 2026 GMT,Airport Closures - ALO,!ALO 09/021 ALO AD AP CLSD EXC HEL 2609181928-2609240200 | Sep 24 at 02:00 UTC.,!ALO 09/021 ALO AD AP CLSD EXC HEL 2609181928-2609240200,,https://nasstatus.faa.gov/,2026-09-20T17:04:28.461685+00:00,
faa,Airport Closures,LAX,airline,May 27 at 18:26 UTC.,Sun Sep 20 17:03:41 2026 GMT,Airport Closures - LAX,!LAX 05/277 LAX AD AP CLSD TO NON SKED TRANSIENT GA ACFT EXC 24HR PPR CTC ATLANTIC AVIATION 310-258-9884 OR SIGNATURE AVIATION 310-410-9605 2605271826-2705281600 | May 28 at 16:00 UTC.,!LAX 05/277 LAX AD AP CLSD TO NON SKED TRANSIENT GA ACFT EXC 24HR PPR CTC ATLANTIC AVIATION 310-258-9884 OR SIGNATURE AVIATION 310-410-9605 2605271826-2705281600,,https://nasstatus.faa.gov/,2026-09-20T17:04:28.461685+00:00,
faa,Airport Closures,SAN,airline,Mar 18 at 13:00 UTC.,Sun Sep 20 17:03:41 2026 GMT,Airport Closures - SAN,!SAN 03/071 SAN AD AP CLSD TO NON SKED TRANSIENT GA ACFT EXC PPR 619-298-7704 2603181300-2610010800 | Oct 01 at 08:00 UTC.,!SAN 03/071 SAN AD AP CLSD TO NON SKED TRANSIENT GA ACFT EXC PPR 619-298-7704 2603181300-2610010800,,https://nasstatus.faa.gov/,2026-09-20T17:04:28.461685+00:00,
statuspage,AfterShip,AfterShip,platform_service,2026-09-17T05:32:55+00:00,2026-09-17T05:32:55+00:00,Carrier bring is unstable - Start Time - 2026/09/16 05:53 UTC - End Time - 2026/09/17 05:32 UTC,"Sep  17 ,  01:32  EDT    Resolved  - This incident has been resolved.      Sep  16 ,  01:53  EDT    Investigating  - Carrier bring is currently unstable.",other,,https://www.aftershipstatus.com/incidents/15mv89nmyzc7,2026-09-20T17:04:29.246943+00:00,direct
statuspage,AfterShip,AfterShip,platform_service,2026-09-10T06:22:30+00:00,2026-09-10T06:22:30+00:00,Carrier india-post is unstable - Start Time - 2026/09/10 05:46 UTC - End Time - 2026/09/10 06:22 UTC,"Sep  10 ,  02:22  EDT    Resolved  - This incident has been resolved.      Sep  10 ,  01:47  EDT    Investigating  - Carrier india-post is currently unstable.",other,,https://www.aftershipstatus.com/incidents/x6tdwq87nyrx,2026-09-20T17:04:29.246943+00:00,direct
statuspage,AfterShip,AfterShip,platform_service,2026-08-18T02:22:46+00:00,2026-08-18T02:22:46+00:00,Carrier india-post is unstable - Start Time - 2026/08/17 08:40 UTC - End Time - 2026/08/18 02:22 UTC,"Aug  17 ,  22:22  EDT    Resolved  - This incident has been resolved.      Aug  17 ,  04:40  EDT    Investigating  - Carrier india-post is currently unstable.",other,,https://www.aftershipstatus.com/incidents/hv2my0hmfth4,2026-09-20T17:04:29.246943+00:00,direct
statuspage,AfterShip,AfterShip,platform_service,2026-08-10T01:55:55+00:00,2026-08-10T01:55:55+00:00,Carrier canada-post is unstable - Start Time - 2026/08/07 14:20 UTC - End Time - 2026/08/10 01:55 UTC,"Aug   9 ,  21:55  EDT    Resolved  - This incident has been resolved.      Aug   7 ,  10:21  EDT    Investigating  - Carrier canada-post is currently unstable - Label Generation is affected.",other,,https://www.aftershipstatus.com/incidents/4w7qqdqkpgwd,2026-09-20T17:04:29.246943+00:00,direct
statuspage,AfterShip,AfterShip,platform_service,2026-08-03T10:01:49+00:00,2026-08-03T10:01:49+00:00,Carrier lonestar is currently unstable - Start Time - 2026/07/30 02:46 UTC,"Aug   3 ,  06:01  EDT    Resolved  - Carrier lonestar has been restored since 2026/08/03 09:33 UTC.      Jul  29 ,  22:46  EDT    Investigating  - Carrier lonestar is currently unstable.",other,,https://www.aftershipstatus.com/incidents/52v5tlmk5ndv,2026-09-20T17:04:29.246943+00:00,direct
statuspage,AfterShip,AfterShip,platform_service,2026-07-15T05:34:06+00:00,2026-07-15T05:34:06+00:00,Carrier dpd-ro is unstable - Start Time - 2026/07/15 02:08 UTC - End Time - 2026/07/15 05:34 UTC,"Jul  15 ,  01:34  EDT    Resolved  - This incident has been resolved.      Jul  14 ,  22:09  EDT    Investigating  - Carrier dpd-ro is currently unstable.",other,,https://www.aftershipstatus.com/incidents/d0bgcx548vy9,2026-09-20T17:04:29.246943+00:00,direct
statuspage,AfterShip,AfterShip,platform_service,2026-07-15T02:22:39+00:00,2026-07-15T02:22:39+00:00,Carrier epostglobal is unstable - Start Time - 2026/07/13 02:34 UTC - End Time - 2026/07/15 02:22 UTC,"Jul  14 ,  22:22  EDT    Resolved  - This incident has been resolved.      Jul  12 ,  22:35  EDT    Investigating  - Carrier epostglobal is currently unstable.",other,,https://www.aftershipstatus.com/incidents/7fdynv0g1glm,2026-09-20T17:04:29.246943+00:00,direct
statuspage,AfterShip,AfterShip,platform_service,2026-07-09T23:19:05+00:00,2026-07-09T23:19:05+00:00,Carrier dpd is unstable - Start Time - 2026/07/07 09:26 UTC - End Time - 2026/07/09 23:19 UTC,"Jul   9 ,  19:19  EDT    Resolved  - This incident has been resolved.      Jul   7 ,  05:27  EDT    Investigating  - Carrier dpd is currently unstable.",other,,https://www.aftershipstatus.com/incidents/73zrqp9b39jv,2026-09-20T17:04:29.246943+00:00,direct
statuspage,AfterShip,AfterShip,platform_service,2026-07-08T07:16:56+00:00,2026-07-08T07:16:56+00:00,Carrier exapaq is unstable - Start Time - 2026/07/07 06:07 UTC - End Time - 2026/07/08 07:16 UTC,"Jul   8 ,  03:16  EDT    Resolved  - This incident has been resolved.      Jul   7 ,  02:07  EDT    Investigating  - Carrier exapaq is currently unstable.",other,,https://www.aftershipstatus.com/incidents/0wpfn6g9ggzc,2026-09-20T17:04:29.246943+00:00,direct
statuspage,AfterShip,AfterShip,platform_service,2026-07-06T05:42:56+00:00,2026-07-06T05:42:56+00:00,Carrier dpd-ro is unstable - Start Time - 2026/07/06 02:06 UTC - End Time - 2026/07/06 05:42 UTC,"Jul   6 ,  01:42  EDT    Resolved  - This incident has been resolved.      Jul   5 ,  22:06  EDT    Investigating  - Carrier dpd-ro is currently unstable.",other,,https://www.aftershipstatus.com/incidents/34hfss27mpgg,2026-09-20T17:04:29.246943+00:00,direct
statuspage,AfterShip,AfterShip,platform_service,2026-07-06T05:36:36+00:00,2026-07-06T05:36:36+00:00,Carrier dhl-poland is unstable - Start Time - 2026/07/06 02:06 UTC - End Time - 2026/07/06 05:36 UTC,"Jul   6 ,  01:36  EDT    Resolved  - This incident has been resolved.      Jul   5 ,  22:06  EDT    Investigating  - Carrier dhl-poland is currently unstable.",other,,https://www.aftershipstatus.com/incidents/06fnljq5hthj,2026-09-20T17:04:29.246943+00:00,direct
statuspage,AfterShip,AfterShip,platform_service,2026-07-03T13:59:33+00:00,2026-07-03T13:59:33+00:00,Carrier DPD is unstable - Start Time - 2026/07/03 11:00 UTC - End Time - 2026/07/03 13:50 UTC,"Jul   3 ,  09:59  EDT    Resolved  - This incident has been resolved.      Jul   3 ,  08:11  EDT    Investigating  - Carrier DPD (slug: dpd) is currently unstable.",other,,https://www.aftershipstatus.com/incidents/jdsrl4m330mh,2026-09-20T17:04:29.246943+00:00,direct
statuspage,AfterShip,AfterShip,platform_service,2026-06-25T07:25:24+00:00,2026-06-25T07:25:24+00:00,Carrier la-poste-colissimo is unstable - Start Time - 2026/06/25 06:04 UTC - End Time - 2026/06/25 07:25 UTC,"Jun  25 ,  03:25  EDT    Resolved  - This incident has been resolved.      Jun  25 ,  02:04  EDT    Investigating  - Carrier la-poste-colissimo is currently unstable.",other,,https://www.aftershipstatus.com/incidents/69rn5fkt3dbf,2026-09-20T17:04:29.246943+00:00,direct
statuspage,AfterShip,AfterShip,platform_service,2026-06-24T03:00:08+00:00,2026-06-24T03:00:08+00:00,Planned Maintenance - Support Operations,"Jun  23 ,  23:00  EDT    Completed  - The scheduled maintenance has been completed.      Jun  23 ,  22:00  EDT    In progress  - Scheduled maintenance is currently in progress. We will provide updates as necessary.      Jun  22 ,  05:38  EDT    Scheduled  - We're upgrading our live chat platform on Jun 23, 10–11am HKT (Jun 22, 10–11pm EDT / 7–8pm PDT). You may briefly lose access to any ongoing live chats. To reconnect, simply refresh the page. For any urgent issues, our team remains available via email at support@aftership.com. Thank you for your patience!",maintenance,,https://www.aftershipstatus.com/incidents/pj92ggnl9b6b,2026-09-20T17:04:29.246943+00:00,direct
statuspage,AfterShip,AfterShip,platform_service,2026-06-23T03:00:08+00:00,2026-06-23T03:00:08+00:00,Planned Maintenance - Support Operations,"Jun  22 ,  23:00  EDT    Completed  - The scheduled maintenance has been completed.      Jun  22 ,  22:00  EDT    In progress  - Scheduled maintenance is currently in progress. We will provide updates as necessary.      Jun  22 ,  05:36  EDT    Scheduled  - We're upgrading our live chat platform on Jun 23, 10–11am HKT (Jun 22, 10–11pm EDT / 7–8pm PDT). You may briefly lose access to any ongoing live chats. To reconnect, simply refresh the page. For any urgent issues, our team remains available via email at support@aftership.com. Thank you for your patience!",maintenance,,https://www.aftershipstatus.com/incidents/krrdg0xs94js,2026-09-20T17:04:29.246943+00:00,direct
statuspage,AfterShip,AfterShip,platform_service,2026-06-23T02:18:10+00:00,2026-06-23T02:18:10+00:00,Carrier dpd-ro is unstable - Start Time - 2026/06/22 02:24 UTC - End Time - 2026/06/23 02:18 UTC,"Jun  22 ,  22:18  EDT    Resolved  - This incident has been resolved.      Jun  21 ,  22:25  EDT    Investigating  - Carrier dpd-ro is currently unstable.",other,,https://www.aftershipstatus.com/incidents/zqmmr4n9pk8c,2026-09-20T17:04:29.246943+00:00,direct
statuspage,AfterShip,AfterShip,platform_service,2026-06-19T19:00:07+00:00,2026-06-19T19:00:07+00:00,Planned Maintenance - Team Global Express,"Jun  19 ,  15:00  EDT    Completed  - The scheduled maintenance has been completed.      Jun  19 ,  09:00  EDT    In progress  - Scheduled maintenance is currently in progress. We will provide updates as necessary.      Jun  18 ,  02:13  EDT    Scheduled  - Team Global Express has scheduled a system maintenance window from 11:00 pm AEST, Friday, 19th June 2026 to 5:00 am AEST, Saturday, 20th June 2026. This outage will affect the MyTeamGE portal, API services, and the WebMethods integration platform (all inbound and outbound messaging).",outage,,https://www.aftershipstatus.com/incidents/b7cnn7w5nd6q,2026-09-20T17:04:29.246943+00:00,direct
statuspage,AfterShip,AfterShip,platform_service,2026-06-19T07:25:17+00:00,2026-06-19T07:25:17+00:00,Carrier australia-post is unstable - Start Time - 2026/06/19 06:49 UTC - End Time - 2026/06/19 07:25 UTC,"Jun  19 ,  03:25  EDT    Resolved  - This incident has been resolved.      Jun  19 ,  02:50  EDT    Investigating  - Carrier australia-post is currently unstable - Label Generation is affected.",other,,https://www.aftershipstatus.com/incidents/4hm49z6znjqv,2026-09-20T17:04:29.246943+00:00,direct
statuspage,AfterShip,AfterShip,platform_service,2026-06-15T02:09:01+00:00,2026-06-15T02:09:01+00:00,Carrier brt-it-parcelid is unstable - Start Time - 2026/06/14 03:38 UTC - End Time - 2026/06/15 02:09 UTC,"Jun  14 ,  22:09  EDT    Resolved  - This incident has been resolved.      Jun  13 ,  23:39  EDT    Investigating  - Carrier brt-it-parcelid is currently unstable.",other,,https://www.aftershipstatus.com/incidents/dq3xrwskws18,2026-09-20T17:04:29.246943+00:00,direct
statuspage,AfterShip,AfterShip,platform_service,2026-06-10T03:06:13+00:00,2026-06-10T03:06:13+00:00,Carrier canada-post is unstable - Start Time - 2026/06/10 01:55 UTC - End Time - 2026/06/10 03:06 UTC,"Jun   9 ,  23:06  EDT    Resolved  - This incident has been resolved.      Jun   9 ,  21:56  EDT    Investigating  - Carrier canada-post is currently unstable.",other,,https://www.aftershipstatus.com/incidents/p7vm6w4nvvhw,2026-09-20T17:04:29.247943+00:00,direct
statuspage,AfterShip,AfterShip,platform_service,2026-05-28T08:20:17+00:00,2026-05-28T08:20:17+00:00,Carrier exapaq is unstable - Start Time - 2026/05/28 02:23 UTC - End Time - 2026/05/28 08:20 UTC,"May  28 ,  04:20  EDT    Resolved  - This incident has been resolved.      May  27 ,  22:24  EDT    Investigating  - Carrier exapaq is currently unstable.",other,,https://www.aftershipstatus.com/incidents/ns9rwxg3msrd,2026-09-20T17:04:29.247943+00:00,direct
statuspage,AfterShip,AfterShip,platform_service,2026-05-20T03:19:54+00:00,2026-05-20T03:19:54+00:00,Carrier parcel-force is unstable - Start Time - 2026/05/20 02:39 UTC - End Time - 2026/05/20 03:19 UTC,"May  19 ,  23:19  EDT    Resolved  - This incident has been resolved.      May  19 ,  23:05  EDT    Update  - We are continuing to investigate this issue.      May  19 ,  22:39  EDT    Investigating  - Carrier parcel-force is currently unstable.",other,,https://www.aftershipstatus.com/incidents/0mgpph71nx7q,2026-09-20T17:04:29.247943+00:00,direct
statuspage,AfterShip,AfterShip,platform_service,2026-05-20T02:51:45+00:00,2026-05-20T02:51:45+00:00,Carrier usps is unstable - Start Time 2026/05/18 09:30 UTC - End Time 2026/05/18 12:45 UTC,"May  19 ,  22:51  EDT    Resolved  - The incident has been resolved      May  19 ,  07:42  EDT    Investigating  - Carrier usps is currently unstable. This affects all tracking updates between 18 May 2026, 09:30 UTC and 19 May 2026, 09:25 UTC.",other,,https://www.aftershipstatus.com/incidents/087dtxfh2kl0,2026-09-20T17:04:29.247943+00:00,direct
statuspage,AfterShip,AfterShip,platform_service,2026-05-15T01:38:26+00:00,2026-05-15T01:38:26+00:00,Carrier usps-iv-api is unstable - Start Time - 2026/05/14 03:00 UTC - End Time - 2026/05/15 01:38 UTC,"May  14 ,  21:38  EDT    Resolved  - This incident has been resolved.      May  13 ,  23:00  EDT    Investigating  - Carrier usps-iv-api is currently unstable.",other,,https://www.aftershipstatus.com/incidents/7fxbzm190f6c,2026-09-20T17:04:29.247943+00:00,direct
statuspage,AfterShip,AfterShip,platform_service,2026-05-14T02:54:04+00:00,2026-05-14T02:54:04+00:00,Carrier Uniuni [Slug:uniuni] is currently unavailable. Start Time: 2026/05/12 2:15 AM UTC - End Time 2026/05/12 17:44 UTC,"May  13 ,  22:54  EDT    Resolved  - This incident is now resolved.      May  12 ,  06:45  EDT    Investigating  - Carrier Uniuni is currently unavailable. We are currently investigating the issue.",outage,,https://www.aftershipstatus.com/incidents/xdytd4y070pz,2026-09-20T17:04:29.247943+00:00,direct
statuspage,Shippo,Shippo,platform_service,2026-10-18T10:00:00+00:00,2026-10-18T10:00:00+00:00,Shippo planned maintenance announcement,"THIS IS A SCHEDULED EVENT Oct  18 ,  10:00  -  10:05  UTC      Sep  18 ,  17:09  UTC    Update  - We will be undergoing scheduled maintenance during this time.      Sep  17 ,  19:50  UTC    Scheduled  - Hi Team, on Sunday, October 18th from 3:00–3:05 AM PDT (10:00–10:05 UTC), the Shippo team will be performing scheduled database optimizations. During this maintenance window, customers may experience up to 5 minutes of service disruption. We expect most endpoints, with a few exceptions to be affected by this upgrade. We will update you as the update commences, and when it is completed. If you have any questions, please reach out to your account manager.",outage,,https://status.goshippo.com/incidents/47p34l8q5jxk,2026-09-20T17:04:29.738894+00:00,direct
statuspage,Shippo,Shippo,platform_service,2026-09-27T00:00:00+00:00,2026-09-27T00:00:00+00:00,EVRI Scheduled maintenance,"THIS IS A SCHEDULED EVENT Sep  27 ,  00:00  -  02:00  UTC      Sep  14 ,  14:28  UTC    Scheduled  - EVRi has a scheduled maintenance on September 27, 2026: 12:00 AM - 2:00 AM UTC.  During this time, QR code and label generation will be unavailable. We recommend retrying any failed requests after the maintenance is complete.",outage,,https://status.goshippo.com/incidents/1b2bb9260pfj,2026-09-20T17:04:29.738894+00:00,direct
statuspage,Shippo,Shippo,platform_service,2026-09-24T08:00:00+00:00,2026-09-24T08:00:00+00:00,Jitsu Scheduled Maintenance,"THIS IS A SCHEDULED EVENT Sep  24 ,  08:00  -  09:00  UTC      Sep  18 ,  19:58  UTC    Scheduled  - Jitsu has a scheduled maintenance window on September 24, 2026, at 08:00 AM UTC. This will last for up to 1 hour. During this time, label generation and tracking information may be delayed. We recommend retrying any failed requests after the maintenance is complete.",maintenance,,https://status.goshippo.com/incidents/yvm316h1pxs6,2026-09-20T17:04:29.738894+00:00,direct
statuspage,Shippo,Shippo,platform_service,2026-09-20T13:00:07+00:00,2026-09-20T13:00:07+00:00,USPS Tracking Maintenance,"Sep  20 ,  13:00  UTC    Completed  - The scheduled maintenance has been completed.      Sep  20 ,  08:00  UTC    In progress  - Scheduled maintenance is currently in progress. We will provide updates as necessary.      Sep  14 ,  14:44  UTC    Scheduled  - USPS has a scheduled maintenance window on Sept 20, 2026 at 08:00 AM UTC. This will last up to 5 hours, During this time, tracking information will be intermittently unavailable. We recommend retrying any failed requests after maintenance is complete.",outage,,https://status.goshippo.com/incidents/bvjwnsxsxdzr,2026-09-20T17:04:29.738894+00:00,direct
statuspage,Shippo,Shippo,platform_service,2026-09-20T12:17:29+00:00,2026-09-20T12:17:29+00:00,Axlehire tracking disruptions,"Sep  20 ,  12:17  UTC    Investigating  - We are experiencing an interruption in Axlehire tracking events from the carrier. Our team has reached out to them and is actively monitoring the situation. During this time, tracking updates may be delayed but will be sent once the carrier's API is restored.",outage,,https://status.goshippo.com/incidents/mbsqt8sm71pw,2026-09-20T17:04:29.738894+00:00,direct
statuspage,Shippo,Shippo,platform_service,2026-09-20T11:00:07+00:00,2026-09-20T11:00:07+00:00,USPS Scheduled Maintenance,"Sep  20 ,  11:00  UTC    In progress  - Scheduled maintenance is currently in progress. We will provide updates as necessary.      Sep  18 ,  19:13  UTC    Scheduled  - USPS has a scheduled maintenance window on September 20, 2026, at 11:00 AM UTC. This will last for up to 7 hours. During this time, label generation for International, Military, and U.S. Territory shipments may be intermittently unavailable, and tracking information may be delayed. We recommend retrying any failed requests after the maintenance is complete.",outage,,https://status.goshippo.com/incidents/09h8phcz52f4,2026-09-20T17:04:29.738894+00:00,direct
statuspage,Shippo,Shippo,platform_service,2026-09-20T07:19:04+00:00,2026-09-20T07:19:04+00:00,Elevated error rate on Canada Post Shipment API,"Sep  20 ,  07:19  UTC    Resolved  - This incident has been resolved.      Sep  20 ,  05:56  UTC    Investigating  - We are experiencing an elevated error rate with Canada Post’s Shipment API and it's affecting label generation. This is a carrier-side issue, and they are actively investigating it. We will keep you posted on any further updates.",degraded_performance,,https://status.goshippo.com/incidents/cygwr65077bl,2026-09-20T17:04:29.738894+00:00,direct
statuspage,Shippo,Shippo,platform_service,2026-09-20T05:00:07+00:00,2026-09-20T05:00:07+00:00,EVRI Scheduled maintenance,"Sep  20 ,  05:00  UTC    Completed  - The scheduled maintenance has been completed.      Sep  20 ,  02:30  UTC    In progress  - Scheduled maintenance is currently in progress. We will provide updates as necessary.      Sep  14 ,  14:27  UTC    Scheduled  - EVRi has a scheduled maintenance window on September 20, 2026: 2:30 AM - 5:00 AM UTC.  During this time, QR code and label generation will be unavailable. We recommend retrying any failed requests after the maintenance is complete.",outage,,https://status.goshippo.com/incidents/pfp2rb8mbj4x,2026-09-20T17:04:29.738894+00:00,direct
statuspage,Shippo,Shippo,platform_service,2026-09-18T15:47:46+00:00,2026-09-18T15:47:46+00:00,Elevated error rate on ontrac Transaction API,"Sep  18 ,  15:47  UTC    Resolved  - This incident has been resolved.      Sep  18 ,  15:27  UTC    Investigating  - We have detected an elevated error rate from ontrac Transaction API. Our team has contacted the carrier and we are monitoring the situation. During this time, Label generation will be unavailable please retry once the carrier's API is restored.",degraded_performance,,https://status.goshippo.com/incidents/nmd5bcsnsps0,2026-09-20T17:04:29.739894+00:00,direct
statuspage,Shippo,Shippo,platform_service,2026-09-18T03:55:29+00:00,2026-09-18T03:55:29+00:00,Web App – Labels not visible in shipments tab,"Sep  18 ,  03:55  UTC    Resolved  - This incident has been resolved.      Sep  17 ,  20:53  UTC    Investigating  - We’re seeing an issue where some users may be unable to see their labels in the Shipments tab of the Web App. Our team is actively investigating and working toward a resolution. We’ll provide another update as soon as we have more information.",other,,https://status.goshippo.com/incidents/2yct12s30mhw,2026-09-20T17:04:29.739894+00:00,direct
statuspage,Shippo,Shippo,platform_service,2026-09-17T07:58:48+00:00,2026-09-17T07:58:48+00:00,USPS intermittent Outage impacting  V3 Label generation,"Sep  17 ,  07:58  UTC    Resolved  - This incident has been resolved.      Sep  17 ,  04:48  UTC    Investigating  - USPS has reported an intermittent outage impacting their label generation API . Their support team is currently investigating. We are monitoring the issue and will provide an update as soon as USPS shares further information",outage,,https://status.goshippo.com/incidents/kmdx807k0d2r,2026-09-20T17:04:29.739894+00:00,direct
statuspage,Shippo,Shippo,platform_service,2026-09-17T05:00:08+00:00,2026-09-17T05:00:08+00:00,USPS Tracking Maintenance,"Sep  17 ,  05:00  UTC    Completed  - The scheduled maintenance has been completed.      Sep  17 ,  01:00  UTC    In progress  - Scheduled maintenance is currently in progress. We will provide updates as necessary.      Sep   9 ,  13:36  UTC    Scheduled  - USPS has a scheduled maintenance window on Sept 17, 2026 at 01:00 AM UTC. This will last up to 4 hours, During this time, tracking information will be intermittently unavailable. We recommend retrying any failed requests after maintenance is complete.",outage,,https://status.goshippo.com/incidents/ln94g1nxzlhq,2026-09-20T17:04:29.739894+00:00,direct
statuspage,Shippo,Shippo,platform_service,2026-09-16T11:09:44+00:00,2026-09-16T11:09:44+00:00,Elevated error rate USPS Manifest generation,"Sep  16 ,  11:09  UTC    Resolved  - The issue has been resolved, and the service is now operational.      Sep  16 ,  08:48  UTC    Update  - The USPS team has deployed a fix and the service has started recovering. We’re closely monitoring the service and will keep posted with further updates.      Sep  16 ,  08:47  UTC    Monitoring  - The USPS team has deployed a fix and the service has started recovering. We’re closely monitoring the service and will keep posted with further updates.      Sep  16 ,  04:25  UTC    Investigating  - Hi team, we’re currently seeing an elevated error rate affecting USPS Manifest generation. We've reached out to carrier and working to resolve it. We’ll keep you posted with further updates.",degraded_performance,,https://status.goshippo.com/incidents/h1ysschxcz3p,2026-09-20T17:04:29.739894+00:00,direct
statuspage,Shippo,Shippo,platform_service,2026-09-14T08:00:07+00:00,2026-09-14T08:00:07+00:00,USPS Tracking Maintenance,"Sep  14 ,  08:00  UTC    Completed  - The scheduled maintenance has been completed.      Sep  14 ,  00:00  UTC    In progress  - Scheduled maintenance is currently in progress. We will provide updates as necessary.      Sep   4 ,  18:57  UTC    Scheduled  - USPS has a scheduled maintenance window on Sep 14, 2026, 12:00 AM UTC. This will last up to 8 hours, During this time, tracking information will be intermittently unavailable. We recommend retrying any failed requests after maintenance is complete.",outage,,https://status.goshippo.com/incidents/hrz202d88lvv,2026-09-20T17:04:29.739894+00:00,direct
statuspage,Shippo,Shippo,platform_service,2026-09-13T08:00:07+00:00,2026-09-13T08:00:07+00:00,USPS Tracking Maintenance,"Sep  13 ,  08:00  UTC    Completed  - The scheduled maintenance has been completed.      Sep  13 ,  00:00  UTC    In progress  - Scheduled maintenance is currently in progress. We will provide updates as necessary.      Sep   4 ,  17:49  UTC    Scheduled  - USPS has a scheduled maintenance window on Sept 13, 2026 at 12:00 AM UTC. This will last up to 8 hours, During this time, tracking information will be intermittently unavailable . We recommend retrying any failed requests after maintenance is complete.",outage,,https://status.goshippo.com/incidents/dq02rtj8hjsg,2026-09-20T17:04:29.739894+00:00,direct
statuspage,Shippo,Shippo,platform_service,2026-09-13T00:20:02+00:00,2026-09-13T00:20:02+00:00,Elevated error rate on Royal Mail_SF Tracking,"Sep  13 ,  00:20  UTC    Resolved  - This incident has been resolved.      Sep  12 ,  21:47  UTC    Investigating  - We have detected an elevated error rate from Royal Mail_SF Tracking API. Our team has escalated the issue with the data provider. During this time, tracking updates may be delayed but will be sent once the carrier’s API is restored",degraded_performance,,https://status.goshippo.com/incidents/lwx93vhps9m8,2026-09-20T17:04:29.739894+00:00,direct
statuspage,Shippo,Shippo,platform_service,2026-09-12T18:00:07+00:00,2026-09-12T18:00:07+00:00,Aramex Scheduled Maintenance,"Sep  12 ,  18:00  UTC    Completed  - The scheduled maintenance has been completed.      Sep  12 ,  12:00  UTC    In progress  - Scheduled maintenance is currently in progress. We will provide updates as necessary.      Sep   8 ,  07:23  UTC    Scheduled  - Aramex has a scheduled maintenance window on September 12, 2026, from 12:00 PM UTC. This will last up to 6 hours. During this time, Aramex all services will be intermittently unavailable. We recommend retrying any failed requests after maintenance is complete.",outage,,https://status.goshippo.com/incidents/qrnpct4rtkdw,2026-09-20T17:04:29.739894+00:00,direct
statuspage,Shippo,Shippo,platform_service,2026-09-11T14:33:58+00:00,2026-09-11T14:33:58+00:00,Elevated error rate on  USPS QR code generation,"Sep  11 ,  14:33  UTC    Resolved  - The issue has been resolved and the services are back to operational.      Sep  11 ,  12:39  UTC    Monitoring  - USPS QR code generation has recovered and is currently functioning as expected. Our team is continuing to monitor the service closely to ensure stability.      Sep  11 ,  05:21  UTC    Update  - We are experiencing an interruption with USPS QR Code generation. Our team has reached out to USPS and is actively monitoring the situation. USPS label generation without QR codes is fully operational  We’ll keep you updated as soon as we receive a response from the carrier      Sep  11 ,  01:33  UTC    Investigating  - Hi Team, we are experiencing an interruption with USPS QR Code generation. Our team has reached out to USPS and is actively monitori",degraded_performance,,https://status.goshippo.com/incidents/twc3zm1kw3mf,2026-09-20T17:04:29.739894+00:00,direct
statuspage,Shippo,Shippo,platform_service,2026-09-10T13:50:36+00:00,2026-09-10T13:50:36+00:00,Elevated error rate on Shippo Web Dashboard,"Sep  10 ,  13:50  UTC    Resolved  - This incident has been resolved.      Sep  10 ,  01:30  UTC    Update  - We are continuing to monitor for any further issues.      Sep  10 ,  01:29  UTC    Monitoring  - A fix has been implemented and we are monitoring the results.      Sep   9 ,  21:57  UTC    Update  - We are continuing to investigate this issue.      Sep   9 ,  21:01  UTC    Investigating  - We are actively investigating an issue affecting order data from store connections. Missing order data may have occurred between September 8, 2026 at 09:17 UTC and September 9, 2026 at 14:56 UTC.  Our team is currently investigating the issue and working to determine the impact and resolution. We will provide further updates as more information becomes available.",degraded_performance,,https://status.goshippo.com/incidents/8qcr67br31b4,2026-09-20T17:04:29.739894+00:00,direct
statuspage,Shippo,Shippo,platform_service,2026-09-08T20:52:03+00:00,2026-09-08T20:52:03+00:00,Elevated error rates for the Lasership Transaction services,"Sep   8 ,  20:52  UTC    Resolved  - This incident has been resolved.      Sep   8 ,  19:22  UTC    Investigating  - We’re seeing elevated error rates for the Lasership Transaction services and it's affecting label generation. We are actively monitoring the status of these issues and will provide further updates soon.",degraded_performance,,https://status.goshippo.com/incidents/2kywprvq9st7,2026-09-20T17:04:29.739894+00:00,direct
statuspage,Shippo,Shippo,platform_service,2026-09-07T08:00:07+00:00,2026-09-07T08:00:07+00:00,USPS Tracking Maintenance,"Sep   7 ,  08:00  UTC    Completed  - The scheduled maintenance has been completed.      Sep   7 ,  00:00  UTC    In progress  - Scheduled maintenance is currently in progress. We will provide updates as necessary.      Sep   3 ,  20:42  UTC    Update  - We will be undergoing scheduled maintenance during this time.      Sep   3 ,  20:12  UTC    Scheduled  - USPS has a scheduled maintenance window on Sep 7, 2026 at 12:00 AM UTC. This will last up to 8 hours, During this time, tracking information will be intermittently unavailable. We recommend retrying any failed requests after maintenance is complete.",outage,,https://status.goshippo.com/incidents/s5td48j6jbf2,2026-09-20T17:04:29.739894+00:00,direct
statuspage,Shippo,Shippo,platform_service,2026-09-06T19:30:07+00:00,2026-09-06T19:30:07+00:00,USPS Maintenance,"Sep   6 ,  19:30  UTC    Completed  - The scheduled maintenance has been completed.      Sep   6 ,  11:00  UTC    In progress  - Scheduled maintenance is currently in progress. We will provide updates as necessary.      Sep   5 ,  19:52  UTC    Scheduled  - USPS will be performing patch updates on their Transaction APIs from Sep 6, 2025 at 11:00 AM UTC  for  8.5 hours  During this time, International and Military shipments Label generation will be affected retry once the service maintenance is completed",maintenance,,https://status.goshippo.com/incidents/kd6vg0ngkb25,2026-09-20T17:04:29.739894+00:00,direct
statuspage,Shippo,Shippo,platform_service,2026-09-06T01:07:53+00:00,2026-09-06T01:07:53+00:00,Elevated error rate on FedEx Shipment API,"Sep   6 ,  01:07  UTC    Resolved  - This incident has been resolved.      Sep   5 ,  09:40  UTC    Investigating  - We’re seeing elevated error rates for the FedEx Shipment API and it's affecting Rating service. We've reached out to the carrier and are actively monitoring the status of this issue and will provide further updates soon.",degraded_performance,,https://status.goshippo.com/incidents/8y622kznn9xb,2026-09-20T17:04:29.739894+00:00,direct
statuspage,Shippo,Shippo,platform_service,2026-09-05T21:44:19+00:00,2026-09-05T21:44:19+00:00,APG Tracking disruption,"Sep   5 ,  21:44  UTC    Resolved  - This incident has been resolved.      Sep   5 ,  19:12  UTC    Investigating  - We are experiencing an interruption in APG tracking events from the carrier. Our team has reached out to APG and is actively monitoring the situation. During this time, tracking updates may be delayed but will be sent once the carrier's API is restored.",outage,,https://status.goshippo.com/incidents/c2lty8wr3w7x,2026-09-20T17:04:29.739894+00:00,direct
statuspage,Shippo,Shippo,platform_service,2026-09-05T18:13:22+00:00,2026-09-05T18:13:22+00:00,Elevated error rate on UPS Shipment API,"Sep   5 ,  18:13  UTC    Resolved  - This incident has been resolved.      Sep   5 ,  09:38  UTC    Investigating  - We’re seeing elevated error rates for the UPS Shipment API and it's affecting Rating service. We've reached out to the carrier and are actively monitoring the status of this issue and will provide further updates soon.",degraded_performance,,https://status.goshippo.com/incidents/9c5fk06lmf80,2026-09-20T17:04:29.739894+00:00,direct
statuspage,ShipStation,ShipStation,platform_service,2026-09-17T21:04:13+00:00,2026-09-17T21:04:13+00:00,9/17/26 ShipStation Connect degraded performance,"Sep  17 ,  16:04  CDT    Resolved  - This incident has been resolved.      Sep  17 ,  15:06  CDT    Monitoring  - A fix has been implemented and we are monitoring the results.      Sep  17 ,  12:08  CDT    Investigating  - We are currently investigating reports regarding ShipStation Connect disconnecting and reconnecting.",degraded_performance,,https://status.shipstation.com/incidents/bkys4gc7zt1z,2026-09-20T17:04:30.279459+00:00,direct
statuspage,ShipStation,ShipStation,platform_service,2026-09-14T13:22:50+00:00,2026-09-14T13:22:50+00:00,Unable to generate and print Packing Slips & Batch labels,"Sep  14 ,  08:22  CDT    Resolved  - This incident has been resolved.      Sep  14 ,  02:53  CDT    Investigating  - We are currently investigating this issue.",other,,https://status.shipstation.com/incidents/rk44pwmgdrjl,2026-09-20T17:04:30.279459+00:00,direct
statuspage,ShipStation,ShipStation,platform_service,2026-09-11T15:03:17+00:00,2026-09-11T15:03:17+00:00,"DPD Local & DX - 'The carrier is currently unavailable, wait and try again.'","Sep  11 ,  10:03  CDT    Resolved  - This incident has been resolved.      Sep  11 ,  06:38  CDT    Update  - We are continuing to investigate this issue.      Sep  11 ,  03:51  CDT    Investigating  - We are currently investigating this issue.",outage,,https://status.shipstation.com/incidents/6fvrjwmkb3xs,2026-09-20T17:04:30.279459+00:00,direct
statuspage,ShipStation,ShipStation,platform_service,2026-09-10T10:54:37+00:00,2026-09-10T10:54:37+00:00,"APC Overnight - ""Collection Address Requires Phone Number""","Sep  10 ,  05:54  CDT    Resolved  - This incident has been resolved.      Sep  10 ,  05:06  CDT    Investigating  - APC have informed us of a known issue regarding error ""Please enter a phone number: Collection PhoneNumber""  We are currently investigating this in further detail.",other,,https://status.shipstation.com/incidents/r08kl39yfy6x,2026-09-20T17:04:30.279459+00:00,direct
statuspage,ShipStation,ShipStation,platform_service,2026-09-10T04:00:08+00:00,2026-09-10T04:00:08+00:00,Sapient Maintenance Activity,"Sep   9 ,  23:00  CDT    Completed  - The scheduled maintenance has been completed.      Sep   9 ,  20:00  CDT    In progress  - Scheduled maintenance is currently in progress. We will provide updates as necessary.      Sep   8 ,  06:34  CDT    Scheduled  - Carrier will be undergoing scheduled maintenance during this time",maintenance,,https://status.shipstation.com/incidents/nwhg7shb3g0x,2026-09-20T17:04:30.280459+00:00,direct
statuspage,ShipStation,ShipStation,platform_service,2026-08-28T11:07:56+00:00,2026-08-28T11:07:56+00:00,Orders Grid - Unable to load orders,"Aug  28 ,  06:07  CDT    Resolved  - This incident has been resolved.      Aug  28 ,  04:25  CDT    Investigating  - We are currently investigating this issue.",other,,https://status.shipstation.com/incidents/pcmvsskbvd6n,2026-09-20T17:04:30.280459+00:00,direct
statuspage,ShipStation,ShipStation,platform_service,2026-08-19T17:37:49+00:00,2026-08-19T17:37:49+00:00,ShipStation Latency and Login Issues,"Aug  19 ,  12:37  CDT    Resolved  - This incident has been resolved.      Aug  19 ,  09:57  CDT    Investigating  - ShipStation is aware of the technical issues impacting the ShipStation Platform. We are actively working to resolve this issue.  We will provide updates as they become available to us. Thank you for your patience!",degraded_performance,,https://status.shipstation.com/incidents/qv9j9bzx9y44,2026-09-20T17:04:30.280459+00:00,direct
statuspage,ShipStation,ShipStation,platform_service,2026-08-18T18:35:33+00:00,2026-08-18T18:35:33+00:00,Royal Mail by ShipStation Shipment Disruption,"Aug  18 ,  13:35  CDT    Monitoring  - Effective August 14, 2026: Royal Mail from ShipStation is temporarily suspended for shipments from the UK to Europe.  In the meantime, other European carriers remain available for your UK shipments at this time.",outage,,https://status.shipstation.com/incidents/9rnvr3vbsxk4,2026-09-20T17:04:30.280459+00:00,direct
statuspage,ShipStation,ShipStation,platform_service,2026-08-07T19:54:16+00:00,2026-08-07T19:54:16+00:00,Carrier Issues,"Aug   7 ,  14:54  CDT    Resolved  - Thank you for your patience while our integrators worked to resolve your issues.  Please refresh your browser to reflect the changes made.  Thank you for your patience and understanding.      Aug   7 ,  10:42  CDT    Investigating  - ShipStation is currently experiencing performance issues due to an ongoing Canada Post outage. We are actively monitoring their status and its impact on our platform. We will provide updates as they become available. Thank you for your patience.   You can follow the Canada Post status page here:   Visit the Canada Post Status Page",outage,,https://status.shipstation.com/incidents/rqctw0wrdgjf,2026-09-20T17:04:30.280459+00:00,direct
statuspage,ShipStation,ShipStation,platform_service,2026-07-31T20:00:10+00:00,2026-07-31T20:00:10+00:00,Team Global Express Maintenance,"Jul  31 ,  15:00  CDT    Completed  - The scheduled maintenance has been completed.      Jul  31 ,  09:00  CDT    In progress  - Scheduled maintenance is currently in progress. We will provide updates as necessary.      Jul  29 ,  01:29  CDT    Update  - We will be undergoing scheduled maintenance during this time.      Jul  31 ,  07:00  CDT    Update  - We will be undergoing scheduled maintenance during this time.      Jul  31 ,  07:00  CDT    Scheduled  - We received the information from the carrier Team Global Express about the maintenance of their API: Dear Valued Customers & Partners, To enhance your experience through upcoming platform upgrades, Team Global Express will be conducting planned system maintenance. This will require a temporary outage of the MyTeamGE Portal and API servi",outage,,https://status.shipstation.com/incidents/nzdf73dgfdp4,2026-09-20T17:04:30.280459+00:00,direct
statuspage,ShipStation,ShipStation,platform_service,2026-07-21T21:00:13+00:00,2026-07-21T21:00:13+00:00,Royal Mail maintenance,"Jul  21 ,  16:00  CDT    Completed  - The scheduled maintenance has been completed.      Jul  21 ,  14:00  CDT    In progress  - Scheduled maintenance is currently in progress. We will provide updates as necessary.      Jul  15 ,  08:44  CDT    Scheduled  - Royal Mail module performance can decrease during the maintenance window.  Message from the provider:  We wanted to let you know that we’ll be rolling out new features and system improvements on Tuesday, 21st July 2026. As part of our standard deployment process, updates are designed to be seamless, with no downtime expected for users.  Deployment window Start: 21 July 2026 – 20:00 (BST) End: 21 July 2026 – 22:00 (BST)  During this time, you may notice brief and minimal increases in response times as the update is applied, but there sho",maintenance,,https://status.shipstation.com/incidents/fv8kwvlt5qvr,2026-09-20T17:04:30.280459+00:00,direct
statuspage,ShipStation,ShipStation,platform_service,2026-07-14T18:28:04+00:00,2026-07-14T18:28:04+00:00,Duplicate package option,"Jul  14 ,  13:28  CDT    Resolved  - This incident has been resolved.      Jul  14 ,  12:09  CDT    Identified  - We are aware of an issue with the duplicate package option for multi-package shipments and are working on a fix.",other,,https://status.shipstation.com/incidents/54cndqyfvvxg,2026-09-20T17:04:30.280459+00:00,direct
statuspage,ShipStation,ShipStation,platform_service,2026-07-13T17:57:06+00:00,2026-07-13T17:57:06+00:00,Carrier Issues,"Jul  13 ,  12:57  CDT    Resolved  - This incident has been resolved.      Jul  13 ,  12:01  CDT    Monitoring  - A fix has been implemented and we are monitoring the results.      Jul  12 ,  22:47  CDT    Investigating  - ShipStation Engineers are aware of the technical issues impacting Stamps international labels from being created. We are actively working to resolve this issue and will provide updates as they become available to us.   Thank you for your patience!",other,,https://status.shipstation.com/incidents/w7h0lvzy5w3l,2026-09-20T17:04:30.280459+00:00,direct
statuspage,ShipStation,ShipStation,platform_service,2026-07-13T04:00:09+00:00,2026-07-13T04:00:09+00:00,Evri API maintenance,"Jul  12 ,  23:00  CDT    Completed  - The scheduled maintenance has been completed.      Jul  12 ,  22:00  CDT    In progress  - Scheduled maintenance is currently in progress. We will provide updates as necessary.      Jul   2 ,  08:14  CDT    Scheduled  - Carrier Evri is planning the maintenance on 12 July. Here is more detailed info from the carrier:  Temporary service interruption from 03:00 to 04:00 BST on Sunday 12 July 2026  We would like to inform you of planned IT maintenance that will take place on Sunday 12 July 2026 between 03:00 and 04:00 BST.  During this time, Evri IT teams will be carrying out essential maintenance on a number of critical systems. As a result, some services will be temporarily unavailable during the maintenance window.  Services affected:  Client Self‑Serve",outage,,https://status.shipstation.com/incidents/lttbgg7fmc23,2026-09-20T17:04:30.280459+00:00,direct
statuspage,ShipStation,ShipStation,platform_service,2026-07-08T14:28:14+00:00,2026-07-08T14:28:14+00:00,EU De Minimis Removal Disruptions,"Jul   8 ,  09:28  CDT    Monitoring  - Effective July 1, the European Union introduced a new €3 flat-rate customs duty per HS code for items valued under €150, in addition to import VAT.  Learn more here .   GlobalPost:  Due to new EU regulations, Germany is no longer accepting IOSS DDU shipments valued under €150, and France will only accept them through the end of July. To avoid automatic returns, customs delays, or extra fees, we highly recommend using our DDP services including, GlobalPost Plus or GlobalPost Plus Duties & Taxes Included. See details  here .   Canada Post:  Effective July 3, 2026, Canada Post is temporarily suspending parcel acceptance to select European Union destinations due to new EU customs requirements for low value shipments. See details  here .",outage,,https://status.shipstation.com/incidents/8qlvn0g9ymwb,2026-09-20T17:04:30.280459+00:00,direct
statuspage,ShipStation,ShipStation,platform_service,2026-06-30T19:27:14+00:00,2026-06-30T19:27:14+00:00,Login issues,"Jun  30 ,  14:27  CDT    Resolved  - This incident has been resolved.      Jun  30 ,  11:40  CDT    Identified  - We are aware of the following error when attempting to load ShipStation and are working on a fix.  Request failed with status code 504. Url was /seller/labelproviders",other,,https://status.shipstation.com/incidents/84j4s5lnvdhq,2026-09-20T17:04:30.280459+00:00,direct
statuspage,ShipStation,ShipStation,platform_service,2026-06-25T22:52:05+00:00,2026-06-25T22:52:05+00:00,Australia Post from ShipStation - Label Creation Issue,"Jun  25 ,  17:52  CDT    Resolved  - This issue has now been resolved and labels can now be created again when using Australia Post from ShipStation.      Jun  25 ,  01:47  CDT    Investigating  - We are aware of an issue with creating labels using Australia Post from ShipStation and are actively investigating this. In the interim, we recommend using other ShipStation carriers to continue to ship packages.",other,,https://status.shipstation.com/incidents/9wdjcv8q3hw5,2026-09-20T17:04:30.280459+00:00,direct
statuspage,ShipStation,ShipStation,platform_service,2026-06-11T22:06:16+00:00,2026-06-11T22:06:16+00:00,Carrier Issues - UPS label creation,"Jun  11 ,  17:06  CDT    Resolved  - This incident has been resolved.      Jun  11 ,  16:32  CDT    Investigating  - ShipStation Engineers are aware of the technical issues impacting UPS label creation. We are actively working to resolve this issue and will provide updates as they become available to us.  Thank you for your patience!",other,,https://status.shipstation.com/incidents/btlmy6tr67gr,2026-09-20T17:04:30.280459+00:00,direct
statuspage,ShipStation,ShipStation,platform_service,2026-06-03T22:16:59+00:00,2026-06-03T22:16:59+00:00,ShipStation Login Issue,"Jun   3 ,  17:16  CDT    Resolved  - Earlier today, ShipStation identified an issue affecting some merchants' ability to log in. Our engineers have confirmed this issue should now be resolved.      Jun   3 ,  16:32  CDT    Monitoring  - A fix has been implemented and we are monitoring the results.      Jun   3 ,  12:54  CDT    Investigating  - ShipStation identified an issue that affected some merchants' ability to log in. Our engineers are currently investigating the issue.",other,,https://status.shipstation.com/incidents/tv3xn1m4ztmh,2026-09-20T17:04:30.280459+00:00,direct
statuspage,ShipStation,ShipStation,platform_service,2026-06-03T16:13:10+00:00,2026-06-03T16:13:10+00:00,Shopify Marketplace Issues,"Jun   3 ,  11:13  CDT    Resolved  - This incident has been resolved.      Jun   3 ,  09:19  CDT    Monitoring  - ShipStation is currently experiencing performance issues due to an ongoing Shopify outage. We are actively monitoring their status and its impact on our platform. We will provide updates as they become available. Thank you for your patience.   You can follow the Shopify status page here:  Visit the Shopify Status Page",outage,,https://status.shipstation.com/incidents/njg3hyvzbqwx,2026-09-20T17:04:30.280459+00:00,direct
statuspage,ShipStation,ShipStation,platform_service,2026-06-01T18:58:48+00:00,2026-06-01T18:58:48+00:00,ShipStation Login Issues,"Jun   1 ,  13:58  CDT    Resolved  - After monitoring the fix regarding ShipStation logins we have not seen any new instances of the issue and are happy to announce this has been resolved.      Jun   1 ,  12:52  CDT    Monitoring  - A fix has been implemented and we are monitoring the results.      Jun   1 ,  12:18  CDT    Investigating  - ShipStation is aware of the technical issues impacting logins. We are actively working to resolve this issue.  We will provide updates as they become available to us. Thank you for your patience!",other,,https://status.shipstation.com/incidents/drc33rsckmd2,2026-09-20T17:04:30.280459+00:00,direct
statuspage,ShipStation,ShipStation,platform_service,2026-05-09T16:27:21+00:00,2026-05-09T16:27:21+00:00,Amazon Performance Issues,"May   9 ,  11:27  CDT    Resolved  - Amazon's AWS performance issue has been resolved and store connectivity functions should be fully operational for ShipStation merchants.      May   7 ,  23:03  CDT    Monitoring  - We are currently monitoring an Amazon Web Services (AWS) outage that may be affecting store connectivity for ShipStation merchants. Our team is monitoring the situation closely and will provide updates as new information becomes available.",outage,,https://status.shipstation.com/incidents/dhdxb4vyvk4c,2026-09-20T17:04:30.280459+00:00,direct
statuspage,ShipStation,ShipStation,platform_service,2026-05-06T19:14:19+00:00,2026-05-06T19:14:19+00:00,Store import error: Invalid object name 'OPENJSON'.,"May   6 ,  14:14  CDT    Resolved  - This incident has been resolved.      May   6 ,  13:13  CDT    Update  - The fix has been fully released.  You may need to manually refresh your store in the top right      May   6 ,  12:52  CDT    Update  - The fix has been released for most stores.  You may need to manually refresh your store in the top right      May   6 ,  12:39  CDT    Monitoring  - We are currently releasing a fix for a store import error Invalid object name 'OPENJSON'.  affecting for multiple selling channels.   ETA: 30 minutes",other,,https://status.shipstation.com/incidents/s32wvq4dlth1,2026-09-20T17:04:30.280459+00:00,direct
statuspage,ShipStation,ShipStation,platform_service,2026-04-21T18:36:23+00:00,2026-04-21T18:36:23+00:00,ShipStation,"Apr  21 ,  13:36  CDT    Resolved  - This incident has been resolved      Apr  21 ,  10:28  CDT    Update  - We are continuing to work on a fix for this issue.      Apr  20 ,  21:30  CDT    Identified  - ShipStation is aware of latency and address validation issues on our platform. We are actively working to resolve this issue and will provide updates as they become available. Thank you for your patience.",degraded_performance,,https://status.shipstation.com/incidents/jtgp6qvrqvx3,2026-09-20T17:04:30.280459+00:00,direct
statuspage,ShipStation,ShipStation,platform_service,2026-04-14T20:51:59+00:00,2026-04-14T20:51:59+00:00,Issues Creating Labels using Canada Post by ShipStation,"Apr  14 ,  15:51  CDT    Resolved  - This incident has been resolved.      Apr   8 ,  14:54  CDT    Investigating  - We are currently investigating an issue preventing some users from generating Canada Post by ShipStation labels. Our team is working to resolve this as quickly as possible.",other,,https://status.shipstation.com/incidents/dqc4yvpk4l28,2026-09-20T17:04:30.280459+00:00,direct
statuspage,Olo,Olo,platform_service,2026-09-17T13:53:14+00:00,2026-09-17T13:53:14+00:00,Payment Gateway Issues: FreedomPay And ApplePay,"Sep  17 ,  09:53  EDT    Resolved  - This incident has been resolved.      Sep  17 ,  09:32  EDT    Monitoring  - We're seeing Freedompay and ApplePay transactions return to normal and continue to monitor the situation.      Sep  16 ,  20:22  EDT    Update  - We are continuing to investigate this issue.      Sep  16 ,  17:27  EDT    Investigating  - We're detecting elevated errors processing payments through FreedomPay and ApplePay.  Ordering may be affected at locations using FreedomPay as their payment gateway",degraded_performance,,https://status.olo.com/incidents/2vqq446t7xmh,2026-09-20T17:04:30.783586+00:00,direct
statuspage,Olo,Olo,platform_service,2026-09-16T19:25:28+00:00,2026-09-16T19:25:28+00:00,Payment Processor Issues: Paymentech,"Sep  16 ,  15:25  EDT    Resolved  - This incident has been resolved.      Sep  16 ,  15:15  EDT    Monitoring  - We are seeing Paymentech transactions return to normal and continue to monitor the situation.      Sep  16 ,  15:02  EDT    Update  - We're detecting elevated errors processing payments through Paymentech. Ordering may be affected at locations using Paymentech as their payment provider.      Sep  16 ,  14:51  EDT    Investigating  - We're detecting elevated errors processing payments through Paymentech. Ordering may be affected at locations using Paymentech as their payment provider.",degraded_performance,,https://status.olo.com/incidents/smp2bn3q16nv,2026-09-20T17:04:30.783586+00:00,direct
statuspage,Olo,Olo,platform_service,2026-09-10T07:00:08+00:00,2026-09-10T07:00:08+00:00,Spendgo Loyalty Platform Maintenance,"Sep  10 ,  03:00  EDT    Completed  - The scheduled maintenance has been completed.      Sep  10 ,  01:30  EDT    In progress  - Scheduled maintenance is currently in progress. We will provide updates as necessary.      Sep   3 ,  13:11  EDT    Scheduled  - We will be conducting maintenance on our SpendGo Loyalty infrastructure.  SpendGo Loyalty services (portal, APIs, dashboard) may be unavailable for up to 5 minutes during this time window.",outage,,https://status.olo.com/incidents/r9q36525jr4x,2026-09-20T17:04:30.783586+00:00,direct
statuspage,Olo,Olo,platform_service,2026-09-01T18:53:33+00:00,2026-09-01T18:53:33+00:00,Menu image partner disruption,"Sep   1 ,  14:53  EDT    Resolved  - This incident has been resolved.      Sep   1 ,  14:37  EDT    Update  - We are continuing to monitor for any further issues.      Sep   1 ,  14:33  EDT    Monitoring  - Rendering errors have recovered and we are actively monitoring at this time.      Sep   1 ,  13:57  EDT    Identified  - Our image provider has notified us that they are aware of the issue and are putting mitigations in place. We will provide further updates as they become available.      Sep   1 ,  13:36  EDT    Investigating  - We are investigating elevated rendering errors with our menu image provider. Some menu images may not render correctly during this time. We will provide updates as they become available.",outage,,https://status.olo.com/incidents/xpk2c9lxx2bd,2026-09-20T17:04:30.783586+00:00,direct
statuspage,Olo,Olo,platform_service,2026-08-26T15:52:37+00:00,2026-08-26T15:52:37+00:00,Some reporting data is delayed,"Aug  26 ,  11:52  EDT    Resolved  - Our data pipelines have completed processing and both reports and dashboards are up to date. This incident has been resolved.      Aug  26 ,  11:28  EDT    Monitoring  - A fix has been implemented and we are monitoring the results. Some reports and dashboards will be stale, we are quickly processing through the data. We will provide updates as they become available.      Aug  26 ,  07:29  EDT    Investigating  - We are investigating an issue with our data pipelines which may cause outdated data in parts of Dashboard and reporting.",other,,https://status.olo.com/incidents/3bxk5cr60zw4,2026-09-20T17:04:30.783586+00:00,direct
statuspage,Olo,Olo,platform_service,2026-08-23T03:38:32+00:00,2026-08-23T03:38:32+00:00,Some reporting data is delayed,"Aug  22 ,  23:38  EDT    Resolved  - The Issue with our data pipelines has been resolved, both Dashboard and reporting data is up to date.      Aug  22 ,  20:14  EDT    Update  - We continue to see progress processing the data pipeline backlog.  We are continuing to monitor for any further issues.      Aug  22 ,  16:53  EDT    Monitoring  - A fix has been implemented and we are monitoring the results.      Aug  22 ,  16:49  EDT    Identified  - The issue has been identified and a fix is being implemented.      Aug  22 ,  16:45  EDT    Investigating  - We are investigating an issue with our data pipelines which may cause outdated data in parts of Dashboard and reporting.",delivery_delay,,https://status.olo.com/incidents/51724521hjjq,2026-09-20T17:04:30.783586+00:00,direct
statuspage,Olo,Olo,platform_service,2026-07-14T17:54:40+00:00,2026-07-14T17:54:40+00:00,Some reporting data is delayed,"Jul  14 ,  13:54  EDT    Resolved  - The Issue with our data pipelines has been resolved, both Dashboard and reporting data is up to date.      Jul  14 ,  12:06  EDT    Update  - We are continuing to investigate this issue.      Jul  14 ,  12:06  EDT    Investigating  - We are investigating an issue with our data pipelines which may cause outdated data in parts of Dashboard and reporting.",other,,https://status.olo.com/incidents/473wx9lw6rfn,2026-09-20T17:04:30.784586+00:00,direct
statuspage,Olo,Olo,platform_service,2026-07-13T18:48:54+00:00,2026-07-13T18:48:54+00:00,Menu Eighty Sixing Processing Delays,"Jul  13 ,  14:48  EDT    Resolved  - Menu Eighty Sixing processes are functioning normally, this incident has been resolved.      Jul  13 ,  13:23  EDT    Monitoring  - A fix has been implemented and we are monitoring the results.      Jul  13 ,  12:48  EDT    Identified  - Menu Eighty Sixing events are processing slower than normal, the issue has been identified and a fix is being implemented.",degraded_performance,,https://status.olo.com/incidents/7w9b0clwr371,2026-09-20T17:04:30.784586+00:00,direct
statuspage,Olo,Olo,platform_service,2026-07-11T04:59:31+00:00,2026-07-11T04:59:31+00:00,Menu Eighty Sixing Processing Delays,"Jul  11 ,  00:59  EDT    Resolved  - Eighty Sixing events are now processing through our systems as expected, this incident has been resolved.      Jul  10 ,  22:49  EDT    Monitoring  - We're observing Eighty Sixing events processing through our systems, brands might experience some delays while we work through the backlog of events. Engineers are actively monitoring this issue, we'll provide updates as they become available.      Jul  10 ,  22:22  EDT    Investigating  - We're investigating issues with Menu Eighty Sixing. We will provide updates as they become available.",delivery_delay,,https://status.olo.com/incidents/3f8hkmrlyl7g,2026-09-20T17:04:30.784586+00:00,direct
statuspage,Olo,Olo,platform_service,2026-07-05T02:35:54+00:00,2026-07-05T02:35:54+00:00,Ordering Disruption,"Jul   4 ,  22:35  EDT    Resolved  - This incident has been resolved.      Jul   4 ,  20:05  EDT    Monitoring  - A fix has been implemented and we are monitoring the results.      Jul   4 ,  19:53  EDT    Investigating  - We are investigating a disruption in ordering capabilities for Switchboard and will provide updates as they become available.",outage,,https://status.olo.com/incidents/6ws40tv8nbbk,2026-09-20T17:04:30.784586+00:00,direct
statuspage,Olo,Olo,platform_service,2026-06-29T01:28:52+00:00,2026-06-29T01:28:52+00:00,Elevated API Errors,"Jun  28 ,  21:28  EDT    Resolved  - This incident has been resolved.      Jun  28 ,  20:46  EDT    Monitoring  - A fix has been implemented and we are monitoring the results.      Jun  28 ,  20:28  EDT    Identified  - The issue has been identified and a fix is being implemented.      Jun  28 ,  20:16  EDT    Investigating  - We're experiencing an elevated level of API errors and are currently looking into the issue.",other,,https://status.olo.com/incidents/qx3d0w2w4js5,2026-09-20T17:04:30.784586+00:00,direct
statuspage,Olo,Olo,platform_service,2026-06-29T01:25:23+00:00,2026-06-29T01:25:23+00:00,DoorDash Service Disruption,"Jun  28 ,  21:25  EDT    Resolved  - This incident has been resolved.      Jun  28 ,  20:30  EDT    Monitoring  - Service with DoorDash has returned to normal and we are actively monitoring at this time.      Jun  28 ,  19:24  EDT    Update  - We are experiencing a service disruption with DoorDash that would cause problems with Rails orders and Courier Status updates. We will provide updates as they become available.      Jun  28 ,  18:51  EDT    Investigating  - We are experiencing a service disruption with DoorDash that would cause problems with Rails orders. We will provide updates as they become available.",outage,,https://status.olo.com/incidents/vx9l9cst64y8,2026-09-20T17:04:30.784586+00:00,direct
statuspage,Olo,Olo,platform_service,2026-06-21T22:21:18+00:00,2026-06-21T22:21:18+00:00,Point of Sale Partner Issues: NCR Cloud,"Jun  21 ,  18:21  EDT    Resolved  - This incident has been resolved.      Jun  21 ,  18:03  EDT    Monitoring  - We are seeing orders being processed successfully through NCR.  We are continuing to monitor the situation.      Jun  21 ,  15:42  EDT    Investigating  - We're detecting elevated errors processing orders through NCR Cloud. Ordering may be affected at locations using NCR Cloud as their point of sale provider.",degraded_performance,,https://status.olo.com/incidents/mdt1d0hpz170,2026-09-20T17:04:30.784586+00:00,direct
statuspage,Olo,Olo,platform_service,2026-06-16T16:24:52+00:00,2026-06-16T16:24:52+00:00,DoorDash Service Disruption,"Jun  16 ,  12:24  EDT    Resolved  - This incident has been resolved.      Jun  16 ,  11:54  EDT    Monitoring  - Service with DoorDash has returned to normal and we are actively monitoring at this time.      Jun  16 ,  11:24  EDT    Identified  - DoorDash has identified the issue and is implementing a fix.      Jun  16 ,  10:21  EDT    Update  - We are continuing to investigate this issue.      Jun  16 ,  10:11  EDT    Investigating  - We are experiencing a service disruption with DoorDash that would cause problems with Rails orders. We will provide updates as they become available.",outage,,https://status.olo.com/incidents/3db4qvvlmdbs,2026-09-20T17:04:30.784586+00:00,direct
statuspage,Olo,Olo,platform_service,2026-06-10T17:20:00+00:00,2026-06-10T17:20:00+00:00,Payment Gateway Issues: FreedomPay,"Jun  10 ,  13:20  EDT    Resolved  - This incident has been resolved.      Jun  10 ,  13:14  EDT    Identified  - FreedomPay has identified an issue on their end.",other,,https://status.olo.com/incidents/6ps24t2fyw2c,2026-09-20T17:04:30.784586+00:00,direct
statuspage,Olo,Olo,platform_service,2026-06-09T05:00:07+00:00,2026-06-09T05:00:07+00:00,Serve Platform Improvements,"Jun   9 ,  01:00  EDT    Completed  - The scheduled maintenance has been completed.      Jun   9 ,  00:00  EDT    In progress  - Scheduled maintenance is currently in progress. We will provide updates as necessary.      Jun   8 ,  12:19  EDT    Scheduled  - On June 9th, between 12:00 AM - 1:00 AM EST, we will perform scheduled maintenance on the Serve platform to improve deployment stability and enhance system reliability.  Minimal to no impact is expected for most users. During the maintenance window, there may be brief interruptions to order placement on the Serve web and mobile apps. Any disruptions are expected to be short-lived and resolved quickly.  We will provide updates here as maintenance progresses and notify you when work is complete.",outage,,https://status.olo.com/incidents/b4yl97zqytgb,2026-09-20T17:04:30.784586+00:00,direct
statuspage,Olo,Olo,platform_service,2026-06-07T01:16:35+00:00,2026-06-07T01:16:35+00:00,Dispatch Service Disruption: Postmates,"Jun   6 ,  21:16  EDT    Resolved  - This incident has been resolved.      Jun   6 ,  20:42  EDT    Investigating  - We are experiencing a service disruption with Postmates that would cause problems with Dispatch. We will provide updates as they become available.",outage,,https://status.olo.com/incidents/g928hgj5712f,2026-09-20T17:04:30.784586+00:00,direct
statuspage,Olo,Olo,platform_service,2026-06-04T01:36:50+00:00,2026-06-04T01:36:50+00:00,Intermittent Serve App issues on both iOS and Android devices.,"Jun   3 ,  21:36  EDT    Resolved  - This incident has been resolved.      Jun   3 ,  21:10  EDT    Monitoring  - A fix has been implemented and we're observing the results on our end. We'll provide updates as they become available.      Jun   3 ,  20:13  EDT    Update  - Our engineering team is continuing to work on a fix for this issue. We will provide updates as they become available.      Jun   3 ,  17:45  EDT    Identified  - The issue has been identified and our engineering team is working through a fix. We will provide updates as they become available.      Jun   3 ,  13:27  EDT    Update  - We are continuing to investigate the issue, we will provide updates as they become available.      Jun   3 ,  11:17  EDT    Investigating  - We are investigating a known issue with the Serve iOS",other,,https://status.olo.com/incidents/67bbf3dt4hw0,2026-09-20T17:04:30.784586+00:00,direct
statuspage,Olo,Olo,platform_service,2026-05-30T18:35:25+00:00,2026-05-30T18:35:25+00:00,Dispatch Service Disruption: Doordash,"May  30 ,  14:35  EDT    Resolved  - This incident has been resolved.      May  30 ,  14:25  EDT    Monitoring  - A fix has been implemented and we are monitoring the results.      May  30 ,  13:52  EDT    Identified  - We've identified that only quotes and deliveries for Doordash are impacted. All other DSP's appear operational.      May  30 ,  13:33  EDT    Investigating  - We are experiencing a service disruption with Doordash that would cause problems with Dispatch. We will provide updates as they become available.",outage,,https://status.olo.com/incidents/jsgshknlw6j0,2026-09-20T17:04:30.784586+00:00,direct
statuspage,Olo,Olo,platform_service,2026-05-13T15:18:24+00:00,2026-05-13T15:18:24+00:00,Some reporting data is delayed,"May  13 ,  11:18  EDT    Resolved  - This incident has been resolved.      May  13 ,  11:07  EDT    Monitoring  - Reporting data is current and we are experiencing recovery.      May  13 ,  09:02  EDT    Identified  - The issue has been identified and a backlog in reporting data is currently being processed. Customers may experience stale or missing data from their scheduled and Dashboard reports.      May  13 ,  08:54  EDT    Investigating  - We are investigating an issue with our data pipelines which may cause outdated data in parts of Dashboard and reporting.",delivery_delay,,https://status.olo.com/incidents/x99k76fgxztq,2026-09-20T17:04:30.784586+00:00,direct
statuspage,Olo,Olo,platform_service,2026-05-12T20:41:46+00:00,2026-05-12T20:41:46+00:00,Switchboard: Increased Errors Generating SMS Links,"May  12 ,  16:41  EDT    Resolved  - This incident has been resolved.      May  12 ,  16:15  EDT    Monitoring  - A fix has been implemented and we are monitoring the results.      May  12 ,  14:43  EDT    Identified  - The provider for our SMS links has confirmed that the issue is occurring within their system, and we are awaiting resolution.      May  12 ,  12:38  EDT    Update  - We are continuing to investigate this issue.      May  12 ,  09:59  EDT    Investigating  - We're currently investigating an issue generating short links in Switchboard.  Users may experience errors when attempting to pay with SMS.  Operators should use Pay by Email as a workaround.  We will provide updates as they become available.",other,,https://status.olo.com/incidents/39s9khsdc0tn,2026-09-20T17:04:30.784586+00:00,direct
statuspage,Olo,Olo,platform_service,2026-05-12T19:51:18+00:00,2026-05-12T19:51:18+00:00,Payment Processor Issues: Paytronix,"May  12 ,  15:51  EDT    Resolved  - This incident has been resolved.      May  12 ,  12:32  EDT    Monitoring  - A fix has been implemented and we are monitoring the results.      May  12 ,  12:24  EDT    Identified  - Paytronix has identified an issue on their end.",other,,https://status.olo.com/incidents/m842w3gshtcd,2026-09-20T17:04:30.784586+00:00,direct
statuspage,Olo,Olo,platform_service,2026-05-08T06:44:29+00:00,2026-05-08T06:44:29+00:00,Ordering Disruption,"May   8 ,  02:44  EDT    Resolved  - This incident has been resolved.      May   7 ,  22:17  EDT    Monitoring  - A fix has been implemented and we are monitoring the results.      May   7 ,  21:04  EDT    Investigating  - We are investigating a disruption in ordering capabilities due to an AWS outage and will provide updates as they become available.",outage,,https://status.olo.com/incidents/7bcwpjrcjq0v,2026-09-20T17:04:30.784586+00:00,direct
statuspage,Olo,Olo,platform_service,2026-04-27T19:41:09+00:00,2026-04-27T19:41:09+00:00,Payment Processor Issues: Paymentech,"Apr  27 ,  15:41  EDT    Resolved  - This incident has been resolved.      Apr  27 ,  15:30  EDT    Monitoring  - We are seeing Paymentech transactions return to normal and continue to monitor the situation.      Apr  27 ,  14:35  EDT    Investigating  - We're detecting elevated errors processing payments through Paymentech. Ordering may be affected at locations using Paymentech as their payment provider.",degraded_performance,,https://status.olo.com/incidents/g8wjk7y4ynkl,2026-09-20T17:04:30.784586+00:00,direct
statuspage,Olo,Olo,platform_service,2026-04-21T20:37:10+00:00,2026-04-21T20:37:10+00:00,Payment Processor Issues: NCR,"Apr  21 ,  16:37  EDT    Resolved  - This incident has been resolved.      Apr  21 ,  16:20  EDT    Monitoring  - A fix has been implemented and we are monitoring the results.      Apr  21 ,  15:23  EDT    Identified  - NCR has identified the cause and is making the necessary changes to resolve the issue.      Apr  21 ,  15:01  EDT    Investigating  - We're detecting elevated errors processing payments through NCR. Ordering may be affected at locations using NCR as their payment provider.",degraded_performance,,https://status.olo.com/incidents/4xb83rzs3g6g,2026-09-20T17:04:30.784586+00:00,direct
statuspage,Stripe,Stripe,platform_service,2026-10-18T18:00:00+00:00,2026-10-18T18:00:00+00:00,Scheduled maintenance for FPX,"THIS IS A SCHEDULED EVENT Oct  18 ,  18:00  -  20:00  UTC      Sep  15 ,  15:10  UTC    Scheduled  - FPX has an upcoming scheduled maintenance.  Note: Stripe retrieves payment method planned maintenance information from payment method partners and the information may not be complete, accurate, or up to date.",maintenance,,https://www.stripestatus.com/incidents/dctmx6cdsmzx,2026-09-20T17:04:31.232995+00:00,direct
statuspage,Stripe,Stripe,platform_service,2026-10-18T00:00:00+00:00,2026-10-18T00:00:00+00:00,Scheduled maintenance for Swish - Nordea,"THIS IS A SCHEDULED EVENT Oct  18 ,  00:00  -  05:00  UTC      Sep   7 ,  07:50  UTC    Scheduled  - Swish - Nordea has an upcoming scheduled maintenance.  Note: Stripe retrieves payment method planned maintenance information from payment method partners and the information may not be complete, accurate, or up to date.",maintenance,,https://www.stripestatus.com/incidents/yj7zs3ww7d16,2026-09-20T17:04:31.232995+00:00,direct
statuspage,Stripe,Stripe,platform_service,2026-10-13T18:00:00+00:00,2026-10-13T18:00:00+00:00,Scheduled maintenance for FPX,"THIS IS A SCHEDULED EVENT Oct  13 ,  18:00  -  20:00  UTC      Sep  15 ,  15:10  UTC    Scheduled  - FPX has an upcoming scheduled maintenance.  Note: Stripe retrieves payment method planned maintenance information from payment method partners and the information may not be complete, accurate, or up to date.",maintenance,,https://www.stripestatus.com/incidents/854bp95vpwvz,2026-09-20T17:04:31.232995+00:00,direct
statuspage,Stripe,Stripe,platform_service,2026-10-06T00:00:00+00:00,2026-10-06T00:00:00+00:00,Scheduled maintenance for Swish,"THIS IS A SCHEDULED EVENT Oct  6 ,  00:00  -  03:00  UTC      Aug  25 ,  07:50  UTC    Scheduled  - Swish has an upcoming scheduled maintenance.  Note: Stripe retrieves payment method planned maintenance information from payment method partners and the information may not be complete, accurate, or up to date.",maintenance,,https://www.stripestatus.com/incidents/cg8g95sffx7w,2026-09-20T17:04:31.232995+00:00,direct
statuspage,Stripe,Stripe,platform_service,2026-10-04T02:00:00+00:00,2026-10-04T02:00:00+00:00,Scheduled maintenance for Swish - Sparbanken Syd,"THIS IS A SCHEDULED EVENT Oct  4 ,  02:00  -  04:00  UTC      Sep  17 ,  11:50  UTC    Scheduled  - Swish - Sparbanken Syd has an upcoming scheduled maintenance.  Note: Stripe retrieves payment method planned maintenance information from payment method partners and the information may not be complete, accurate, or up to date.",maintenance,,https://www.stripestatus.com/incidents/7ylhydtd2b1t,2026-09-20T17:04:31.232995+00:00,direct
statuspage,Stripe,Stripe,platform_service,2026-10-01T06:00:00+00:00,2026-10-01T06:00:00+00:00,Scheduled maintenance for Affirm,"THIS IS A SCHEDULED EVENT Oct  1 ,  06:00  -  10:00  UTC      Sep  17 ,  16:20  UTC    Scheduled  - Affirm has an upcoming scheduled maintenance.  Note: Stripe retrieves payment method planned maintenance information from payment method partners and the information may not be complete, accurate, or up to date.",maintenance,,https://www.stripestatus.com/incidents/pqmgyr6bn422,2026-09-20T17:04:31.232995+00:00,direct
statuspage,Stripe,Stripe,platform_service,2026-10-01T06:00:00+00:00,2026-10-01T06:00:00+00:00,Scheduled maintenance for Affirm,"THIS IS A SCHEDULED EVENT Oct  1 ,  06:00  -  07:00  UTC      Sep  16 ,  14:43  UTC    Scheduled  - Affirm has an upcoming scheduled maintenance.  Note: Stripe retrieves payment method planned maintenance information from payment method partners and the information may not be complete, accurate, or up to date.",maintenance,,https://www.stripestatus.com/incidents/j7vbf7s2hq7x,2026-09-20T17:04:31.232995+00:00,direct
statuspage,Stripe,Stripe,platform_service,2026-09-23T20:00:00+00:00,2026-09-23T20:00:00+00:00,Scheduled maintenance for TWINT,"THIS IS A SCHEDULED EVENT Sep  23 ,  20:00  UTC  -  Sep  24 ,  01:00  UTC      Sep  18 ,  07:00  UTC    Scheduled  - TWINT has an upcoming scheduled maintenance.  Note: Stripe retrieves payment method planned maintenance information from payment method partners and the information may not be complete, accurate, or up to date.",maintenance,,https://www.stripestatus.com/incidents/gj75gq5rcx1s,2026-09-20T17:04:31.232995+00:00,direct
statuspage,Stripe,Stripe,platform_service,2026-09-23T07:00:00+00:00,2026-09-23T07:00:00+00:00,Scheduled maintenance for TWINT,"THIS IS A SCHEDULED EVENT Sep  23 ,  07:00  UTC  -  Oct  5 ,  16:00  UTC      Sep  17 ,  09:40  UTC    Scheduled  - TWINT has an upcoming scheduled maintenance.  Note: Stripe retrieves payment method planned maintenance information from payment method partners and the information may not be complete, accurate, or up to date.",maintenance,,https://www.stripestatus.com/incidents/vqz82mn603jc,2026-09-20T17:04:31.232995+00:00,direct
statuspage,Stripe,Stripe,platform_service,2026-09-23T02:00:00+00:00,2026-09-23T02:00:00+00:00,Scheduled maintenance for Bancontact,"THIS IS A SCHEDULED EVENT Sep  23 ,  02:00  -  04:00  UTC      Sep  17 ,  09:40  UTC    Scheduled  - Bancontact has an upcoming scheduled maintenance.  Note: Stripe retrieves payment method planned maintenance information from payment method partners and the information may not be complete, accurate, or up to date.",maintenance,,https://www.stripestatus.com/incidents/440q40nyg9tz,2026-09-20T17:04:31.232995+00:00,direct
statuspage,Stripe,Stripe,platform_service,2026-09-22T23:00:00+00:00,2026-09-22T23:00:00+00:00,Scheduled maintenance for TWINT,"THIS IS A SCHEDULED EVENT Sep  22 ,  23:00  UTC  -  Sep  23 ,  00:00  UTC      Sep  18 ,  10:20  UTC    Scheduled  - TWINT has an upcoming scheduled maintenance.  Note: Stripe retrieves payment method planned maintenance information from payment method partners and the information may not be complete, accurate, or up to date.",maintenance,,https://www.stripestatus.com/incidents/pbqz6mj2xj3l,2026-09-20T17:04:31.232995+00:00,direct
statuspage,Stripe,Stripe,platform_service,2026-09-22T20:00:00+00:00,2026-09-22T20:00:00+00:00,Scheduled maintenance for TWINT,"THIS IS A SCHEDULED EVENT Sep  22 ,  20:00  -  23:00  UTC      Sep  18 ,  10:30  UTC    Scheduled  - TWINT has an upcoming scheduled maintenance.  Note: Stripe retrieves payment method planned maintenance information from payment method partners and the information may not be complete, accurate, or up to date.",maintenance,,https://www.stripestatus.com/incidents/nvzjkj1pzk2l,2026-09-20T17:04:31.232995+00:00,direct
statuspage,Stripe,Stripe,platform_service,2026-09-22T03:00:00+00:00,2026-09-22T03:00:00+00:00,Scheduled maintenance for TWINT,"THIS IS A SCHEDULED EVENT Sep  22 ,  03:00  -  04:00  UTC      Sep  17 ,  09:40  UTC    Scheduled  - TWINT has an upcoming scheduled maintenance.  Note: Stripe retrieves payment method planned maintenance information from payment method partners and the information may not be complete, accurate, or up to date.",maintenance,,https://www.stripestatus.com/incidents/n886n15lnkhz,2026-09-20T17:04:31.232995+00:00,direct
statuspage,Stripe,Stripe,platform_service,2026-09-22T03:00:00+00:00,2026-09-22T03:00:00+00:00,Scheduled maintenance for Bancontact,"THIS IS A SCHEDULED EVENT Sep  22 ,  03:00  -  04:00  UTC      Sep  16 ,  13:20  UTC    Scheduled  - Bancontact has an upcoming scheduled maintenance.  Note: Stripe retrieves payment method planned maintenance information from payment method partners and the information may not be complete, accurate, or up to date.",maintenance,,https://www.stripestatus.com/incidents/99g980mq520b,2026-09-20T17:04:31.232995+00:00,direct
statuspage,Stripe,Stripe,platform_service,2026-09-22T02:00:00+00:00,2026-09-22T02:00:00+00:00,Scheduled maintenance for TWINT,"THIS IS A SCHEDULED EVENT Sep  22 ,  02:00  -  04:00  UTC      Sep  17 ,  21:10  UTC    Scheduled  - TWINT has an upcoming scheduled maintenance.  Note: Stripe retrieves payment method planned maintenance information from payment method partners and the information may not be complete, accurate, or up to date.",maintenance,,https://www.stripestatus.com/incidents/mhz18ypyzvy3,2026-09-20T17:04:31.232995+00:00,direct
statuspage,Stripe,Stripe,platform_service,2026-09-22T02:00:00+00:00,2026-09-22T02:00:00+00:00,Scheduled maintenance for Bancontact,"THIS IS A SCHEDULED EVENT Sep  22 ,  02:00  -  04:00  UTC      Sep  17 ,  14:30  UTC    Scheduled  - Bancontact has an upcoming scheduled maintenance.  Note: Stripe retrieves payment method planned maintenance information from payment method partners and the information may not be complete, accurate, or up to date.",maintenance,,https://www.stripestatus.com/incidents/g7l9kdvcq6w5,2026-09-20T17:04:31.232995+00:00,direct
statuspage,Stripe,Stripe,platform_service,2026-09-22T01:00:00+00:00,2026-09-22T01:00:00+00:00,Scheduled maintenance for TWINT,"THIS IS A SCHEDULED EVENT Sep  22 ,  01:00  -  05:00  UTC      Sep  15 ,  11:40  UTC    Scheduled  - TWINT has an upcoming scheduled maintenance.  Note: Stripe retrieves payment method planned maintenance information from payment method partners and the information may not be complete, accurate, or up to date.",maintenance,,https://www.stripestatus.com/incidents/vrq28rcm2dtq,2026-09-20T17:04:31.232995+00:00,direct
statuspage,Stripe,Stripe,platform_service,2026-09-21T23:00:00+00:00,2026-09-21T23:00:00+00:00,Scheduled maintenance for TWINT,"THIS IS A SCHEDULED EVENT Sep  21 ,  23:00  UTC  -  Sep  22 ,  01:00  UTC      Sep  16 ,  12:00  UTC    Scheduled  - TWINT has an upcoming scheduled maintenance.  Note: Stripe retrieves payment method planned maintenance information from payment method partners and the information may not be complete, accurate, or up to date.",maintenance,,https://www.stripestatus.com/incidents/wnygmty54g9g,2026-09-20T17:04:31.232995+00:00,direct
statuspage,Stripe,Stripe,platform_service,2026-09-21T20:05:00+00:00,2026-09-21T20:05:00+00:00,Scheduled maintenance for TWINT,"THIS IS A SCHEDULED EVENT Sep  21 ,  20:05  -  23:00  UTC      Sep  18 ,  10:20  UTC    Scheduled  - TWINT has an upcoming scheduled maintenance.  Note: Stripe retrieves payment method planned maintenance information from payment method partners and the information may not be complete, accurate, or up to date.",maintenance,,https://www.stripestatus.com/incidents/mycldthftlmj,2026-09-20T17:04:31.232995+00:00,direct
statuspage,Stripe,Stripe,platform_service,2026-09-21T20:00:00+00:00,2026-09-21T20:00:00+00:00,Scheduled maintenance for TWINT,"THIS IS A SCHEDULED EVENT Sep  21 ,  20:00  -  23:00  UTC      Sep  16 ,  23:00  UTC    Scheduled  - TWINT has an upcoming scheduled maintenance.  Note: Stripe retrieves payment method planned maintenance information from payment method partners and the information may not be complete, accurate, or up to date.",maintenance,,https://www.stripestatus.com/incidents/f29lr0nx0kt2,2026-09-20T17:04:31.232995+00:00,direct
statuspage,Stripe,Stripe,platform_service,2026-09-21T04:30:00+00:00,2026-09-21T04:30:00+00:00,Scheduled maintenance for TWINT,"THIS IS A SCHEDULED EVENT Sep  21 ,  04:30  -  05:30  UTC      Sep  18 ,  17:50  UTC    Scheduled  - TWINT has an upcoming scheduled maintenance.  Note: Stripe retrieves payment method planned maintenance information from payment method partners and the information may not be complete, accurate, or up to date.",maintenance,,https://www.stripestatus.com/incidents/yz9g9vsygbfj,2026-09-20T17:04:31.232995+00:00,direct
statuspage,Stripe,Stripe,platform_service,2026-09-21T02:00:00+00:00,2026-09-21T02:00:00+00:00,Scheduled maintenance for Multibanco,"THIS IS A SCHEDULED EVENT Sep  21 ,  02:00  -  03:30  UTC      Sep  14 ,  20:40  UTC    Scheduled  - Multibanco has an upcoming scheduled maintenance.  Note: Stripe retrieves payment method planned maintenance information from payment method partners and the information may not be complete, accurate, or up to date.",maintenance,,https://www.stripestatus.com/incidents/598gmg1l70rr,2026-09-20T17:04:31.232995+00:00,direct
statuspage,Stripe,Stripe,platform_service,2026-09-21T02:00:00+00:00,2026-09-21T02:00:00+00:00,Scheduled maintenance for MB WAY,"THIS IS A SCHEDULED EVENT Sep  21 ,  02:00  -  03:30  UTC      Sep  14 ,  20:40  UTC    Scheduled  - MB WAY has an upcoming scheduled maintenance.  Note: Stripe retrieves payment method planned maintenance information from payment method partners and the information may not be complete, accurate, or up to date.",maintenance,,https://www.stripestatus.com/incidents/tp5rqrfg2p2v,2026-09-20T17:04:31.232995+00:00,direct
statuspage,Stripe,Stripe,platform_service,2026-09-20T23:00:00+00:00,2026-09-20T23:00:00+00:00,Scheduled maintenance for P24,"THIS IS A SCHEDULED EVENT Sep  20 ,  23:00  UTC  -  Sep  21 ,  01:00  UTC      Sep   3 ,  15:30  UTC    Scheduled  - P24 has an upcoming scheduled maintenance.  Note: Stripe retrieves payment method planned maintenance information from payment method partners and the information may not be complete, accurate, or up to date.",maintenance,,https://www.stripestatus.com/incidents/rxvsx7l5sx82,2026-09-20T17:04:31.232995+00:00,direct
statuspage,Stripe,Stripe,platform_service,2026-09-20T22:00:00+00:00,2026-09-20T22:00:00+00:00,Scheduled maintenance for Bancontact,"THIS IS A SCHEDULED EVENT Sep  20 ,  22:00  UTC  -  Sep  21 ,  01:00  UTC      Sep  16 ,  13:30  UTC    Scheduled  - Bancontact has an upcoming scheduled maintenance.  Note: Stripe retrieves payment method planned maintenance information from payment method partners and the information may not be complete, accurate, or up to date.",maintenance,,https://www.stripestatus.com/incidents/tq2wjhjlr9kf,2026-09-20T17:04:31.232995+00:00,direct
statuspage,AWS,AWS,platform_service,2026-09-15T10:27:10+00:00,2026-09-15T10:27:10+00:00,Service disruption: Increased Error Rates,"We are providing an update on the disruption affecting the Middle East (UAE) (me-central-1) Region. After a thorough assessment, we have determined that we are unable to restore access to the resources and data hosted exclusively in the mec1-az2 Availability Zone. We continue to work on recovering regional resources, as well as zonal resources hosted in the other affected Availability Zones (mec1-az1 and mec1-az3).

Since the disruption began in March, most customers have been able to re-establish their operations in other Regions by restoring backups or copying data that remained accessible. AWS Support remains available to help customers who need assistance moving their applications to alternate Regions.

We remain committed to supporting our customers in the UAE. We are working on repla",outage,,https://status.aws.amazon.com/,2026-09-20T17:04:31.925586+00:00,infra
statuspage,AWS,AWS,platform_service,2026-09-15T10:22:28+00:00,2026-09-15T10:22:28+00:00,Service disruption: Increased Error Rates,"We are providing an update on the disruption affecting the Middle East (Bahrain) (me-south-1) Region. The damage to our infrastructure spanned multiple Availability Zones and exceeded what our regional and multi-AZ services are designed to withstand. After a thorough assessment, we have determined that we are unable to restore access to the resources and data hosted exclusively in this Region.

When the first Availability Zone was damaged in March, we began recommending that customers migrate their workloads to other Regions, and most did so before the Region became unavailable following the disruption of a second Availability Zone in April. Since then, we have supported the remaining customers in re-establishing their operations in alternate Regions, using backups where available or imple",outage,,https://status.aws.amazon.com/,2026-09-20T17:04:31.925586+00:00,infra
statuspage,AWS,AWS,platform_service,2026-04-30T07:25:54+00:00,2026-04-30T07:25:54+00:00,Service disruption: Increased Error Rates,"We are providing an update on the ongoing service disruption. The Middle East (UAE) Region (ME-CENTRAL-1) has suffered damage as a result of the conflict in the Middle East and is currently unable to reliably support customer applications. While some workloads continue to function normally, we strongly recommend customers migrate all accessible resources to other Regions and restore inaccessible resources from remote backups as soon as possible. Relevant billing operations are currently suspended while we restore normal operations in this AWS Region. This process is expected to take several months.",outage,,https://status.aws.amazon.com/,2026-09-20T17:04:31.925586+00:00,infra
statuspage,AWS,AWS,platform_service,2026-04-30T07:07:11+00:00,2026-04-30T07:07:11+00:00,Service disruption: Increased Connectivity Issues and API Error Rates,We are providing an update on the ongoing service disruption. The Middle East (Bahrain) Region (ME-SOUTH-1) has suffered damage due to the conflict in the Middle East and is currently unavailable. Customers should recover their resources in other Regions from remote backups. Relevant billing operations are currently suspended while we restore normal operations in this AWS Region. This process is expected to take several months.,outage,,https://status.aws.amazon.com/,2026-09-20T17:04:31.925586+00:00,infra
statuspage,AWS,AWS,platform_service,2026-03-03T16:40:00+00:00,2026-03-03T16:40:00+00:00,Service impact: Increased Connectivity Issues and API Error Rates,"We are providing an update on the ongoing service disruptions affecting the AWS Middle East (Bahrain) Region (ME-SOUTH-1). We continue to make progress on recovery efforts across multiple workstreams. With the immediate phase of this event now better understood, we are moving to a more targeted communication model. Going forward, updates will be delivered directly to affected customers through the AWS Personal Health Dashboard. Customers who require assistance with this event are encouraged to contact AWS Support through the AWS Management Console or the AWS Support Center.

We continue to strongly recommend that customers with workloads running in the Middle East take action now to migrate those workloads to alternate AWS Regions. Customers should enact their disaster recovery plans, reco",degraded_performance,,https://status.aws.amazon.com/,2026-09-20T17:04:31.925586+00:00,infra
statuspage,AWS,AWS,platform_service,2026-03-03T16:14:45+00:00,2026-03-03T16:14:45+00:00,Service disruption: Increased Error Rates,"We are providing an update on the ongoing service disruptions affecting the AWS Middle East (UAE) Region (ME-CENTRAL-1). We continue to make progress on recovery efforts across multiple workstreams.

For Amazon S3, we are seeing continued improvement in PUT and LIST availability. Newly written objects are now able to be successfully retrieved, and we continue to work on reducing GET error rates for objects written prior to the event. Full recovery of GET operations for pre-existing data remains dependent on restoring the affected infrastructure. For Amazon DynamoDB, error rates remain elevated and our teams continue to focus on recovery; we expect to see improvement over the coming hours. As these foundational services recover, dependent services — including AWS Lambda, Amazon Kinesis, Ama",degraded_performance,,https://status.aws.amazon.com/,2026-09-20T17:04:31.925586+00:00,infra
statuspage,AWS,AWS,platform_service,2026-03-03T14:02:57+00:00,2026-03-03T14:02:57+00:00,Service impact: Increased Connectivity Issues and API Error Rates,"Recovery efforts in the affected Availability Zone (mes1-az2) in the ME-SOUTH-1 Region are ongoing, with the situation remaining consistent with our last update. We have no change to expected timelines for fully restoring power and connectivity. While progress is being made, significant work remains before full restoration is complete. We continue to recommend customers launch replacement resources in one of the unaffected Availability Zones or an alternate AWS Region.

Given the extended nature of this event, we continue to encourage customers to replicate Amazon S3 data and other critical workloads from ME-SOUTH-1 to another AWS Region using the guidance shared previously. We will provide our next update by 12:00 PM PST on March 3, or sooner if conditions change.",connectivity,,https://status.aws.amazon.com/,2026-09-20T17:04:31.925586+00:00,infra
statuspage,AWS,AWS,platform_service,2026-03-03T12:58:14+00:00,2026-03-03T12:58:14+00:00,Service disruption: Increased Error Rates,"We are providing an update on the ongoing service disruptions affecting the AWS Middle East (UAE) Region (ME-CENTRAL-1). The overall state of the region remains largely unchanged, though our teams continue to make progress on recovery efforts across multiple workstreams. 

For Amazon S3, we are seeing continued improvement in PUT and LIST availability. Newly written objects are now able to be successfully retrieved, and we continue to work on reducing GET error rates for objects written prior to the event. Full recovery of GET operations for pre-existing data remains dependent on restoring the affected infrastructure. For Amazon DynamoDB, error rates remain elevated and our teams continue to focus on recovery; we expect to see improvement over the coming hours. As these foundational servic",degraded_performance,,https://status.aws.amazon.com/,2026-09-20T17:04:31.925586+00:00,infra
statuspage,AWS,AWS,platform_service,2026-03-03T11:10:38+00:00,2026-03-03T11:10:38+00:00,Service impact: Increased Connectivity Issues and API Error Rates,"We continue to work toward restoring power in the affected Availability Zone (mes1-az2) in the ME-SOUTH-1 Region. The overall state of the region remains largely unchanged from our previous update. At this time, we have no updated guidance on expected timelines for fully restoring power and connectivity. We are taking all necessary steps to support the recovery process. While progress is being made, significant work remains before full restoration is complete. 

Given the ongoing uncertainty, we encourage customers to replicate their Amazon S3 data and other critical data from the ME-SOUTH-1 Region to another AWS Region, using the guidance provided in our previous update. We will continue to provide updates as recovery progresses and as the situation evolves. Our next update will be provid",connectivity,,https://status.aws.amazon.com/,2026-09-20T17:04:31.925586+00:00,infra
statuspage,AWS,AWS,platform_service,2026-03-03T09:04:00+00:00,2026-03-03T09:04:00+00:00,Service disruption: Increased Error Rates,"We are providing an update on the ongoing service disruptions affecting the AWS Middle East (UAE) Region (ME-CENTRAL-1). The overall state of the region remains largely unchanged from our previous update. We continue to work closely with local authorities and are prioritizing the safety of our personnel throughout our recovery efforts. Teams continue to assess the damage to the affected facilities and are working to restore infrastructure impacted by the event.

With respect to Amazon S3, we are seeing improvement in PUT and LIST availability. We continue to work on improving GET error rates, but full recovery will be dependent on restoring the affected infrastructure, which our teams continue to work toward.

For Amazon DynamoDB, error rates remain elevated and our teams continue to focus",degraded_performance,,https://status.aws.amazon.com/,2026-09-20T17:04:31.925586+00:00,infra
statuspage,AWS,AWS,platform_service,2026-03-03T06:27:00+00:00,2026-03-03T06:27:00+00:00,Service impact: Increased Connectivity Issues and API Error Rates,"We continue to work towards restoring power in the affected Availability Zone (mes1-az2) in the ME-SOUTH-1 Region. We have no updated guidance on expected recovery times, and still expect this to take at least a day to fully restore power and connectivity. AWS infrastructure is designed to be highly resilient, but given the uncertainty of the current situation, we encourage our customers to replicate Amazon S3 and critical data from the ME-SOUTH-1 Region to another AWS Region. For customers requiring guidance on alternate regions, we recommend considering AWS Regions in the United States, Europe, or Asia Pacific, as appropriate for your latency and data residency requirements. We will provide another update by March 3 at 3:00 AM PST, or sooner if new information becomes available. 

For mo",degraded_performance,,https://status.aws.amazon.com/,2026-09-20T17:04:31.925586+00:00,infra
statuspage,AWS,AWS,platform_service,2026-03-03T05:13:38+00:00,2026-03-03T05:13:38+00:00,Service disruption: Increased Error Rates,"We continue to work towards recovery of the two impaired Availability Zones (mec1-az2 and mec1-az3) in the ME-CENTRAL-1 Region with a focus on restoring functionality to foundational services. Since our last update we have made incremental progress in recovering the DynamoDB control plane which will not be visible to external customers but are required for the restoration of service. Similarly we have made progress with the S3 control plane. The recovery of these foundational services, when complete, will enable a broad range of dependent AWS services to recover. We still estimate that the recovery time is at least a day before we are able to fully restore power and connectivity. We will provide you with another update by March 3 2:00 AM PST, or sooner if new information becomes available.",outage,,https://status.aws.amazon.com/,2026-09-20T17:04:31.925586+00:00,infra
statuspage,AWS,AWS,platform_service,2026-03-03T00:22:31+00:00,2026-03-03T00:22:31+00:00,Service impact: Increased Connectivity Issues and API Error Rates,"We are providing an update on the ongoing service disruptions affecting the AWS Middle East (UAE) Region (ME-CENTRAL-1) and the AWS Middle East (Bahrain) Region (ME-SOUTH-1). Due to the ongoing conflict in the Middle East, both affected regions have experienced physical impacts to infrastructure as a result of drone strikes. In the UAE, two of our facilities were directly struck, while in Bahrain, a drone strike in close proximity to one of our facilities caused physical impacts to our infrastructure. These strikes have caused structural damage, disrupted power delivery to our infrastructure, and in some cases required fire suppression activities that resulted in additional water damage. We are working closely with local authorities and prioritizing the safety of our personnel throughout o",degraded_performance,,https://status.aws.amazon.com/,2026-09-20T17:04:31.925586+00:00,infra
statuspage,AWS,AWS,platform_service,2026-03-03T00:19:48+00:00,2026-03-03T00:19:48+00:00,Service disruption: Increased Error Rates,"We are providing an update on the ongoing service disruptions affecting the AWS Middle East (UAE) Region (ME-CENTRAL-1) and the AWS Middle East (Bahrain) Region (ME-SOUTH-1). Due to the ongoing conflict in the Middle East, both affected regions have experienced physical impacts to infrastructure as a result of drone strikes. In the UAE, two of our facilities were directly struck, while in Bahrain, a drone strike in close proximity to one of our facilities caused physical impacts to our infrastructure. These strikes have caused structural damage, disrupted power delivery to our infrastructure, and in some cases required fire suppression activities that resulted in additional water damage. We are working closely with local authorities and prioritizing the safety of our personnel throughout o",degraded_performance,,https://status.aws.amazon.com/,2026-09-20T17:04:31.925586+00:00,infra
statuspage,AWS,AWS,platform_service,2026-03-02T22:29:07+00:00,2026-03-02T22:29:07+00:00,Service impact: Increased Connectivity Issues and API Error Rates,"We continue to work towards restoring power in the affected Availability Zone (mes1-az2) in the ME-SOUTH-1 Region. We have no updated guidance on expected recovery times, and still expect this to take at least a day to fully restore power and connectivity. We continue to advise customers to launch replacement resources in one of the unaffected Availability Zones or an alternate AWS Region. At this time we recommend that customers that are capable of backing up data outside of the region consider doing so. You can view the current status of affected AWS services below. We will provide you with another update by 7:00 PM PST, or sooner if we have additional information to share.",connectivity,,https://status.aws.amazon.com/,2026-09-20T17:04:31.925586+00:00,infra
statuspage,AWS,AWS,platform_service,2026-03-02T21:36:10+00:00,2026-03-02T21:36:10+00:00,Service disruption: Increased Error Rates,"We continue to work towards recovery of the two impaired Availability Zones (mec1-az2 and mec1-az3) in the ME-CENTRAL-1 Region. We have partially restored access to the AWS Management Console, however, some pages will continue to load unsuccessfully until we have recovered core services and power. In parallel to the power and recovery efforts, we are working to restore access to tools and utilities to allow customers to backup and migrate their data. We have no updated guidance on expected recovery times, and still expect this to take at least a day to fully restore power and connectivity. We continue advising customers enact their disaster recovery plans and recover from remote backups into alternate AWS Regions. We will provide you with another update by 6:00 PM PST, or sooner if new inf",outage,,https://status.aws.amazon.com/,2026-09-20T17:04:31.925586+00:00,infra
statuspage,AWS,AWS,platform_service,2026-03-02T18:52:00+00:00,2026-03-02T18:52:00+00:00,Service impact: Increased Connectivity Issues and API Error Rates,We continue to work towards restoring power in the affected Availability Zone (mes1-az2) in the ME-SOUTH-1 Region. We currently expect our recovery efforts to take at least a day. Our current guidance regarding immediate recovery remains unchanged from our previous update. Customers are able to disassociate Elastic IP addresses from resources in the affected Availability Zone and associate those with resources in the unaffected Availability Zones. This can be done by specifying --allow-reassociation when attempting to associate the Elastic IP to the new resource. We will provide you with further updates by 2:00 PM PST or sooner if new information becomes available.,connectivity,,https://status.aws.amazon.com/,2026-09-20T17:04:31.925586+00:00,infra
statuspage,AWS,AWS,platform_service,2026-03-02T17:59:49+00:00,2026-03-02T17:59:49+00:00,Service disruption: Increased Error Rates,We continue to work towards recovery of the two impaired Availability Zones (mec1-az2 and mec1-az3) in the ME-CENTRAL-1 Region. The impact is causing elevated errors rates for both the Management Console and CLI. Our current expectation is that recovery will take at least a day to complete. We continue to recommend customers enact their disaster recovery plans and recover from remote backups into alternate AWS Regions. We will continue to provide periodic updates on recovery efforts. Our next update will be by 2:00 PM PST or sooner if new information becomes available.,degraded_performance,,https://status.aws.amazon.com/,2026-09-20T17:04:31.925586+00:00,infra
statuspage,AWS,AWS,platform_service,2026-03-02T14:23:19+00:00,2026-03-02T14:23:19+00:00,Service impact: Increased Connectivity Issues and API Error Rates,"We continue to work toward restoring power in the impacted Availability Zone (mes1-az2) in the ME-SOUTH-1 Region. Meanwhile, EC2 instance and networking APIs have been restored for the other Availability Zones. Additionally, we have made improvements to the availability of RDS multi-AZ databases while operating with the impaired Availability Zone. These improvements will help customers create database exports to preserve data, and we recommend customers with databases in the affected Availability Zone consider creating exports as a precautionary measure. EC2 Instances, EBS Volumes, and other resources impacted in the affected Availability Zone will require a longer recovery timeline, as power has not yet been restored. We are expecting recovery to take at least a day, as it requires repair",connectivity,,https://status.aws.amazon.com/,2026-09-20T17:04:31.925586+00:00,infra
statuspage,AWS,AWS,platform_service,2026-03-02T14:22:03+00:00,2026-03-02T14:22:03+00:00,Service disruption: Increased Error Rates,"We continue to work towards recovery of the two impaired Availability Zones (mec1-az2 and mec1-az3) in the ME-CENTRAL-1 Region. We are expecting recovery to take at least a day, as it requires repair of facilities, cooling and power systems, coordination with local authorities, and careful assessment to ensure the safety of our operators. EC2, Amazon DynamoDB and other AWS Services continue to experience significant error rates and elevated latencies.
We recommend customers enact their disaster recovery plans and recover from remote backups into alternate AWS Regions, ideally in Europe. Further, we strongly advise customers to update their applications to ingest S3 data to an alternate AWS Region. We will provide an update by 11:00 AM PST on March 2, or sooner if we have additional informa",outage,,https://status.aws.amazon.com/,2026-09-20T17:04:31.925586+00:00,infra
statuspage,AWS,AWS,platform_service,2026-03-02T10:53:20+00:00,2026-03-02T10:53:20+00:00,Service disruption: Increased Error Rates,"We wanted to provide more information on Amazon S3 given that there are two impaired Availability Zones (mec1-az2 and mec1-az3) in the ME-CENTRAL-1 Region. Amazon S3 is a regional service and designed to withstand the total loss of a single Availability Zone while maintaining S3's durability and availability. When the mec1-az2 AZ was powered off at approximately 4:00 AM PST on Sunday, March 1, S3 continued to operate normally. As the second AZ became impaired, S3 error rates increased. With two Availability Zones significantly impacted, customers are seeing high failure rates for data ingest and egress. We strongly advise customers to update their applications to ingest S3 data to an alternate AWS Region. As soon as practically possible, we will begin the restoration of our two Availabilit",outage,,https://status.aws.amazon.com/,2026-09-20T17:04:31.925586+00:00,infra
statuspage,AWS,AWS,platform_service,2026-03-02T10:41:00+00:00,2026-03-02T10:41:00+00:00,Service impact: Increased Connectivity Issues and API Error Rates,"We continue to work toward restoring power in the affected Availability Zone (mes1-az2) in the ME-SOUTH-1 Region. At this time, some AWS services have shifted traffic away from the affected Availability Zone and are seeing recovery for their affected operations and workflows. EC2 Instances, EBS Volumes, and other resources impacted in the affected Availability Zone will require a longer recovery timeline. Power has not yet been restored to the affected Availability Zone. If immediate recovery is required, we recommend customers restore from EBS Snapshots and/or launch replacement resources in one of the unaffected Availability Zones or an alternate Region. In parallel, we are actively working on reducing the error rates and latencies that some customers are experiencing with EC2 APIs. For ",connectivity,,https://status.aws.amazon.com/,2026-09-20T17:04:31.925586+00:00,infra
statuspage,AWS,AWS,platform_service,2026-03-02T09:03:27+00:00,2026-03-02T09:03:27+00:00,Service impact: Increased Connectivity Issues and API Error Rates,"We continue to work on a localized power issue affecting a single Availability Zone (mes1-az2) in the ME-SOUTH-1 Region. In the impacted Availability Zone, EC2 Instances, DB Instances, EBS Volumes, and other AWS Services are also experiencing elevated error rates and latencies for some workflows. As part of our recovery effort, we have shifted traffic away from the impacted Availability Zone for most services. We recommend customers utilize one of the other Availability Zones in the ME-SOUTH-1 Region, as existing instances in other AZs remain unaffected by this issue. We are actively working to restore power and connectivity, at which time we will begin recovering affected resources. Currently, we expect recovery to take many hours. We will provide an update by 2:30 AM PST, or sooner if we",degraded_performance,,https://status.aws.amazon.com/,2026-09-20T17:04:31.925586+00:00,infra
statuspage,AWS,AWS,platform_service,2026-03-02T08:52:00+00:00,2026-03-02T08:52:00+00:00,Service disruption: Increased Error Rates,"We continue to work on a localized power issue affecting multiple Availability Zones in the ME-CENTRAL-1 Region (mec1-az2 and mec1-az3). Customers are experiencing increased EC2 API errors and instance launch failures across the region, and it is not currently possible to launch new instances; existing instances in mec1-az1 should not be affected. Amazon DynamoDB and Amazon S3 are also experiencing significant error rates and elevated latencies. We are actively working to restore power and connectivity, after which we will begin recovery of affected resources; full recovery is still expected to be many hours away. We recommend that affected customers failover, and backup any critical data, to another AWS Region. We will provide an update by 2:00 AM PST, or sooner if the situation changes.",outage,,https://status.aws.amazon.com/,2026-09-20T17:04:31.925586+00:00,infra
statuspage,AWS,AWS,platform_service,2026-03-02T07:09:03+00:00,2026-03-02T07:09:03+00:00,Service impact: Increased connectivity issues and API Error Rates,"We are investigating connectivity and power issues affecting APIs and instances in a single Availability Zone (mes1-az2) in the ME-SOUTH-1 Region due to a localized power issue. Existing instances in this zone will also be affected. Other AWS Services may also be experiencing increased errors and latencies for their workflows, and we are working to route requests away from this affected Availability Zone. We recommend customers make use of other Availability Zones at this time. During this time, we are also experiencing delays in propagating DNS changes for Route53 to pops (Points of Presence) in ME-SOUTH-1.  Targeting new launches using RunInstances in the remaining AZs should succeed. Existing instances in the other AZs are not affected.",connectivity,,https://status.aws.amazon.com/,2026-09-20T17:04:31.925586+00:00,infra
statuspage,AWS,AWS,platform_service,2026-03-02T06:46:00+00:00,2026-03-02T06:46:00+00:00,Service disruption: Increased Error Rates,"We can confirm that a localized power issue has affected another Availability Zone in the ME-CENTRAL-1 Region (mec1-az3). Customers are also experiencing increased EC2 APIs and instance launch errors for the remaining zone (mec1-az1). At this point it is not possible to launch new instances in the region, although existing instances should not be affected in mec1-az1. Other AWS Services, such as DynamoDB and S3 are also experiencing significant error rates and latencies. We are actively working to restore power and connectivity, at which time we will begin to work to recover affected resources. As of this time, we expect recovery is multiple hours away. For customers that can, we recommend failing away to another AWS Region at this time. We will provide an update by 12:00 AM PST, or sooner",outage,,https://status.aws.amazon.com/,2026-09-20T17:04:31.925586+00:00,infra
statuspage,AWS,AWS,platform_service,2026-03-02T05:59:29+00:00,2026-03-02T05:59:29+00:00,Service disruption: Increased Error Rates,We are investigating additional connectivity issues and error rates in the ME-CENTRAL-1 Region.,outage,,https://status.aws.amazon.com/,2026-09-20T17:04:31.925586+00:00,infra
statuspage,AWS,AWS,platform_service,2026-03-02T05:56:27+00:00,2026-03-02T05:56:27+00:00,Service impact: Increased connectivity issues and API Error Rates,We are investigating increased API error rates in a single Availability Zone (mes1-az2) in the ME-SOUTH-1 Region.,connectivity,,https://status.aws.amazon.com/,2026-09-20T17:04:31.925586+00:00,infra
statuspage,AWS,AWS,platform_service,2026-03-02T02:01:47+00:00,2026-03-02T02:01:47+00:00,Service disruption: Increased Error Rates,"We confirm the recovery of the AssociateAddress API requests. We have also applied a change that enables customers to disassociate Elastic IP addresses from resources that are impacted by the underlying power issue. With these mitigations, customers can now successfully create and associate new network addresses in the unaffected AZs as well as re-associate Elastic IPs from resources in the affected zone to resources in the unaffected zones. We still do not have an ETA for power restoration at this time. For customers that can, we recommend using alternate Availability Zones or other AWS Regions where applicable. We will provide another update by 10:00 PM, or sooner if we have additional information to share.",outage,,https://status.aws.amazon.com/,2026-09-20T17:04:31.925586+00:00,infra
statuspage,AWS,AWS,platform_service,2026-03-02T00:26:41+00:00,2026-03-02T00:26:41+00:00,Service disruption: Increased Error Rates,"We are seeing significant signs of recovery for AssociateAddress requests, and continue to work toward fully mitigating this issue. This combined with the earlier recovery of the AllocateAddress API means customers can now successfully create and associate new network addresses in the unaffected AZs. Other AWS Services are also now observing sustained improvement as a result of the EC2 Networking APIs recovery. We are now focusing on implementing a change that will allow customers to Disassociate Elastic IP addresses from resources that are impacted by the underlying power issue. We expect this specific mitigation to take another hour to complete. We do not have an ETA for power restoration at this time. For customers that can, we recommend using alternate Availability Zones or other AWS R",outage,,https://status.aws.amazon.com/,2026-09-20T17:04:31.925586+00:00,infra
statuspage,AWS,AWS,platform_service,2026-03-01T22:28:19+00:00,2026-03-01T22:28:19+00:00,Service disruption: Increased Error Rates,"We are seeing positive signs of recovery for many of the EC2 APIs, such as Describes and AllocateAddress. We recognize that customers are still experiencing errors when attempting to call the AssociateAddress API, and are unable to disassociate addresses from resources that are affected by the underlying power issue. We continue to work on multiple parallel paths to mitigate both of these issues. We recommend continuing to retry requests wherever possible. We expect our current mitigation efforts for these specific issues to complete within the the two to three hours. As we progress with these mitigation efforts, customers will observe higher success rates for these operations. Additionally, we are investigating ways to speed up these specific mitigation efforts, but are ensuring we do so ",outage,,https://status.aws.amazon.com/,2026-09-20T17:04:31.925586+00:00,infra
statuspage,AWS,AWS,platform_service,2026-03-01T20:14:03+00:00,2026-03-01T20:14:03+00:00,Service disruption: Increased Error Rates,"We are aware that some customers are experiencing errors when calling EC2 APIs, specifically networking related APIs (AllocateAddress, AssociateAddress, DescribeRouteTable, DescribeNetworkInterfaces). We are actively working on multiple paths to mitigate these issues. For customers experiencing throttling errors on the AllocateAddress APIs, we recommend retrying any failed API requests. We are deploying a configuration change to mitigate the AssociateAddress API errors and expect recovery in the next few hours. DescribeRouteTable and DescribeNetworkInterfaces API calls without specifying zone, Interface or Instance IDs are expected to fail until we restore the impacted zone. We recommend customers to pass these IDs explicitly in these API requests. For customers that can, we recommend cons",outage,,https://status.aws.amazon.com/,2026-09-20T17:04:31.925586+00:00,infra
statuspage,AWS,AWS,platform_service,2026-03-01T17:41:11+00:00,2026-03-01T17:41:11+00:00,Service disruption: Increased Error Rates,"We want to provide some additional information on the power issue in a single Availability Zone in the ME-CENTRAL-1 Region. At around 4:30 AM PST, one of our Availability Zones (mec1-az2) was impacted by objects that struck the data center, creating sparks and fire. The fire department shut off power to the facility and generators as they worked to put out the fire. We are still awaiting permission to turn the power back on, and once we have, we will ensure we restore power and connectivity safely. It will take several hours to restore connectivity to the impacted AZ. The other AZs in the region are functioning normally. Customers who were running their applications redundantly across the AZs are not impacted by this event. EC2 Instance launches will continue to be impaired in the impacted",outage,,https://status.aws.amazon.com/,2026-09-20T17:04:31.925586+00:00,infra
statuspage,AWS,AWS,platform_service,2026-03-01T16:59:00+00:00,2026-03-01T16:59:00+00:00,Service degradation: Increased Error Rates,"We continue to work toward restoring power in the affected Availability Zone in the ME-CENTRAL-1 Region (mec1-az2). In parallel, we are actively working on improving error rates and latencies that some customers are observing for EC2 Networking and EC2 Describe APIs. Due to increased demand in the unaffected Availability Zones, customers may experience longer than usual provisioning times or may need to retry requests for certain instance types, or pick an alternative instance type. We will provide an update by 10:30 AM PST, or sooner if we have additional information to share.",degraded_performance,,https://status.aws.amazon.com/,2026-09-20T17:04:31.925586+00:00,infra
statuspage,AWS,AWS,platform_service,2026-03-01T15:09:13+00:00,2026-03-01T15:09:13+00:00,Service degradation: Increased Error Rates,"We wanted to provide some additional information on the isolated power issue. At this time, most AWS Services have weighted away from the affected Availability Zone (mec1-az2) and are seeing recovery for their affected operations and workflows. For EC2 Instances, EBS Volumes, and other resources that are impacted in the affected Zone, we will have a longer tail of recovery. At this time, power has not yet been restored to the affected AZ. For now, we recommend continuing to retry any failed API requests. If immediate recovery is required, we recommend customers restore from EBS Snapshots and/or replace affected resources by launching replacement resources in one of the unaffected zones, or an alternate region. As of this time, recovery is still several hours away. We will provide an update",degraded_performance,,https://status.aws.amazon.com/,2026-09-20T17:04:31.925586+00:00,infra
statuspage,AWS,AWS,platform_service,2026-03-01T14:09:00+00:00,2026-03-01T14:09:00+00:00,Service impact: Increased Error Rates,"We can confirm that a localized power issue has affected a single Availability Zone in the ME-CENTRAL-1 Region (mec1-az2). EC2 Instances, DB Instances, EBS Volumes, and others resources are currently unavailable and will experience connectivity issues at this time. Other AWS Services are also experiencing error rates and latencies for some workflows. We have weighed away traffic for most services at this time. We recommend customers utilize one of the other Availability Zones in the ME-CENTRAL-1 Region at this time, as existing instances in other AZ's remain unaffected by this issue. We are actively working to restore power and connectivity, at which time we will begin to work to recover affected resources. As of this time, we expect recovery is multiple hours away. We will provide an upda",outage,,https://status.aws.amazon.com/,2026-09-20T17:04:31.925586+00:00,infra
statuspage,AWS,AWS,platform_service,2026-03-01T13:19:12+00:00,2026-03-01T13:19:12+00:00,Service impact: Increased Error Rates,"We are investigating connectivity and power issues affecting APIs and instances in a single Availability Zone (mec1-az2) in the ME-CENTRAL-1 Region due to a localized power issue. Existing instances in this zone will also be affected. Other AWS Services may also be experiencing increased errors and latencies for their workflows, and we are working to route requests away from this affected Availability Zone. We recommend customers make use of other Availability Zones at this time. Targeting new launches using RunInstances in the remaining AZs should succeed. Existing instances in the other AZs are not affected.",connectivity,,https://status.aws.amazon.com/,2026-09-20T17:04:31.925586+00:00,infra
statuspage,AWS,AWS,platform_service,2026-03-01T12:51:25+00:00,2026-03-01T12:51:25+00:00,Service impact: Increased Error Rates,We are investigating issues with AWS services in the ME-CENTRAL-1 Region.,other,,https://status.aws.amazon.com/,2026-09-20T17:04:31.925586+00:00,infra
statuspage,Cloudflare,Cloudflare,platform_service,2026-10-29T21:00:00+00:00,2026-10-29T21:00:00+00:00,DEL (New Delhi) on 2026-10-29,"Sep  17 ,  17:11  UTC   Scheduled  - We will be performing scheduled maintenance in DEL (New Delhi) datacenter between 2026-10-29 21:00 and 2026-10-30 01:00 UTC.

Traffic might be re-routed from this location, hence there is a possibility of a slight increase in latency during this maintenance window for end-users in the affected region. For PNI / CNI customers connecting with us in this location, please make sure you are expecting this traffic to fail over elsewhere during this maintenance window as network interfaces in this datacentre may become temporarily unavailable.

You can now subscribe to these notifications via Cloudflare dashboard and receive these updates directly via email, PagerDuty and webhooks (based on your plan): https://developers.cloudflare.com/notifications/notificati",degraded_performance,,https://www.cloudflarestatus.com/incidents/rztnzqcbkkkd,2026-09-20T17:04:33.415041+00:00,infra
statuspage,Cloudflare,Cloudflare,platform_service,2026-10-29T21:00:00+00:00,2026-10-29T21:00:00+00:00,MAA (Chennai) on 2026-10-29,"Sep  17 ,  17:11  UTC   Scheduled  - We will be performing scheduled maintenance in MAA (Chennai) datacenter between 2026-10-29 21:00 and 2026-10-30 01:00 UTC.

Traffic might be re-routed from this location, hence there is a possibility of a slight increase in latency during this maintenance window for end-users in the affected region. For PNI / CNI customers connecting with us in this location, please make sure you are expecting this traffic to fail over elsewhere during this maintenance window as network interfaces in this datacentre may become temporarily unavailable.

You can now subscribe to these notifications via Cloudflare dashboard and receive these updates directly via email, PagerDuty and webhooks (based on your plan): https://developers.cloudflare.com/notifications/notification",degraded_performance,,https://www.cloudflarestatus.com/incidents/14xdxtl6twwf,2026-09-20T17:04:33.415041+00:00,infra
statuspage,Cloudflare,Cloudflare,platform_service,2026-10-28T21:00:00+00:00,2026-10-28T21:00:00+00:00,MAA (Chennai) on 2026-10-28,"Sep  17 ,  17:11  UTC   Scheduled  - We will be performing scheduled maintenance in MAA (Chennai) datacenter between 2026-10-28 21:00 and 2026-10-29 01:00 UTC.

Traffic might be re-routed from this location, hence there is a possibility of a slight increase in latency during this maintenance window for end-users in the affected region. For PNI / CNI customers connecting with us in this location, please make sure you are expecting this traffic to fail over elsewhere during this maintenance window as network interfaces in this datacentre may become temporarily unavailable.

You can now subscribe to these notifications via Cloudflare dashboard and receive these updates directly via email, PagerDuty and webhooks (based on your plan): https://developers.cloudflare.com/notifications/notification",degraded_performance,,https://www.cloudflarestatus.com/incidents/3kj3hl14mhrg,2026-09-20T17:04:33.415041+00:00,infra
statuspage,Cloudflare,Cloudflare,platform_service,2026-10-28T21:00:00+00:00,2026-10-28T21:00:00+00:00,DEL (New Delhi) on 2026-10-28,"Sep  17 ,  17:11  UTC   Scheduled  - We will be performing scheduled maintenance in DEL (New Delhi) datacenter between 2026-10-28 21:00 and 2026-10-29 01:00 UTC.

Traffic might be re-routed from this location, hence there is a possibility of a slight increase in latency during this maintenance window for end-users in the affected region. For PNI / CNI customers connecting with us in this location, please make sure you are expecting this traffic to fail over elsewhere during this maintenance window as network interfaces in this datacentre may become temporarily unavailable.

You can now subscribe to these notifications via Cloudflare dashboard and receive these updates directly via email, PagerDuty and webhooks (based on your plan): https://developers.cloudflare.com/notifications/notificati",degraded_performance,,https://www.cloudflarestatus.com/incidents/c2y915przvp5,2026-09-20T17:04:33.415041+00:00,infra
statuspage,Cloudflare,Cloudflare,platform_service,2026-10-27T21:00:00+00:00,2026-10-27T21:00:00+00:00,DEL (New Delhi) on 2026-10-27,"Sep  17 ,  17:11  UTC   Scheduled  - We will be performing scheduled maintenance in DEL (New Delhi) datacenter between 2026-10-27 21:00 and 2026-10-28 01:00 UTC.

Traffic might be re-routed from this location, hence there is a possibility of a slight increase in latency during this maintenance window for end-users in the affected region. For PNI / CNI customers connecting with us in this location, please make sure you are expecting this traffic to fail over elsewhere during this maintenance window as network interfaces in this datacentre may become temporarily unavailable.

You can now subscribe to these notifications via Cloudflare dashboard and receive these updates directly via email, PagerDuty and webhooks (based on your plan): https://developers.cloudflare.com/notifications/notificati",degraded_performance,,https://www.cloudflarestatus.com/incidents/cqhsrbtzlbl8,2026-09-20T17:04:33.415041+00:00,infra
statuspage,Cloudflare,Cloudflare,platform_service,2026-10-22T21:00:00+00:00,2026-10-22T21:00:00+00:00,BOM (Mumbai) on 2026-10-22,"Sep  17 ,  17:11  UTC   Scheduled  - We will be performing scheduled maintenance in BOM (Mumbai) datacenter between 2026-10-22 21:00 and 2026-10-23 01:00 UTC.

Traffic might be re-routed from this location, hence there is a possibility of a slight increase in latency during this maintenance window for end-users in the affected region. For PNI / CNI customers connecting with us in this location, please make sure you are expecting this traffic to fail over elsewhere during this maintenance window as network interfaces in this datacentre may become temporarily unavailable.

You can now subscribe to these notifications via Cloudflare dashboard and receive these updates directly via email, PagerDuty and webhooks (based on your plan): https://developers.cloudflare.com/notifications/notification-",degraded_performance,,https://www.cloudflarestatus.com/incidents/9w4f9krpp6xz,2026-09-20T17:04:33.415041+00:00,infra
statuspage,Cloudflare,Cloudflare,platform_service,2026-10-21T21:00:00+00:00,2026-10-21T21:00:00+00:00,BOM (Mumbai) on 2026-10-21,"Sep  17 ,  17:11  UTC   Scheduled  - We will be performing scheduled maintenance in BOM (Mumbai) datacenter between 2026-10-21 21:00 and 2026-10-22 01:00 UTC.

Traffic might be re-routed from this location, hence there is a possibility of a slight increase in latency during this maintenance window for end-users in the affected region. For PNI / CNI customers connecting with us in this location, please make sure you are expecting this traffic to fail over elsewhere during this maintenance window as network interfaces in this datacentre may become temporarily unavailable.

You can now subscribe to these notifications via Cloudflare dashboard and receive these updates directly via email, PagerDuty and webhooks (based on your plan): https://developers.cloudflare.com/notifications/notification-",degraded_performance,,https://www.cloudflarestatus.com/incidents/s2345mvyt0n0,2026-09-20T17:04:33.415041+00:00,infra
statuspage,Cloudflare,Cloudflare,platform_service,2026-10-20T21:00:00+00:00,2026-10-20T21:00:00+00:00,BOM (Mumbai) on 2026-10-20,"Sep  17 ,  17:11  UTC   Scheduled  - We will be performing scheduled maintenance in BOM (Mumbai) datacenter between 2026-10-20 21:00 and 2026-10-21 01:00 UTC.

Traffic might be re-routed from this location, hence there is a possibility of a slight increase in latency during this maintenance window for end-users in the affected region. For PNI / CNI customers connecting with us in this location, please make sure you are expecting this traffic to fail over elsewhere during this maintenance window as network interfaces in this datacentre may become temporarily unavailable.

You can now subscribe to these notifications via Cloudflare dashboard and receive these updates directly via email, PagerDuty and webhooks (based on your plan): https://developers.cloudflare.com/notifications/notification-",degraded_performance,,https://www.cloudflarestatus.com/incidents/n232t261lxg4,2026-09-20T17:04:33.415041+00:00,infra
statuspage,Cloudflare,Cloudflare,platform_service,2026-10-19T21:00:00+00:00,2026-10-19T21:00:00+00:00,KTM (Kathmandu) on 2026-10-19,"Sep  17 ,  17:11  UTC   Scheduled  - We will be performing scheduled maintenance in KTM (Kathmandu) datacenter between 2026-10-19 21:00 and 2026-10-20 01:00 UTC.

Traffic might be re-routed from this location, hence there is a possibility of a slight increase in latency during this maintenance window for end-users in the affected region. For PNI / CNI customers connecting with us in this location, please make sure you are expecting this traffic to fail over elsewhere during this maintenance window as network interfaces in this datacentre may become temporarily unavailable.

You can now subscribe to these notifications via Cloudflare dashboard and receive these updates directly via email, PagerDuty and webhooks (based on your plan): https://developers.cloudflare.com/notifications/notificati",degraded_performance,,https://www.cloudflarestatus.com/incidents/x00trqwvvs3t,2026-09-20T17:04:33.415041+00:00,infra
statuspage,Cloudflare,Cloudflare,platform_service,2026-10-19T21:00:00+00:00,2026-10-19T21:00:00+00:00,BOM (Mumbai) on 2026-10-19,"Sep  17 ,  17:11  UTC   Scheduled  - We will be performing scheduled maintenance in BOM (Mumbai) datacenter between 2026-10-19 21:00 and 2026-10-20 01:00 UTC.

Traffic might be re-routed from this location, hence there is a possibility of a slight increase in latency during this maintenance window for end-users in the affected region. For PNI / CNI customers connecting with us in this location, please make sure you are expecting this traffic to fail over elsewhere during this maintenance window as network interfaces in this datacentre may become temporarily unavailable.

You can now subscribe to these notifications via Cloudflare dashboard and receive these updates directly via email, PagerDuty and webhooks (based on your plan): https://developers.cloudflare.com/notifications/notification-",degraded_performance,,https://www.cloudflarestatus.com/incidents/wrvkm078yspr,2026-09-20T17:04:33.415041+00:00,infra
statuspage,Cloudflare,Cloudflare,platform_service,2026-10-19T20:00:00+00:00,2026-10-19T20:00:00+00:00,DAC (Dhaka) on 2026-10-19,"Sep  17 ,  17:11  UTC   Scheduled  - We will be performing scheduled maintenance in DAC (Dhaka) datacenter between 2026-10-19 20:00 and 2026-10-20 00:00 UTC.

Traffic might be re-routed from this location, hence there is a possibility of a slight increase in latency during this maintenance window for end-users in the affected region. For PNI / CNI customers connecting with us in this location, please make sure you are expecting this traffic to fail over elsewhere during this maintenance window as network interfaces in this datacentre may become temporarily unavailable.

You can now subscribe to these notifications via Cloudflare dashboard and receive these updates directly via email, PagerDuty and webhooks (based on your plan): https://developers.cloudflare.com/notifications/notification-a",degraded_performance,,https://www.cloudflarestatus.com/incidents/46jjnfk93vft,2026-09-20T17:04:33.415041+00:00,infra
statuspage,Cloudflare,Cloudflare,platform_service,2026-10-16T18:00:00+00:00,2026-10-16T18:00:00+00:00,SIN (Singapore) on 2026-10-16,"Sep  17 ,  17:11  UTC   Scheduled  - We will be performing scheduled maintenance in SIN (Singapore) datacenter on 2026-10-16 between 18:00 and 22:00 UTC.

Traffic might be re-routed from this location, hence there is a possibility of a slight increase in latency during this maintenance window for end-users in the affected region. For PNI / CNI customers connecting with us in this location, please make sure you are expecting this traffic to fail over elsewhere during this maintenance window as network interfaces in this datacentre may become temporarily unavailable.

You can now subscribe to these notifications via Cloudflare dashboard and receive these updates directly via email, PagerDuty and webhooks (based on your plan): https://developers.cloudflare.com/notifications/notification-avail",degraded_performance,,https://www.cloudflarestatus.com/incidents/62ymjv0qw1rr,2026-09-20T17:04:33.415041+00:00,infra
statuspage,Cloudflare,Cloudflare,platform_service,2026-10-16T17:00:00+00:00,2026-10-16T17:00:00+00:00,KIX (Osaka) on 2026-10-16,"Sep  17 ,  17:11  UTC   Scheduled  - We will be performing scheduled maintenance in KIX (Osaka) datacenter on 2026-10-16 between 17:00 and 21:00 UTC.

Traffic might be re-routed from this location, hence there is a possibility of a slight increase in latency during this maintenance window for end-users in the affected region. For PNI / CNI customers connecting with us in this location, please make sure you are expecting this traffic to fail over elsewhere during this maintenance window as network interfaces in this datacentre may become temporarily unavailable.

You can now subscribe to these notifications via Cloudflare dashboard and receive these updates directly via email, PagerDuty and webhooks (based on your plan): https://developers.cloudflare.com/notifications/notification-available",degraded_performance,,https://www.cloudflarestatus.com/incidents/rp4hjmdz3jr6,2026-09-20T17:04:33.415041+00:00,infra
statuspage,Cloudflare,Cloudflare,platform_service,2026-10-15T21:00:00+00:00,2026-10-15T21:00:00+00:00,BOM (Mumbai) on 2026-10-15,"Sep  17 ,  17:11  UTC   Scheduled  - We will be performing scheduled maintenance in BOM (Mumbai) datacenter between 2026-10-15 21:00 and 2026-10-16 01:00 UTC.

Traffic might be re-routed from this location, hence there is a possibility of a slight increase in latency during this maintenance window for end-users in the affected region. For PNI / CNI customers connecting with us in this location, please make sure you are expecting this traffic to fail over elsewhere during this maintenance window as network interfaces in this datacentre may become temporarily unavailable.

You can now subscribe to these notifications via Cloudflare dashboard and receive these updates directly via email, PagerDuty and webhooks (based on your plan): https://developers.cloudflare.com/notifications/notification-",degraded_performance,,https://www.cloudflarestatus.com/incidents/v41lsg1y8rgp,2026-09-20T17:04:33.415041+00:00,infra
statuspage,Cloudflare,Cloudflare,platform_service,2026-10-15T18:00:00+00:00,2026-10-15T18:00:00+00:00,SIN (Singapore) on 2026-10-15,"Sep  17 ,  17:11  UTC   Scheduled  - We will be performing scheduled maintenance in SIN (Singapore) datacenter on 2026-10-15 between 18:00 and 22:00 UTC.

Traffic might be re-routed from this location, hence there is a possibility of a slight increase in latency during this maintenance window for end-users in the affected region. For PNI / CNI customers connecting with us in this location, please make sure you are expecting this traffic to fail over elsewhere during this maintenance window as network interfaces in this datacentre may become temporarily unavailable.

You can now subscribe to these notifications via Cloudflare dashboard and receive these updates directly via email, PagerDuty and webhooks (based on your plan): https://developers.cloudflare.com/notifications/notification-avail",degraded_performance,,https://www.cloudflarestatus.com/incidents/n7rxpb8cdmlj,2026-09-20T17:04:33.415041+00:00,infra
statuspage,Cloudflare,Cloudflare,platform_service,2026-10-15T17:00:00+00:00,2026-10-15T17:00:00+00:00,KIX (Osaka) on 2026-10-15,"Sep  17 ,  17:01  UTC   Scheduled  - We will be performing scheduled maintenance in KIX (Osaka) datacenter on 2026-10-15 between 17:00 and 21:00 UTC.

Traffic might be re-routed from this location, hence there is a possibility of a slight increase in latency during this maintenance window for end-users in the affected region. For PNI / CNI customers connecting with us in this location, please make sure you are expecting this traffic to fail over elsewhere during this maintenance window as network interfaces in this datacentre may become temporarily unavailable.

You can now subscribe to these notifications via Cloudflare dashboard and receive these updates directly via email, PagerDuty and webhooks (based on your plan): https://developers.cloudflare.com/notifications/notification-available",degraded_performance,,https://www.cloudflarestatus.com/incidents/03t0gg88br5n,2026-09-20T17:04:33.415041+00:00,infra
statuspage,Cloudflare,Cloudflare,platform_service,2026-10-14T21:00:00+00:00,2026-10-14T21:00:00+00:00,BOM (Mumbai) on 2026-10-14,"Sep  17 ,  17:01  UTC   Scheduled  - We will be performing scheduled maintenance in BOM (Mumbai) datacenter between 2026-10-14 21:00 and 2026-10-15 01:00 UTC.

Traffic might be re-routed from this location, hence there is a possibility of a slight increase in latency during this maintenance window for end-users in the affected region. For PNI / CNI customers connecting with us in this location, please make sure you are expecting this traffic to fail over elsewhere during this maintenance window as network interfaces in this datacentre may become temporarily unavailable.

You can now subscribe to these notifications via Cloudflare dashboard and receive these updates directly via email, PagerDuty and webhooks (based on your plan): https://developers.cloudflare.com/notifications/notification-",degraded_performance,,https://www.cloudflarestatus.com/incidents/k3z3p3xqcxj8,2026-09-20T17:04:33.415041+00:00,infra
statuspage,Cloudflare,Cloudflare,platform_service,2026-10-14T18:00:00+00:00,2026-10-14T18:00:00+00:00,SIN (Singapore) on 2026-10-14,"Sep  17 ,  17:01  UTC   Scheduled  - We will be performing scheduled maintenance in SIN (Singapore) datacenter on 2026-10-14 between 18:00 and 22:00 UTC.

Traffic might be re-routed from this location, hence there is a possibility of a slight increase in latency during this maintenance window for end-users in the affected region. For PNI / CNI customers connecting with us in this location, please make sure you are expecting this traffic to fail over elsewhere during this maintenance window as network interfaces in this datacentre may become temporarily unavailable.

You can now subscribe to these notifications via Cloudflare dashboard and receive these updates directly via email, PagerDuty and webhooks (based on your plan): https://developers.cloudflare.com/notifications/notification-avail",degraded_performance,,https://www.cloudflarestatus.com/incidents/wmcqz669vv9z,2026-09-20T17:04:33.415041+00:00,infra
statuspage,Cloudflare,Cloudflare,platform_service,2026-10-14T17:00:00+00:00,2026-10-14T17:00:00+00:00,KIX (Osaka) on 2026-10-14,"Sep  17 ,  17:01  UTC   Scheduled  - We will be performing scheduled maintenance in KIX (Osaka) datacenter on 2026-10-14 between 17:00 and 21:00 UTC.

Traffic might be re-routed from this location, hence there is a possibility of a slight increase in latency during this maintenance window for end-users in the affected region. For PNI / CNI customers connecting with us in this location, please make sure you are expecting this traffic to fail over elsewhere during this maintenance window as network interfaces in this datacentre may become temporarily unavailable.

You can now subscribe to these notifications via Cloudflare dashboard and receive these updates directly via email, PagerDuty and webhooks (based on your plan): https://developers.cloudflare.com/notifications/notification-available",degraded_performance,,https://www.cloudflarestatus.com/incidents/ll3vmlxbk376,2026-09-20T17:04:33.415041+00:00,infra
statuspage,Cloudflare,Cloudflare,platform_service,2026-10-13T18:00:00+00:00,2026-10-13T18:00:00+00:00,SIN (Singapore) on 2026-10-13,"Sep  17 ,  17:01  UTC   Scheduled  - We will be performing scheduled maintenance in SIN (Singapore) datacenter on 2026-10-13 between 18:00 and 22:00 UTC.

Traffic might be re-routed from this location, hence there is a possibility of a slight increase in latency during this maintenance window for end-users in the affected region. For PNI / CNI customers connecting with us in this location, please make sure you are expecting this traffic to fail over elsewhere during this maintenance window as network interfaces in this datacentre may become temporarily unavailable.

You can now subscribe to these notifications via Cloudflare dashboard and receive these updates directly via email, PagerDuty and webhooks (based on your plan): https://developers.cloudflare.com/notifications/notification-avail",degraded_performance,,https://www.cloudflarestatus.com/incidents/ns18cgp9r2qg,2026-09-20T17:04:33.415041+00:00,infra
statuspage,Cloudflare,Cloudflare,platform_service,2026-10-12T18:00:00+00:00,2026-10-12T18:00:00+00:00,SIN (Singapore) on 2026-10-12,"Sep  17 ,  17:01  UTC   Scheduled  - We will be performing scheduled maintenance in SIN (Singapore) datacenter on 2026-10-12 between 18:00 and 22:00 UTC.

Traffic might be re-routed from this location, hence there is a possibility of a slight increase in latency during this maintenance window for end-users in the affected region. For PNI / CNI customers connecting with us in this location, please make sure you are expecting this traffic to fail over elsewhere during this maintenance window as network interfaces in this datacentre may become temporarily unavailable.

You can now subscribe to these notifications via Cloudflare dashboard and receive these updates directly via email, PagerDuty and webhooks (based on your plan): https://developers.cloudflare.com/notifications/notification-avail",degraded_performance,,https://www.cloudflarestatus.com/incidents/rdcqkqj0mtc5,2026-09-20T17:04:33.415041+00:00,infra
statuspage,Cloudflare,Cloudflare,platform_service,2026-10-12T15:00:00+00:00,2026-10-12T15:00:00+00:00,SYD (Sydney) on 2026-10-12,"Sep  17 ,  17:01  UTC   Scheduled  - We will be performing scheduled maintenance in SYD (Sydney) datacenter on 2026-10-12 between 15:00 and 19:00 UTC.

Traffic might be re-routed from this location, hence there is a possibility of a slight increase in latency during this maintenance window for end-users in the affected region. For PNI / CNI customers connecting with us in this location, please make sure you are expecting this traffic to fail over elsewhere during this maintenance window as network interfaces in this datacentre may become temporarily unavailable.

You can now subscribe to these notifications via Cloudflare dashboard and receive these updates directly via email, PagerDuty and webhooks (based on your plan): https://developers.cloudflare.com/notifications/notification-availabl",degraded_performance,,https://www.cloudflarestatus.com/incidents/yr7j9pkntpyc,2026-09-20T17:04:33.415041+00:00,infra
statuspage,Cloudflare,Cloudflare,platform_service,2026-10-09T18:00:00+00:00,2026-10-09T18:00:00+00:00,SIN (Singapore) on 2026-10-09,"Sep  17 ,  17:01  UTC   Scheduled  - We will be performing scheduled maintenance in SIN (Singapore) datacenter on 2026-10-09 between 18:00 and 22:00 UTC.

Traffic might be re-routed from this location, hence there is a possibility of a slight increase in latency during this maintenance window for end-users in the affected region. For PNI / CNI customers connecting with us in this location, please make sure you are expecting this traffic to fail over elsewhere during this maintenance window as network interfaces in this datacentre may become temporarily unavailable.

You can now subscribe to these notifications via Cloudflare dashboard and receive these updates directly via email, PagerDuty and webhooks (based on your plan): https://developers.cloudflare.com/notifications/notification-avail",degraded_performance,,https://www.cloudflarestatus.com/incidents/497gjv11zxj7,2026-09-20T17:04:33.415041+00:00,infra
statuspage,Cloudflare,Cloudflare,platform_service,2026-10-09T17:00:00+00:00,2026-10-09T17:00:00+00:00,ICN (Seoul) on 2026-10-09,"Sep  17 ,  17:01  UTC   Scheduled  - We will be performing scheduled maintenance in ICN (Seoul) datacenter on 2026-10-09 between 17:00 and 21:00 UTC.

Traffic might be re-routed from this location, hence there is a possibility of a slight increase in latency during this maintenance window for end-users in the affected region. For PNI / CNI customers connecting with us in this location, please make sure you are expecting this traffic to fail over elsewhere during this maintenance window as network interfaces in this datacentre may become temporarily unavailable.

You can now subscribe to these notifications via Cloudflare dashboard and receive these updates directly via email, PagerDuty and webhooks (based on your plan): https://developers.cloudflare.com/notifications/notification-available",degraded_performance,,https://www.cloudflarestatus.com/incidents/dgc44lqy17qm,2026-09-20T17:04:33.415041+00:00,infra
statuspage,Cloudflare,Cloudflare,platform_service,2026-10-09T15:00:00+00:00,2026-10-09T15:00:00+00:00,SYD (Sydney) on 2026-10-09,"Sep  17 ,  17:01  UTC   Scheduled  - We will be performing scheduled maintenance in SYD (Sydney) datacenter on 2026-10-09 between 15:00 and 19:00 UTC.

Traffic might be re-routed from this location, hence there is a possibility of a slight increase in latency during this maintenance window for end-users in the affected region. For PNI / CNI customers connecting with us in this location, please make sure you are expecting this traffic to fail over elsewhere during this maintenance window as network interfaces in this datacentre may become temporarily unavailable.

You can now subscribe to these notifications via Cloudflare dashboard and receive these updates directly via email, PagerDuty and webhooks (based on your plan): https://developers.cloudflare.com/notifications/notification-availabl",degraded_performance,,https://www.cloudflarestatus.com/incidents/byzph67fh4mv,2026-09-20T17:04:33.415041+00:00,infra
