source,brand,delay_domain,source_id,store_country,date,reviews_total,rating_mean,thumbs_total,company_replied_total,sampled,collected_utc
google_play_census,DoorDash,food_delivery,com.dd.doordash,us,2026-08-06,146,3.1918,49,0,80,2026-09-20T16:25:39.655597+00:00
google_play_census,DoorDash,food_delivery,com.dd.doordash,us,2026-08-07,123,2.748,121,0,80,2026-09-20T16:25:39.655597+00:00
google_play_census,DoorDash,food_delivery,com.dd.doordash,us,2026-08-08,133,2.8496,106,0,80,2026-09-20T16:25:39.655597+00:00
google_play_census,DoorDash,food_delivery,com.dd.doordash,us,2026-08-09,144,2.8472,89,0,80,2026-09-20T16:25:39.655597+00:00
google_play_census,DoorDash,food_delivery,com.dd.doordash,us,2026-08-10,94,2.6489,46,0,80,2026-09-20T16:25:39.655597+00:00
google_play_census,DoorDash,food_delivery,com.dd.doordash,us,2026-08-11,88,2.7614,48,0,80,2026-09-20T16:25:39.655597+00:00
google_play_census,DoorDash,food_delivery,com.dd.doordash,us,2026-08-12,98,3.4082,31,0,80,2026-09-20T16:25:39.655597+00:00
google_play_census,DoorDash,food_delivery,com.dd.doordash,us,2026-08-13,103,3.0874,69,0,80,2026-09-20T16:25:39.655597+00:00
google_play_census,DoorDash,food_delivery,com.dd.doordash,us,2026-08-14,124,3.0081,112,0,80,2026-09-20T16:25:39.655597+00:00
google_play_census,DoorDash,food_delivery,com.dd.doordash,us,2026-08-15,132,2.8636,86,0,80,2026-09-20T16:25:39.655597+00:00
google_play_census,DoorDash,food_delivery,com.dd.doordash,us,2026-08-16,149,2.9195,167,0,80,2026-09-20T16:25:39.655597+00:00
google_play_census,DoorDash,food_delivery,com.dd.doordash,us,2026-08-17,111,3.0721,89,0,80,2026-09-20T16:25:39.655597+00:00
google_play_census,DoorDash,food_delivery,com.dd.doordash,us,2026-08-18,96,2.7917,47,0,80,2026-09-20T16:25:39.655597+00:00
google_play_census,DoorDash,food_delivery,com.dd.doordash,us,2026-08-19,89,2.9663,41,0,80,2026-09-20T16:25:39.655597+00:00
google_play_census,DoorDash,food_delivery,com.dd.doordash,us,2026-08-20,110,2.8091,28,0,80,2026-09-20T16:25:39.655597+00:00
google_play_census,DoorDash,food_delivery,com.dd.doordash,us,2026-08-21,113,2.9381,43,0,80,2026-09-20T16:25:39.655597+00:00
google_play_census,DoorDash,food_delivery,com.dd.doordash,us,2026-08-22,144,3.0556,36,0,80,2026-09-20T16:25:39.655597+00:00
google_play_census,DoorDash,food_delivery,com.dd.doordash,us,2026-08-23,114,3.0702,40,0,80,2026-09-20T16:25:39.655597+00:00
google_play_census,DoorDash,food_delivery,com.dd.doordash,us,2026-08-24,98,2.7653,33,0,80,2026-09-20T16:25:39.655597+00:00
google_play_census,DoorDash,food_delivery,com.dd.doordash,us,2026-08-25,91,2.989,19,0,80,2026-09-20T16:25:39.655597+00:00
google_play_census,DoorDash,food_delivery,com.dd.doordash,us,2026-08-26,83,3.2048,115,0,80,2026-09-20T16:25:39.655597+00:00
google_play_census,DoorDash,food_delivery,com.dd.doordash,us,2026-08-27,106,3.0,56,0,80,2026-09-20T16:25:39.655597+00:00
google_play_census,DoorDash,food_delivery,com.dd.doordash,us,2026-08-28,110,2.8182,70,0,80,2026-09-20T16:25:39.655597+00:00
google_play_census,DoorDash,food_delivery,com.dd.doordash,us,2026-08-29,147,3.1361,69,0,80,2026-09-20T16:25:39.655597+00:00
google_play_census,DoorDash,food_delivery,com.dd.doordash,us,2026-08-30,125,3.232,49,0,80,2026-09-20T16:25:39.655597+00:00
google_play_census,DoorDash,food_delivery,com.dd.doordash,us,2026-08-31,105,2.8857,44,0,80,2026-09-20T16:25:39.655597+00:00
google_play_census,DoorDash,food_delivery,com.dd.doordash,us,2026-09-01,112,2.8304,244,0,80,2026-09-20T16:25:39.655597+00:00
google_play_census,DoorDash,food_delivery,com.dd.doordash,us,2026-09-02,131,3.2061,85,0,80,2026-09-20T16:25:39.655597+00:00
google_play_census,DoorDash,food_delivery,com.dd.doordash,us,2026-09-03,136,2.9632,67,0,80,2026-09-20T16:25:39.655597+00:00
google_play_census,DoorDash,food_delivery,com.dd.doordash,us,2026-09-04,121,3.1983,52,0,80,2026-09-20T16:25:39.655597+00:00
google_play_census,DoorDash,food_delivery,com.dd.doordash,us,2026-09-05,131,3.0153,32,0,80,2026-09-20T16:25:39.655597+00:00
google_play_census,DoorDash,food_delivery,com.dd.doordash,us,2026-09-06,139,2.6978,48,0,80,2026-09-20T16:25:39.655597+00:00
google_play_census,DoorDash,food_delivery,com.dd.doordash,us,2026-09-07,120,2.7583,27,0,80,2026-09-20T16:25:39.655597+00:00
google_play_census,DoorDash,food_delivery,com.dd.doordash,us,2026-09-08,93,2.8065,26,0,80,2026-09-20T16:25:39.655597+00:00
google_play_census,DoorDash,food_delivery,com.dd.doordash,us,2026-09-09,90,2.9333,39,0,80,2026-09-20T16:25:39.655597+00:00
google_play_census,DoorDash,food_delivery,com.dd.doordash,us,2026-09-10,131,2.7939,44,0,80,2026-09-20T16:25:39.655597+00:00
google_play_census,DoorDash,food_delivery,com.dd.doordash,us,2026-09-11,95,2.7263,56,0,80,2026-09-20T16:25:39.655597+00:00
google_play_census,DoorDash,food_delivery,com.dd.doordash,us,2026-09-12,122,2.7295,16,0,80,2026-09-20T16:25:39.655597+00:00
google_play_census,DoorDash,food_delivery,com.dd.doordash,us,2026-09-13,114,2.807,53,0,80,2026-09-20T16:25:39.655597+00:00
google_play_census,DoorDash,food_delivery,com.dd.doordash,us,2026-09-14,122,2.582,20,0,80,2026-09-20T16:25:39.655597+00:00
google_play_census,DoorDash,food_delivery,com.dd.doordash,us,2026-09-15,95,3.0316,22,0,80,2026-09-20T16:25:39.655597+00:00
google_play_census,DoorDash,food_delivery,com.dd.doordash,us,2026-09-16,110,3.0455,14,0,80,2026-09-20T16:25:39.655597+00:00
google_play_census,DoorDash,food_delivery,com.dd.doordash,us,2026-09-17,100,2.85,6,0,80,2026-09-20T16:25:39.655597+00:00
google_play_census,DoorDash,food_delivery,com.dd.doordash,us,2026-09-18,111,2.7027,18,0,80,2026-09-20T16:25:39.655597+00:00
google_play_census,DoorDash,food_delivery,com.dd.doordash,us,2026-09-19,130,2.6385,18,0,80,2026-09-20T16:25:39.655597+00:00
google_play_census,Uber Eats,food_delivery,com.ubercab.eats,us,2026-08-06,95,2.4316,39,0,80,2026-09-20T16:25:50.270579+00:00
google_play_census,Uber Eats,food_delivery,com.ubercab.eats,us,2026-08-07,96,2.4271,1432,0,80,2026-09-20T16:25:50.270579+00:00
google_play_census,Uber Eats,food_delivery,com.ubercab.eats,us,2026-08-08,96,2.4583,22,0,80,2026-09-20T16:25:50.270579+00:00
google_play_census,Uber Eats,food_delivery,com.ubercab.eats,us,2026-08-09,113,2.531,13,0,80,2026-09-20T16:25:50.270579+00:00
google_play_census,Uber Eats,food_delivery,com.ubercab.eats,us,2026-08-10,103,2.3495,331,0,80,2026-09-20T16:25:50.270579+00:00
google_play_census,Uber Eats,food_delivery,com.ubercab.eats,us,2026-08-11,94,2.8617,31,1,80,2026-09-20T16:25:50.270579+00:00
google_play_census,Uber Eats,food_delivery,com.ubercab.eats,us,2026-08-12,84,3.1429,50,0,80,2026-09-20T16:25:50.270579+00:00
google_play_census,Uber Eats,food_delivery,com.ubercab.eats,us,2026-08-13,113,2.9469,107,0,80,2026-09-20T16:25:50.270579+00:00
google_play_census,Uber Eats,food_delivery,com.ubercab.eats,us,2026-08-14,108,2.5278,81,0,80,2026-09-20T16:25:50.270579+00:00
google_play_census,Uber Eats,food_delivery,com.ubercab.eats,us,2026-08-15,120,2.6417,122,0,80,2026-09-20T16:25:50.270579+00:00
google_play_census,Uber Eats,food_delivery,com.ubercab.eats,us,2026-08-16,92,2.8478,64,1,80,2026-09-20T16:25:50.270579+00:00
google_play_census,Uber Eats,food_delivery,com.ubercab.eats,us,2026-08-17,93,2.2903,59,0,80,2026-09-20T16:25:50.270579+00:00
google_play_census,Uber Eats,food_delivery,com.ubercab.eats,us,2026-08-18,79,2.6076,143,0,79,2026-09-20T16:25:50.270579+00:00
google_play_census,Uber Eats,food_delivery,com.ubercab.eats,us,2026-08-19,64,2.8125,119,0,64,2026-09-20T16:25:50.270579+00:00
google_play_census,Uber Eats,food_delivery,com.ubercab.eats,us,2026-08-20,91,2.5275,34,1,80,2026-09-20T16:25:50.270579+00:00
google_play_census,Uber Eats,food_delivery,com.ubercab.eats,us,2026-08-21,84,2.8095,41,0,80,2026-09-20T16:25:50.270579+00:00
google_play_census,Uber Eats,food_delivery,com.ubercab.eats,us,2026-08-22,82,2.6341,49,0,80,2026-09-20T16:25:50.270579+00:00
google_play_census,Uber Eats,food_delivery,com.ubercab.eats,us,2026-08-23,101,2.6634,36,0,80,2026-09-20T16:25:50.270579+00:00
google_play_census,Uber Eats,food_delivery,com.ubercab.eats,us,2026-08-24,86,2.8488,31,0,80,2026-09-20T16:25:50.270579+00:00
google_play_census,Uber Eats,food_delivery,com.ubercab.eats,us,2026-08-25,98,2.6837,43,0,80,2026-09-20T16:25:50.270579+00:00
google_play_census,Uber Eats,food_delivery,com.ubercab.eats,us,2026-08-26,103,2.9806,99,0,80,2026-09-20T16:25:50.270579+00:00
google_play_census,Uber Eats,food_delivery,com.ubercab.eats,us,2026-08-27,97,2.4845,68,0,80,2026-09-20T16:25:50.270579+00:00
google_play_census,Uber Eats,food_delivery,com.ubercab.eats,us,2026-08-28,108,2.9537,29,0,80,2026-09-20T16:25:50.270579+00:00
google_play_census,Uber Eats,food_delivery,com.ubercab.eats,us,2026-08-29,139,2.9209,20,0,80,2026-09-20T16:25:50.270579+00:00
google_play_census,Uber Eats,food_delivery,com.ubercab.eats,us,2026-08-30,99,2.9394,34,2,80,2026-09-20T16:25:50.270579+00:00
google_play_census,Uber Eats,food_delivery,com.ubercab.eats,us,2026-08-31,109,2.6514,28,0,80,2026-09-20T16:25:50.270579+00:00
google_play_census,Uber Eats,food_delivery,com.ubercab.eats,us,2026-09-01,90,2.8889,41,3,80,2026-09-20T16:25:50.270579+00:00
google_play_census,Uber Eats,food_delivery,com.ubercab.eats,us,2026-09-02,82,2.9756,20,0,80,2026-09-20T16:25:50.270579+00:00
google_play_census,Uber Eats,food_delivery,com.ubercab.eats,us,2026-09-03,110,3.1364,59,0,80,2026-09-20T16:25:50.270579+00:00
google_play_census,Uber Eats,food_delivery,com.ubercab.eats,us,2026-09-04,118,2.9492,21,0,80,2026-09-20T16:25:50.270579+00:00
google_play_census,Uber Eats,food_delivery,com.ubercab.eats,us,2026-09-05,134,2.5448,204,0,80,2026-09-20T16:25:50.270579+00:00
google_play_census,Uber Eats,food_delivery,com.ubercab.eats,us,2026-09-06,127,2.7087,104,0,80,2026-09-20T16:25:50.270579+00:00
google_play_census,Uber Eats,food_delivery,com.ubercab.eats,us,2026-09-07,98,2.7347,13,0,80,2026-09-20T16:25:50.270579+00:00
google_play_census,Uber Eats,food_delivery,com.ubercab.eats,us,2026-09-08,73,2.2466,30,1,73,2026-09-20T16:25:50.270579+00:00
google_play_census,Uber Eats,food_delivery,com.ubercab.eats,us,2026-09-09,74,2.6486,9,0,74,2026-09-20T16:25:50.270579+00:00
google_play_census,Uber Eats,food_delivery,com.ubercab.eats,us,2026-09-10,92,2.7609,12,0,80,2026-09-20T16:25:50.270579+00:00
google_play_census,Uber Eats,food_delivery,com.ubercab.eats,us,2026-09-11,95,2.7053,9,3,80,2026-09-20T16:25:50.270579+00:00
google_play_census,Uber Eats,food_delivery,com.ubercab.eats,us,2026-09-12,114,2.5526,31,0,80,2026-09-20T16:25:50.270579+00:00
google_play_census,Uber Eats,food_delivery,com.ubercab.eats,us,2026-09-13,111,2.9369,26,0,80,2026-09-20T16:25:50.270579+00:00
google_play_census,Uber Eats,food_delivery,com.ubercab.eats,us,2026-09-14,79,2.3291,11,0,79,2026-09-20T16:25:50.270579+00:00
google_play_census,Uber Eats,food_delivery,com.ubercab.eats,us,2026-09-15,80,2.7125,4,0,80,2026-09-20T16:25:50.270579+00:00
google_play_census,Uber Eats,food_delivery,com.ubercab.eats,us,2026-09-16,83,2.759,38,0,80,2026-09-20T16:25:50.270579+00:00
google_play_census,Uber Eats,food_delivery,com.ubercab.eats,us,2026-09-17,80,2.7375,61,0,80,2026-09-20T16:25:50.270579+00:00
google_play_census,Uber Eats,food_delivery,com.ubercab.eats,us,2026-09-18,120,2.675,26,1,80,2026-09-20T16:25:50.270579+00:00
google_play_census,Uber Eats,food_delivery,com.ubercab.eats,us,2026-09-19,106,2.5943,4,1,80,2026-09-20T16:25:50.270579+00:00
google_play_census,Grubhub,food_delivery,com.grubhub.android,us,2026-08-06,12,2.25,11,8,12,2026-09-20T16:26:00.226210+00:00
google_play_census,Grubhub,food_delivery,com.grubhub.android,us,2026-08-07,10,2.5,10,6,10,2026-09-20T16:26:00.226210+00:00
google_play_census,Grubhub,food_delivery,com.grubhub.android,us,2026-08-08,15,2.8667,12,8,15,2026-09-20T16:26:00.226210+00:00
google_play_census,Grubhub,food_delivery,com.grubhub.android,us,2026-08-09,22,2.4091,18,15,22,2026-09-20T16:26:00.226210+00:00
google_play_census,Grubhub,food_delivery,com.grubhub.android,us,2026-08-10,14,2.5,16,9,14,2026-09-20T16:26:00.226210+00:00
google_play_census,Grubhub,food_delivery,com.grubhub.android,us,2026-08-11,11,2.5455,8,7,11,2026-09-20T16:26:00.226210+00:00
google_play_census,Grubhub,food_delivery,com.grubhub.android,us,2026-08-12,13,2.7692,22,8,13,2026-09-20T16:26:00.226210+00:00
google_play_census,Grubhub,food_delivery,com.grubhub.android,us,2026-08-13,12,3.0,7,6,12,2026-09-20T16:26:00.226210+00:00
google_play_census,Grubhub,food_delivery,com.grubhub.android,us,2026-08-14,13,2.2308,4,8,13,2026-09-20T16:26:00.226210+00:00
google_play_census,Grubhub,food_delivery,com.grubhub.android,us,2026-08-15,13,2.7692,6,7,13,2026-09-20T16:26:00.226210+00:00
google_play_census,Grubhub,food_delivery,com.grubhub.android,us,2026-08-16,16,2.625,20,11,16,2026-09-20T16:26:00.226210+00:00
google_play_census,Grubhub,food_delivery,com.grubhub.android,us,2026-08-17,10,2.7,10,6,10,2026-09-20T16:26:00.226210+00:00
google_play_census,Grubhub,food_delivery,com.grubhub.android,us,2026-08-18,4,1.25,10,4,4,2026-09-20T16:26:00.226210+00:00
google_play_census,Grubhub,food_delivery,com.grubhub.android,us,2026-08-19,14,2.2857,182,9,14,2026-09-20T16:26:00.226210+00:00
google_play_census,Grubhub,food_delivery,com.grubhub.android,us,2026-08-20,11,1.8182,8,8,11,2026-09-20T16:26:00.226210+00:00
google_play_census,Grubhub,food_delivery,com.grubhub.android,us,2026-08-21,10,1.5,12,10,10,2026-09-20T16:26:00.226210+00:00
google_play_census,Grubhub,food_delivery,com.grubhub.android,us,2026-08-22,14,2.3571,8,9,14,2026-09-20T16:26:00.226210+00:00
google_play_census,Grubhub,food_delivery,com.grubhub.android,us,2026-08-23,16,2.0,14,14,16,2026-09-20T16:26:00.226210+00:00
google_play_census,Grubhub,food_delivery,com.grubhub.android,us,2026-08-24,19,2.2632,38,14,19,2026-09-20T16:26:00.226210+00:00
google_play_census,Grubhub,food_delivery,com.grubhub.android,us,2026-08-25,9,3.3333,1,4,9,2026-09-20T16:26:00.226210+00:00
google_play_census,Grubhub,food_delivery,com.grubhub.android,us,2026-08-26,11,2.2727,5,8,11,2026-09-20T16:26:00.226210+00:00
google_play_census,Grubhub,food_delivery,com.grubhub.android,us,2026-08-27,4,2.75,2,2,4,2026-09-20T16:26:00.226210+00:00
google_play_census,Grubhub,food_delivery,com.grubhub.android,us,2026-08-28,12,2.1667,2,10,12,2026-09-20T16:26:00.226210+00:00
google_play_census,Grubhub,food_delivery,com.grubhub.android,us,2026-08-29,14,3.0714,0,8,14,2026-09-20T16:26:00.226210+00:00
google_play_census,Grubhub,food_delivery,com.grubhub.android,us,2026-08-30,14,2.5714,8,9,14,2026-09-20T16:26:00.226210+00:00
google_play_census,Grubhub,food_delivery,com.grubhub.android,us,2026-08-31,16,1.9375,7,13,16,2026-09-20T16:26:00.226210+00:00
google_play_census,Grubhub,food_delivery,com.grubhub.android,us,2026-09-01,5,3.4,0,2,5,2026-09-20T16:26:00.226210+00:00
google_play_census,Grubhub,food_delivery,com.grubhub.android,us,2026-09-02,12,3.0,1,7,12,2026-09-20T16:26:00.226210+00:00
google_play_census,Grubhub,food_delivery,com.grubhub.android,us,2026-09-03,15,1.6667,2,13,15,2026-09-20T16:26:00.226210+00:00
google_play_census,Grubhub,food_delivery,com.grubhub.android,us,2026-09-04,21,1.9048,3,16,21,2026-09-20T16:26:00.226210+00:00
google_play_census,Grubhub,food_delivery,com.grubhub.android,us,2026-09-05,12,2.8333,8,7,12,2026-09-20T16:26:00.226210+00:00
google_play_census,Grubhub,food_delivery,com.grubhub.android,us,2026-09-06,28,2.7857,3,17,28,2026-09-20T16:26:00.226210+00:00
google_play_census,Grubhub,food_delivery,com.grubhub.android,us,2026-09-07,24,2.0417,5,18,24,2026-09-20T16:26:00.226210+00:00
google_play_census,Grubhub,food_delivery,com.grubhub.android,us,2026-09-08,12,2.75,16,6,12,2026-09-20T16:26:00.226210+00:00
google_play_census,Grubhub,food_delivery,com.grubhub.android,us,2026-09-09,14,2.9286,8,7,14,2026-09-20T16:26:00.226210+00:00
google_play_census,Grubhub,food_delivery,com.grubhub.android,us,2026-09-10,25,2.64,27,15,25,2026-09-20T16:26:00.226210+00:00
google_play_census,Grubhub,food_delivery,com.grubhub.android,us,2026-09-11,19,2.0526,13,16,19,2026-09-20T16:26:00.226210+00:00
google_play_census,Grubhub,food_delivery,com.grubhub.android,us,2026-09-12,18,1.3889,14,16,18,2026-09-20T16:26:00.226210+00:00
google_play_census,Grubhub,food_delivery,com.grubhub.android,us,2026-09-13,31,2.2258,10,19,31,2026-09-20T16:26:00.226210+00:00
google_play_census,Grubhub,food_delivery,com.grubhub.android,us,2026-09-14,27,2.4444,18,10,27,2026-09-20T16:26:00.226210+00:00
google_play_census,Grubhub,food_delivery,com.grubhub.android,us,2026-09-15,17,2.5882,9,8,17,2026-09-20T16:26:00.226210+00:00
google_play_census,Grubhub,food_delivery,com.grubhub.android,us,2026-09-16,19,1.8947,23,8,19,2026-09-20T16:26:00.226210+00:00
google_play_census,Grubhub,food_delivery,com.grubhub.android,us,2026-09-17,15,2.2667,11,6,15,2026-09-20T16:26:00.226210+00:00
google_play_census,Grubhub,food_delivery,com.grubhub.android,us,2026-09-18,19,2.2632,20,8,19,2026-09-20T16:26:00.226210+00:00
google_play_census,Grubhub,food_delivery,com.grubhub.android,us,2026-09-19,16,2.25,2,1,16,2026-09-20T16:26:00.226210+00:00
google_play_census,Deliveroo,food_delivery,com.deliveroo.orderapp,gb,2026-08-06,9,3.7778,5,0,9,2026-09-20T16:26:01.744442+00:00
google_play_census,Deliveroo,food_delivery,com.deliveroo.orderapp,gb,2026-08-07,5,3.6,3,0,5,2026-09-20T16:26:01.744442+00:00
google_play_census,Deliveroo,food_delivery,com.deliveroo.orderapp,gb,2026-08-08,13,2.5385,3,0,13,2026-09-20T16:26:01.744442+00:00
google_play_census,Deliveroo,food_delivery,com.deliveroo.orderapp,gb,2026-08-09,15,2.0667,11,0,15,2026-09-20T16:26:01.744442+00:00
google_play_census,Deliveroo,food_delivery,com.deliveroo.orderapp,gb,2026-08-10,10,2.9,19,0,10,2026-09-20T16:26:01.744442+00:00
google_play_census,Deliveroo,food_delivery,com.deliveroo.orderapp,gb,2026-08-11,13,2.8462,2,0,13,2026-09-20T16:26:01.744442+00:00
google_play_census,Deliveroo,food_delivery,com.deliveroo.orderapp,gb,2026-08-12,6,2.0,1,0,6,2026-09-20T16:26:01.744442+00:00
google_play_census,Deliveroo,food_delivery,com.deliveroo.orderapp,gb,2026-08-13,9,1.8889,0,0,9,2026-09-20T16:26:01.744442+00:00
google_play_census,Deliveroo,food_delivery,com.deliveroo.orderapp,gb,2026-08-14,11,2.8182,0,0,11,2026-09-20T16:26:01.744442+00:00
google_play_census,Deliveroo,food_delivery,com.deliveroo.orderapp,gb,2026-08-15,10,2.6,2,0,10,2026-09-20T16:26:01.744442+00:00
google_play_census,Deliveroo,food_delivery,com.deliveroo.orderapp,gb,2026-08-16,7,3.8571,0,0,7,2026-09-20T16:26:01.744442+00:00
google_play_census,Deliveroo,food_delivery,com.deliveroo.orderapp,gb,2026-08-17,5,3.0,0,0,5,2026-09-20T16:26:01.744442+00:00
google_play_census,Deliveroo,food_delivery,com.deliveroo.orderapp,gb,2026-08-18,13,2.8462,0,0,13,2026-09-20T16:26:01.744442+00:00
google_play_census,Deliveroo,food_delivery,com.deliveroo.orderapp,gb,2026-08-19,12,3.25,5,0,12,2026-09-20T16:26:01.744442+00:00
google_play_census,Deliveroo,food_delivery,com.deliveroo.orderapp,gb,2026-08-20,16,1.6875,4,0,16,2026-09-20T16:26:01.744442+00:00
google_play_census,Deliveroo,food_delivery,com.deliveroo.orderapp,gb,2026-08-21,13,3.5385,20,0,13,2026-09-20T16:26:01.744442+00:00
google_play_census,Deliveroo,food_delivery,com.deliveroo.orderapp,gb,2026-08-22,12,2.8333,1,0,12,2026-09-20T16:26:01.744442+00:00
google_play_census,Deliveroo,food_delivery,com.deliveroo.orderapp,gb,2026-08-23,7,2.7143,0,0,7,2026-09-20T16:26:01.744442+00:00
google_play_census,Deliveroo,food_delivery,com.deliveroo.orderapp,gb,2026-08-24,8,3.25,8,0,8,2026-09-20T16:26:01.744442+00:00
google_play_census,Deliveroo,food_delivery,com.deliveroo.orderapp,gb,2026-08-25,8,2.375,2,1,8,2026-09-20T16:26:01.744442+00:00
google_play_census,Deliveroo,food_delivery,com.deliveroo.orderapp,gb,2026-08-26,11,2.2727,2,0,11,2026-09-20T16:26:01.744442+00:00
google_play_census,Deliveroo,food_delivery,com.deliveroo.orderapp,gb,2026-08-27,22,2.4091,1,0,22,2026-09-20T16:26:01.744442+00:00
google_play_census,Deliveroo,food_delivery,com.deliveroo.orderapp,gb,2026-08-28,16,2.5625,2,0,16,2026-09-20T16:26:01.744442+00:00
google_play_census,Deliveroo,food_delivery,com.deliveroo.orderapp,gb,2026-08-29,13,2.4615,2,0,13,2026-09-20T16:26:01.744442+00:00
google_play_census,Deliveroo,food_delivery,com.deliveroo.orderapp,gb,2026-08-30,8,3.25,4,0,8,2026-09-20T16:26:01.744442+00:00
google_play_census,Deliveroo,food_delivery,com.deliveroo.orderapp,gb,2026-08-31,10,2.9,5,0,10,2026-09-20T16:26:01.744442+00:00
google_play_census,Deliveroo,food_delivery,com.deliveroo.orderapp,gb,2026-09-01,6,4.6667,0,0,6,2026-09-20T16:26:01.744442+00:00
google_play_census,Deliveroo,food_delivery,com.deliveroo.orderapp,gb,2026-09-02,8,3.875,2,0,8,2026-09-20T16:26:01.744442+00:00
google_play_census,Deliveroo,food_delivery,com.deliveroo.orderapp,gb,2026-09-03,12,2.8333,2,0,12,2026-09-20T16:26:01.744442+00:00
google_play_census,Deliveroo,food_delivery,com.deliveroo.orderapp,gb,2026-09-04,11,3.0,0,0,11,2026-09-20T16:26:01.744442+00:00
google_play_census,Deliveroo,food_delivery,com.deliveroo.orderapp,gb,2026-09-05,15,2.9333,2,0,15,2026-09-20T16:26:01.744442+00:00
google_play_census,Deliveroo,food_delivery,com.deliveroo.orderapp,gb,2026-09-06,14,1.8571,7,0,14,2026-09-20T16:26:01.744442+00:00
google_play_census,Deliveroo,food_delivery,com.deliveroo.orderapp,gb,2026-09-07,7,2.4286,0,0,7,2026-09-20T16:26:01.744442+00:00
google_play_census,Deliveroo,food_delivery,com.deliveroo.orderapp,gb,2026-09-08,7,1.7143,2,0,7,2026-09-20T16:26:01.744442+00:00
google_play_census,Deliveroo,food_delivery,com.deliveroo.orderapp,gb,2026-09-09,10,3.4,4,0,10,2026-09-20T16:26:01.744442+00:00
google_play_census,Deliveroo,food_delivery,com.deliveroo.orderapp,gb,2026-09-10,19,2.7895,4,0,19,2026-09-20T16:26:01.744442+00:00
google_play_census,Deliveroo,food_delivery,com.deliveroo.orderapp,gb,2026-09-11,11,3.0,0,0,11,2026-09-20T16:26:01.744442+00:00
google_play_census,Deliveroo,food_delivery,com.deliveroo.orderapp,gb,2026-09-12,14,3.3571,0,1,14,2026-09-20T16:26:01.744442+00:00
google_play_census,Deliveroo,food_delivery,com.deliveroo.orderapp,gb,2026-09-13,14,3.6429,0,0,14,2026-09-20T16:26:01.744442+00:00
google_play_census,Deliveroo,food_delivery,com.deliveroo.orderapp,gb,2026-09-14,9,2.7778,0,0,9,2026-09-20T16:26:01.744442+00:00
google_play_census,Deliveroo,food_delivery,com.deliveroo.orderapp,gb,2026-09-15,10,3.0,4,0,10,2026-09-20T16:26:01.744442+00:00
google_play_census,Deliveroo,food_delivery,com.deliveroo.orderapp,gb,2026-09-16,7,4.4286,0,0,7,2026-09-20T16:26:01.744442+00:00
google_play_census,Deliveroo,food_delivery,com.deliveroo.orderapp,gb,2026-09-17,10,2.7,5,0,10,2026-09-20T16:26:01.744442+00:00
google_play_census,Deliveroo,food_delivery,com.deliveroo.orderapp,gb,2026-09-18,14,1.6429,5,0,14,2026-09-20T16:26:01.744442+00:00
google_play_census,Deliveroo,food_delivery,com.deliveroo.orderapp,gb,2026-09-19,10,3.2,1,0,10,2026-09-20T16:26:01.744442+00:00
google_play_census,Just Eat,food_delivery,com.justeat.app.uk,gb,2026-08-06,10,2.9,12,0,10,2026-09-20T16:26:02.942812+00:00
google_play_census,Just Eat,food_delivery,com.justeat.app.uk,gb,2026-08-07,13,2.7692,55,0,13,2026-09-20T16:26:02.942812+00:00
google_play_census,Just Eat,food_delivery,com.justeat.app.uk,gb,2026-08-08,15,2.6667,14,0,15,2026-09-20T16:26:02.942812+00:00
google_play_census,Just Eat,food_delivery,com.justeat.app.uk,gb,2026-08-09,25,3.4,17,0,25,2026-09-20T16:26:02.942812+00:00
google_play_census,Just Eat,food_delivery,com.justeat.app.uk,gb,2026-08-10,14,3.5,7,0,14,2026-09-20T16:26:02.942812+00:00
google_play_census,Just Eat,food_delivery,com.justeat.app.uk,gb,2026-08-11,18,2.2778,6,0,18,2026-09-20T16:26:02.942812+00:00
google_play_census,Just Eat,food_delivery,com.justeat.app.uk,gb,2026-08-12,14,2.9286,7,0,14,2026-09-20T16:26:02.942812+00:00
google_play_census,Just Eat,food_delivery,com.justeat.app.uk,gb,2026-08-13,17,2.7059,9,0,17,2026-09-20T16:26:02.942812+00:00
google_play_census,Just Eat,food_delivery,com.justeat.app.uk,gb,2026-08-14,19,2.8947,1,0,19,2026-09-20T16:26:02.942812+00:00
google_play_census,Just Eat,food_delivery,com.justeat.app.uk,gb,2026-08-15,17,2.5882,35,1,17,2026-09-20T16:26:02.942812+00:00
google_play_census,Just Eat,food_delivery,com.justeat.app.uk,gb,2026-08-16,15,3.2667,16,0,15,2026-09-20T16:26:02.942812+00:00
google_play_census,Just Eat,food_delivery,com.justeat.app.uk,gb,2026-08-17,11,2.9091,2,0,11,2026-09-20T16:26:02.942812+00:00
google_play_census,Just Eat,food_delivery,com.justeat.app.uk,gb,2026-08-18,12,3.3333,2,0,12,2026-09-20T16:26:02.942812+00:00
google_play_census,Just Eat,food_delivery,com.justeat.app.uk,gb,2026-08-19,16,2.3125,8,0,16,2026-09-20T16:26:02.942812+00:00
google_play_census,Just Eat,food_delivery,com.justeat.app.uk,gb,2026-08-20,11,3.3636,1,0,11,2026-09-20T16:26:02.942812+00:00
google_play_census,Just Eat,food_delivery,com.justeat.app.uk,gb,2026-08-21,16,3.125,3,0,16,2026-09-20T16:26:02.942812+00:00
google_play_census,Just Eat,food_delivery,com.justeat.app.uk,gb,2026-08-22,18,3.0,1,0,18,2026-09-20T16:26:02.942812+00:00
google_play_census,Just Eat,food_delivery,com.justeat.app.uk,gb,2026-08-23,19,2.2632,1,1,19,2026-09-20T16:26:02.942812+00:00
google_play_census,Just Eat,food_delivery,com.justeat.app.uk,gb,2026-08-24,8,2.75,1,0,8,2026-09-20T16:26:02.942812+00:00
google_play_census,Just Eat,food_delivery,com.justeat.app.uk,gb,2026-08-25,11,2.1818,1,0,11,2026-09-20T16:26:02.942812+00:00
google_play_census,Just Eat,food_delivery,com.justeat.app.uk,gb,2026-08-26,5,2.0,1,0,5,2026-09-20T16:26:02.942812+00:00
google_play_census,Just Eat,food_delivery,com.justeat.app.uk,gb,2026-08-27,9,2.0,3,0,9,2026-09-20T16:26:02.942812+00:00
google_play_census,Just Eat,food_delivery,com.justeat.app.uk,gb,2026-08-28,12,2.3333,0,0,12,2026-09-20T16:26:02.942812+00:00
google_play_census,Just Eat,food_delivery,com.justeat.app.uk,gb,2026-08-29,18,2.5556,11,0,18,2026-09-20T16:26:02.942812+00:00
google_play_census,Just Eat,food_delivery,com.justeat.app.uk,gb,2026-08-30,12,2.4167,2,0,12,2026-09-20T16:26:02.942812+00:00
google_play_census,Just Eat,food_delivery,com.justeat.app.uk,gb,2026-08-31,9,3.6667,3,0,9,2026-09-20T16:26:02.942812+00:00
google_play_census,Just Eat,food_delivery,com.justeat.app.uk,gb,2026-09-01,5,3.2,1,0,5,2026-09-20T16:26:02.942812+00:00
google_play_census,Just Eat,food_delivery,com.justeat.app.uk,gb,2026-09-02,9,2.3333,0,0,9,2026-09-20T16:26:02.942812+00:00
google_play_census,Just Eat,food_delivery,com.justeat.app.uk,gb,2026-09-03,12,2.5,0,0,12,2026-09-20T16:26:02.942812+00:00
google_play_census,Just Eat,food_delivery,com.justeat.app.uk,gb,2026-09-04,10,2.5,3,0,10,2026-09-20T16:26:02.942812+00:00
google_play_census,Just Eat,food_delivery,com.justeat.app.uk,gb,2026-09-05,24,2.9167,5,0,24,2026-09-20T16:26:02.942812+00:00
google_play_census,Just Eat,food_delivery,com.justeat.app.uk,gb,2026-09-06,19,3.0,1,0,19,2026-09-20T16:26:02.942812+00:00
google_play_census,Just Eat,food_delivery,com.justeat.app.uk,gb,2026-09-07,12,3.1667,4,0,12,2026-09-20T16:26:02.942812+00:00
google_play_census,Just Eat,food_delivery,com.justeat.app.uk,gb,2026-09-08,21,2.5238,0,0,21,2026-09-20T16:26:02.942812+00:00
google_play_census,Just Eat,food_delivery,com.justeat.app.uk,gb,2026-09-09,16,3.3125,3,0,16,2026-09-20T16:26:02.942812+00:00
google_play_census,Just Eat,food_delivery,com.justeat.app.uk,gb,2026-09-10,18,2.9444,1,0,18,2026-09-20T16:26:02.942812+00:00
google_play_census,Just Eat,food_delivery,com.justeat.app.uk,gb,2026-09-11,24,2.7083,0,0,24,2026-09-20T16:26:02.942812+00:00
google_play_census,Just Eat,food_delivery,com.justeat.app.uk,gb,2026-09-12,26,2.6923,21,0,26,2026-09-20T16:26:02.942812+00:00
google_play_census,Just Eat,food_delivery,com.justeat.app.uk,gb,2026-09-13,12,2.25,0,0,12,2026-09-20T16:26:02.942812+00:00
google_play_census,Just Eat,food_delivery,com.justeat.app.uk,gb,2026-09-14,19,2.5263,1,0,19,2026-09-20T16:26:02.942812+00:00
google_play_census,Just Eat,food_delivery,com.justeat.app.uk,gb,2026-09-15,17,2.9412,2,0,17,2026-09-20T16:26:02.942812+00:00
google_play_census,Just Eat,food_delivery,com.justeat.app.uk,gb,2026-09-16,10,2.4,3,0,10,2026-09-20T16:26:02.942812+00:00
google_play_census,Just Eat,food_delivery,com.justeat.app.uk,gb,2026-09-17,12,3.3333,2,0,12,2026-09-20T16:26:02.942812+00:00
google_play_census,Just Eat,food_delivery,com.justeat.app.uk,gb,2026-09-18,23,3.6522,0,0,23,2026-09-20T16:26:02.942812+00:00
google_play_census,Just Eat,food_delivery,com.justeat.app.uk,gb,2026-09-19,16,2.0,0,0,16,2026-09-20T16:26:02.942812+00:00
google_play_census,Zomato,food_delivery,com.application.zomato,in,2026-08-06,574,3.7875,20,7,80,2026-09-20T16:26:04.335714+00:00
google_play_census,Zomato,food_delivery,com.application.zomato,in,2026-08-07,619,3.6446,138,8,80,2026-09-20T16:26:04.335714+00:00
google_play_census,Zomato,food_delivery,com.application.zomato,in,2026-08-08,802,3.6945,91,8,80,2026-09-20T16:26:04.335714+00:00
google_play_census,Zomato,food_delivery,com.application.zomato,in,2026-08-09,835,3.6323,131,8,80,2026-09-20T16:26:04.335714+00:00
google_play_census,Zomato,food_delivery,com.application.zomato,in,2026-08-10,697,3.8651,68,3,80,2026-09-20T16:26:04.335714+00:00
google_play_census,Zomato,food_delivery,com.application.zomato,in,2026-08-11,816,3.9865,72,3,80,2026-09-20T16:26:04.335714+00:00
google_play_census,Zomato,food_delivery,com.application.zomato,in,2026-08-12,723,3.9779,113,4,80,2026-09-20T16:26:04.335714+00:00
google_play_census,Zomato,food_delivery,com.application.zomato,in,2026-08-13,765,4.017,75,3,80,2026-09-20T16:26:04.335714+00:00
google_play_census,Zomato,food_delivery,com.application.zomato,in,2026-08-14,714,3.8768,52,4,80,2026-09-20T16:26:04.335714+00:00
google_play_census,Zomato,food_delivery,com.application.zomato,in,2026-08-15,1073,4.0158,69,1,80,2026-09-20T16:26:04.335714+00:00
google_play_census,Zomato,food_delivery,com.application.zomato,in,2026-08-16,1002,3.9341,73,5,80,2026-09-20T16:26:04.335714+00:00
google_play_census,Zomato,food_delivery,com.application.zomato,in,2026-08-17,684,3.9693,47,2,80,2026-09-20T16:26:04.335714+00:00
google_play_census,Zomato,food_delivery,com.application.zomato,in,2026-08-18,700,3.9357,43,2,80,2026-09-20T16:26:04.335714+00:00
google_play_census,Zomato,food_delivery,com.application.zomato,in,2026-08-19,655,3.9313,63,2,80,2026-09-20T16:26:04.335714+00:00
google_play_census,Zomato,food_delivery,com.application.zomato,in,2026-08-20,641,3.9064,1044,5,80,2026-09-20T16:26:04.335714+00:00
google_play_census,Zomato,food_delivery,com.application.zomato,in,2026-08-21,682,3.9428,204,6,80,2026-09-20T16:26:04.335714+00:00
google_play_census,Zomato,food_delivery,com.application.zomato,in,2026-08-22,701,3.8987,132,5,80,2026-09-20T16:26:04.335714+00:00
google_play_census,Zomato,food_delivery,com.application.zomato,in,2026-08-23,866,3.858,138,2,80,2026-09-20T16:26:04.335714+00:00
google_play_census,Zomato,food_delivery,com.application.zomato,in,2026-08-24,599,3.9816,520,3,80,2026-09-20T16:26:04.335714+00:00
google_play_census,Zomato,food_delivery,com.application.zomato,in,2026-08-25,632,3.9589,38,4,80,2026-09-20T16:26:04.335714+00:00
google_play_census,Zomato,food_delivery,com.application.zomato,in,2026-08-26,664,3.9669,66,2,80,2026-09-20T16:26:04.335714+00:00
google_play_census,Zomato,food_delivery,com.application.zomato,in,2026-08-27,588,3.9422,48,7,80,2026-09-20T16:26:04.335714+00:00
google_play_census,Zomato,food_delivery,com.application.zomato,in,2026-08-28,890,3.8865,95,3,80,2026-09-20T16:26:04.335714+00:00
google_play_census,Zomato,food_delivery,com.application.zomato,in,2026-08-29,785,3.8841,264,3,80,2026-09-20T16:26:04.335714+00:00
google_play_census,Zomato,food_delivery,com.application.zomato,in,2026-08-30,883,3.9875,122,2,80,2026-09-20T16:26:04.335714+00:00
google_play_census,Zomato,food_delivery,com.application.zomato,in,2026-08-31,579,3.8912,23,4,80,2026-09-20T16:26:04.335714+00:00
google_play_census,Zomato,food_delivery,com.application.zomato,in,2026-09-01,608,3.949,53,1,80,2026-09-20T16:26:04.335714+00:00
google_play_census,Zomato,food_delivery,com.application.zomato,in,2026-09-02,691,3.987,55,3,80,2026-09-20T16:26:04.335714+00:00
google_play_census,Zomato,food_delivery,com.application.zomato,in,2026-09-03,746,3.8499,41,4,80,2026-09-20T16:26:04.335714+00:00
google_play_census,Zomato,food_delivery,com.application.zomato,in,2026-09-04,754,3.9854,40,2,80,2026-09-20T16:26:04.335714+00:00
google_play_census,Zomato,food_delivery,com.application.zomato,in,2026-09-05,764,3.7984,47,2,80,2026-09-20T16:26:04.335714+00:00
google_play_census,Zomato,food_delivery,com.application.zomato,in,2026-09-06,889,3.8954,70,4,80,2026-09-20T16:26:04.335714+00:00
google_play_census,Zomato,food_delivery,com.application.zomato,in,2026-09-07,527,3.6888,17,6,80,2026-09-20T16:26:04.335714+00:00
google_play_census,Zomato,food_delivery,com.application.zomato,in,2026-09-08,647,3.9165,30,3,80,2026-09-20T16:26:04.335714+00:00
google_play_census,Zomato,food_delivery,com.application.zomato,in,2026-09-09,635,3.7906,89,2,80,2026-09-20T16:26:04.335714+00:00
google_play_census,Zomato,food_delivery,com.application.zomato,in,2026-09-10,625,3.8848,22,3,80,2026-09-20T16:26:04.335714+00:00
google_play_census,Zomato,food_delivery,com.application.zomato,in,2026-09-11,702,3.8547,65,2,80,2026-09-20T16:26:04.335714+00:00
google_play_census,Zomato,food_delivery,com.application.zomato,in,2026-09-12,726,3.7645,148,3,80,2026-09-20T16:26:04.335714+00:00
google_play_census,Zomato,food_delivery,com.application.zomato,in,2026-09-13,837,3.9546,57,2,80,2026-09-20T16:26:04.335714+00:00
google_play_census,Zomato,food_delivery,com.application.zomato,in,2026-09-14,697,3.8494,33,5,80,2026-09-20T16:26:04.335714+00:00
google_play_census,Zomato,food_delivery,com.application.zomato,in,2026-09-15,575,3.9374,37,4,80,2026-09-20T16:26:04.335714+00:00
google_play_census,Zomato,food_delivery,com.application.zomato,in,2026-09-16,542,3.9428,32,2,80,2026-09-20T16:26:04.335714+00:00
google_play_census,Zomato,food_delivery,com.application.zomato,in,2026-09-17,602,3.9485,76,5,80,2026-09-20T16:26:04.335714+00:00
google_play_census,Zomato,food_delivery,com.application.zomato,in,2026-09-18,589,3.9423,558,5,80,2026-09-20T16:26:04.335714+00:00
google_play_census,Zomato,food_delivery,com.application.zomato,in,2026-09-19,552,3.9928,25,1,80,2026-09-20T16:26:04.335714+00:00
google_play_census,Swiggy,food_delivery,in.swiggy.android,in,2026-08-06,379,3.6042,60,378,80,2026-09-20T16:27:30.994462+00:00
google_play_census,Swiggy,food_delivery,in.swiggy.android,in,2026-08-07,332,3.4036,35,331,80,2026-09-20T16:27:30.994462+00:00
google_play_census,Swiggy,food_delivery,in.swiggy.android,in,2026-08-08,424,3.4292,39,424,80,2026-09-20T16:27:30.994462+00:00
google_play_census,Swiggy,food_delivery,in.swiggy.android,in,2026-08-09,491,3.1752,284,491,80,2026-09-20T16:27:30.994462+00:00
google_play_census,Swiggy,food_delivery,in.swiggy.android,in,2026-08-10,390,3.4,21,389,80,2026-09-20T16:27:30.994462+00:00
google_play_census,Swiggy,food_delivery,in.swiggy.android,in,2026-08-11,373,3.4745,46,373,80,2026-09-20T16:27:30.994462+00:00
google_play_census,Swiggy,food_delivery,in.swiggy.android,in,2026-08-12,445,3.4449,76,444,80,2026-09-20T16:27:30.994462+00:00
google_play_census,Swiggy,food_delivery,in.swiggy.android,in,2026-08-13,402,3.495,27,401,80,2026-09-20T16:27:30.994462+00:00
google_play_census,Swiggy,food_delivery,in.swiggy.android,in,2026-08-14,428,3.528,187,428,80,2026-09-20T16:27:30.994462+00:00
google_play_census,Swiggy,food_delivery,in.swiggy.android,in,2026-08-15,648,3.7994,81,648,80,2026-09-20T16:27:30.994462+00:00
google_play_census,Swiggy,food_delivery,in.swiggy.android,in,2026-08-16,560,3.4196,103,560,80,2026-09-20T16:27:30.994462+00:00
google_play_census,Swiggy,food_delivery,in.swiggy.android,in,2026-08-17,353,3.6232,24,353,80,2026-09-20T16:27:30.994462+00:00
google_play_census,Swiggy,food_delivery,in.swiggy.android,in,2026-08-18,349,3.2722,31,348,80,2026-09-20T16:27:30.994462+00:00
google_play_census,Swiggy,food_delivery,in.swiggy.android,in,2026-08-19,385,3.5766,48,385,80,2026-09-20T16:27:30.994462+00:00
google_play_census,Swiggy,food_delivery,in.swiggy.android,in,2026-08-20,364,3.6429,30,364,80,2026-09-20T16:27:30.994462+00:00
google_play_census,Swiggy,food_delivery,in.swiggy.android,in,2026-08-21,389,3.4833,2750,388,80,2026-09-20T16:27:30.994462+00:00
google_play_census,Swiggy,food_delivery,in.swiggy.android,in,2026-08-22,448,3.6317,16,447,80,2026-09-20T16:27:30.994462+00:00
google_play_census,Swiggy,food_delivery,in.swiggy.android,in,2026-08-23,577,3.6672,63,577,80,2026-09-20T16:27:30.994462+00:00
google_play_census,Swiggy,food_delivery,in.swiggy.android,in,2026-08-24,346,3.685,11,346,80,2026-09-20T16:27:30.994462+00:00
google_play_census,Swiggy,food_delivery,in.swiggy.android,in,2026-08-25,319,3.6019,31,319,80,2026-09-20T16:27:30.994462+00:00
google_play_census,Swiggy,food_delivery,in.swiggy.android,in,2026-08-26,394,3.5609,46,393,80,2026-09-20T16:27:30.994462+00:00
google_play_census,Swiggy,food_delivery,in.swiggy.android,in,2026-08-27,415,3.4024,73,415,80,2026-09-20T16:27:30.994462+00:00
google_play_census,Swiggy,food_delivery,in.swiggy.android,in,2026-08-28,557,3.4632,55,556,80,2026-09-20T16:27:30.994462+00:00
google_play_census,Swiggy,food_delivery,in.swiggy.android,in,2026-08-29,462,3.5368,195,460,80,2026-09-20T16:27:30.994462+00:00
google_play_census,Swiggy,food_delivery,in.swiggy.android,in,2026-08-30,561,3.5704,57,561,80,2026-09-20T16:27:30.994462+00:00
google_play_census,Swiggy,food_delivery,in.swiggy.android,in,2026-08-31,377,3.5358,30,377,80,2026-09-20T16:27:30.994462+00:00
google_play_census,Swiggy,food_delivery,in.swiggy.android,in,2026-09-01,418,3.488,19,417,80,2026-09-20T16:27:30.994462+00:00
google_play_census,Swiggy,food_delivery,in.swiggy.android,in,2026-09-02,450,3.4933,91,448,80,2026-09-20T16:27:30.994462+00:00
google_play_census,Swiggy,food_delivery,in.swiggy.android,in,2026-09-03,417,3.5348,11,416,80,2026-09-20T16:27:30.994462+00:00
google_play_census,Swiggy,food_delivery,in.swiggy.android,in,2026-09-04,492,3.6341,39,490,80,2026-09-20T16:27:30.994462+00:00
google_play_census,Swiggy,food_delivery,in.swiggy.android,in,2026-09-05,532,3.5883,29,532,80,2026-09-20T16:27:30.994462+00:00
google_play_census,Swiggy,food_delivery,in.swiggy.android,in,2026-09-06,524,3.5992,23,523,80,2026-09-20T16:27:30.994462+00:00
google_play_census,Swiggy,food_delivery,in.swiggy.android,in,2026-09-07,326,3.3957,7,325,80,2026-09-20T16:27:30.994462+00:00
google_play_census,Swiggy,food_delivery,in.swiggy.android,in,2026-09-08,418,3.567,9,418,80,2026-09-20T16:27:30.994462+00:00
google_play_census,Swiggy,food_delivery,in.swiggy.android,in,2026-09-09,423,3.6217,20,422,80,2026-09-20T16:27:30.994462+00:00
google_play_census,Swiggy,food_delivery,in.swiggy.android,in,2026-09-10,387,3.6641,7,385,80,2026-09-20T16:27:30.994462+00:00
google_play_census,Swiggy,food_delivery,in.swiggy.android,in,2026-09-11,493,3.7404,55,489,80,2026-09-20T16:27:30.994462+00:00
google_play_census,Swiggy,food_delivery,in.swiggy.android,in,2026-09-12,489,3.6196,7,489,80,2026-09-20T16:27:30.994462+00:00
google_play_census,Swiggy,food_delivery,in.swiggy.android,in,2026-09-13,611,3.6318,16,611,80,2026-09-20T16:27:30.994462+00:00
google_play_census,Swiggy,food_delivery,in.swiggy.android,in,2026-09-14,502,3.6474,28,499,80,2026-09-20T16:27:30.994462+00:00
google_play_census,Swiggy,food_delivery,in.swiggy.android,in,2026-09-15,425,3.5953,14,423,80,2026-09-20T16:27:30.994462+00:00
google_play_census,Swiggy,food_delivery,in.swiggy.android,in,2026-09-16,408,3.5392,14,407,80,2026-09-20T16:27:30.994462+00:00
google_play_census,Swiggy,food_delivery,in.swiggy.android,in,2026-09-17,388,3.5335,34,388,80,2026-09-20T16:27:30.994462+00:00
google_play_census,Swiggy,food_delivery,in.swiggy.android,in,2026-09-18,418,3.567,5,415,80,2026-09-20T16:27:30.994462+00:00
google_play_census,Swiggy,food_delivery,in.swiggy.android,in,2026-09-19,394,3.6701,2,393,80,2026-09-20T16:27:30.994462+00:00
google_play_census,Domino's,food_delivery,com.Dominos,in,2026-08-06,211,3.8294,10,210,80,2026-09-20T16:28:22.421747+00:00
google_play_census,Domino's,food_delivery,com.Dominos,in,2026-08-07,195,3.5949,32,195,80,2026-09-20T16:28:22.421747+00:00
google_play_census,Domino's,food_delivery,com.Dominos,in,2026-08-08,282,3.8652,14,278,80,2026-09-20T16:28:22.421747+00:00
google_play_census,Domino's,food_delivery,com.Dominos,in,2026-08-09,284,3.5986,20,283,80,2026-09-20T16:28:22.421747+00:00
google_play_census,Domino's,food_delivery,com.Dominos,in,2026-08-10,222,4.036,5,219,80,2026-09-20T16:28:22.421747+00:00
google_play_census,Domino's,food_delivery,com.Dominos,in,2026-08-11,278,3.9532,19,271,80,2026-09-20T16:28:22.421747+00:00
google_play_census,Domino's,food_delivery,com.Dominos,in,2026-08-12,266,3.8346,27,266,80,2026-09-20T16:28:22.421747+00:00
google_play_census,Domino's,food_delivery,com.Dominos,in,2026-08-13,297,4.0707,24,292,80,2026-09-20T16:28:22.421747+00:00
google_play_census,Domino's,food_delivery,com.Dominos,in,2026-08-14,413,3.9685,45,413,80,2026-09-20T16:28:22.421747+00:00
google_play_census,Domino's,food_delivery,com.Dominos,in,2026-08-15,884,3.8937,96,874,80,2026-09-20T16:28:22.421747+00:00
google_play_census,Domino's,food_delivery,com.Dominos,in,2026-08-16,433,3.9723,422,428,80,2026-09-20T16:28:22.421747+00:00
google_play_census,Domino's,food_delivery,com.Dominos,in,2026-08-17,187,4.1497,5,187,80,2026-09-20T16:28:22.421747+00:00
google_play_census,Domino's,food_delivery,com.Dominos,in,2026-08-18,208,4.1154,9,208,80,2026-09-20T16:28:22.421747+00:00
google_play_census,Domino's,food_delivery,com.Dominos,in,2026-08-19,179,4.1676,6,177,80,2026-09-20T16:28:22.421747+00:00
google_play_census,Domino's,food_delivery,com.Dominos,in,2026-08-20,228,3.9693,11,228,80,2026-09-20T16:28:22.421747+00:00
google_play_census,Domino's,food_delivery,com.Dominos,in,2026-08-21,197,4.198,7,197,80,2026-09-20T16:28:22.421747+00:00
google_play_census,Domino's,food_delivery,com.Dominos,in,2026-08-22,268,3.8918,13,267,80,2026-09-20T16:28:22.421747+00:00
google_play_census,Domino's,food_delivery,com.Dominos,in,2026-08-23,332,4.0542,48,329,80,2026-09-20T16:28:22.421747+00:00
google_play_census,Domino's,food_delivery,com.Dominos,in,2026-08-24,210,4.1286,14,210,80,2026-09-20T16:28:22.421747+00:00
google_play_census,Domino's,food_delivery,com.Dominos,in,2026-08-25,210,4.1238,6,208,80,2026-09-20T16:28:22.421747+00:00
google_play_census,Domino's,food_delivery,com.Dominos,in,2026-08-26,275,4.0873,3,275,80,2026-09-20T16:28:22.421747+00:00
google_play_census,Domino's,food_delivery,com.Dominos,in,2026-08-27,212,4.0519,10,211,80,2026-09-20T16:28:22.421747+00:00
google_play_census,Domino's,food_delivery,com.Dominos,in,2026-08-28,562,3.8399,21,550,80,2026-09-20T16:28:22.421747+00:00
google_play_census,Domino's,food_delivery,com.Dominos,in,2026-08-29,345,4.0261,13,345,80,2026-09-20T16:28:22.421747+00:00
google_play_census,Domino's,food_delivery,com.Dominos,in,2026-08-30,324,4.0185,6,320,80,2026-09-20T16:28:22.421747+00:00
google_play_census,Domino's,food_delivery,com.Dominos,in,2026-08-31,248,4.0323,14,244,80,2026-09-20T16:28:22.421747+00:00
google_play_census,Domino's,food_delivery,com.Dominos,in,2026-09-01,214,3.8832,25,212,80,2026-09-20T16:28:22.421747+00:00
google_play_census,Domino's,food_delivery,com.Dominos,in,2026-09-02,229,4.1703,11,225,80,2026-09-20T16:28:22.421747+00:00
google_play_census,Domino's,food_delivery,com.Dominos,in,2026-09-03,222,4.0676,12,214,80,2026-09-20T16:28:22.421747+00:00
google_play_census,Domino's,food_delivery,com.Dominos,in,2026-09-04,264,4.1629,12,261,80,2026-09-20T16:28:22.421747+00:00
google_play_census,Domino's,food_delivery,com.Dominos,in,2026-09-05,330,3.9212,26,327,80,2026-09-20T16:28:22.421747+00:00
google_play_census,Domino's,food_delivery,com.Dominos,in,2026-09-06,301,3.7874,6,300,80,2026-09-20T16:28:22.421747+00:00
google_play_census,Domino's,food_delivery,com.Dominos,in,2026-09-07,188,3.9521,7,185,80,2026-09-20T16:28:22.421747+00:00
google_play_census,Domino's,food_delivery,com.Dominos,in,2026-09-08,169,3.9112,11,166,80,2026-09-20T16:28:22.421747+00:00
google_play_census,Domino's,food_delivery,com.Dominos,in,2026-09-09,212,4.1981,1,212,80,2026-09-20T16:28:22.421747+00:00
google_play_census,Domino's,food_delivery,com.Dominos,in,2026-09-10,222,3.9369,5,221,80,2026-09-20T16:28:22.421747+00:00
google_play_census,Domino's,food_delivery,com.Dominos,in,2026-09-11,235,4.2468,5,232,80,2026-09-20T16:28:22.421747+00:00
google_play_census,Domino's,food_delivery,com.Dominos,in,2026-09-12,281,4.0676,6,280,80,2026-09-20T16:28:22.421747+00:00
google_play_census,Domino's,food_delivery,com.Dominos,in,2026-09-13,371,4.0108,4,364,80,2026-09-20T16:28:22.421747+00:00
google_play_census,Domino's,food_delivery,com.Dominos,in,2026-09-14,411,3.8127,12,402,80,2026-09-20T16:28:22.421747+00:00
google_play_census,Domino's,food_delivery,com.Dominos,in,2026-09-15,278,4.0971,65,268,80,2026-09-20T16:28:22.421747+00:00
google_play_census,Domino's,food_delivery,com.Dominos,in,2026-09-16,229,4.0,8,226,80,2026-09-20T16:28:22.421747+00:00
google_play_census,Domino's,food_delivery,com.Dominos,in,2026-09-17,232,4.0,3,230,80,2026-09-20T16:28:22.421747+00:00
google_play_census,Domino's,food_delivery,com.Dominos,in,2026-09-18,256,3.9727,25,252,80,2026-09-20T16:28:22.421747+00:00
google_play_census,Domino's,food_delivery,com.Dominos,in,2026-09-19,249,3.9598,10,244,80,2026-09-20T16:28:22.421747+00:00
google_play_census,foodpanda,food_delivery,com.global.foodpanda.android,sg,2026-08-06,42,2.3333,167,0,42,2026-09-20T16:28:49.474162+00:00
google_play_census,foodpanda,food_delivery,com.global.foodpanda.android,sg,2026-08-07,57,1.9298,54,0,57,2026-09-20T16:28:49.474162+00:00
google_play_census,foodpanda,food_delivery,com.global.foodpanda.android,sg,2026-08-08,48,2.25,74,0,48,2026-09-20T16:28:49.474162+00:00
google_play_census,foodpanda,food_delivery,com.global.foodpanda.android,sg,2026-08-09,57,2.0351,54,0,57,2026-09-20T16:28:49.474162+00:00
google_play_census,foodpanda,food_delivery,com.global.foodpanda.android,sg,2026-08-10,34,1.8824,27,0,34,2026-09-20T16:28:49.474162+00:00
google_play_census,foodpanda,food_delivery,com.global.foodpanda.android,sg,2026-08-11,40,2.325,31,0,40,2026-09-20T16:28:49.474162+00:00
google_play_census,foodpanda,food_delivery,com.global.foodpanda.android,sg,2026-08-12,47,2.4894,48,0,47,2026-09-20T16:28:49.474162+00:00
google_play_census,foodpanda,food_delivery,com.global.foodpanda.android,sg,2026-08-13,36,2.2778,16,0,36,2026-09-20T16:28:49.474162+00:00
google_play_census,foodpanda,food_delivery,com.global.foodpanda.android,sg,2026-08-14,53,2.4528,57,0,53,2026-09-20T16:28:49.474162+00:00
google_play_census,foodpanda,food_delivery,com.global.foodpanda.android,sg,2026-08-15,47,2.4043,39,0,47,2026-09-20T16:28:49.474162+00:00
google_play_census,foodpanda,food_delivery,com.global.foodpanda.android,sg,2026-08-16,45,2.3778,131,0,45,2026-09-20T16:28:49.474162+00:00
google_play_census,foodpanda,food_delivery,com.global.foodpanda.android,sg,2026-08-17,33,2.2727,21,0,33,2026-09-20T16:28:49.474162+00:00
google_play_census,foodpanda,food_delivery,com.global.foodpanda.android,sg,2026-08-18,40,2.4,38,0,40,2026-09-20T16:28:49.474162+00:00
google_play_census,foodpanda,food_delivery,com.global.foodpanda.android,sg,2026-08-19,41,2.6585,22,0,41,2026-09-20T16:28:49.474162+00:00
google_play_census,foodpanda,food_delivery,com.global.foodpanda.android,sg,2026-08-20,32,2.625,27,0,32,2026-09-20T16:28:49.474162+00:00
google_play_census,foodpanda,food_delivery,com.global.foodpanda.android,sg,2026-08-21,31,2.0323,19,0,31,2026-09-20T16:28:49.474162+00:00
google_play_census,foodpanda,food_delivery,com.global.foodpanda.android,sg,2026-08-22,41,2.7317,67,0,41,2026-09-20T16:28:49.474162+00:00
google_play_census,foodpanda,food_delivery,com.global.foodpanda.android,sg,2026-08-23,39,2.5897,88,0,39,2026-09-20T16:28:49.474162+00:00
google_play_census,foodpanda,food_delivery,com.global.foodpanda.android,sg,2026-08-24,23,3.0435,17,0,23,2026-09-20T16:28:49.474162+00:00
google_play_census,foodpanda,food_delivery,com.global.foodpanda.android,sg,2026-08-25,35,2.2857,52,0,35,2026-09-20T16:28:49.474162+00:00
google_play_census,foodpanda,food_delivery,com.global.foodpanda.android,sg,2026-08-26,40,3.1,47,0,40,2026-09-20T16:28:49.474162+00:00
google_play_census,foodpanda,food_delivery,com.global.foodpanda.android,sg,2026-08-27,38,2.0526,332,0,38,2026-09-20T16:28:49.474162+00:00
google_play_census,foodpanda,food_delivery,com.global.foodpanda.android,sg,2026-08-28,31,2.0645,28,0,31,2026-09-20T16:28:49.474162+00:00
google_play_census,foodpanda,food_delivery,com.global.foodpanda.android,sg,2026-08-29,49,2.102,46,0,49,2026-09-20T16:28:49.474162+00:00
google_play_census,foodpanda,food_delivery,com.global.foodpanda.android,sg,2026-08-30,39,1.9487,199,0,39,2026-09-20T16:28:49.474162+00:00
google_play_census,foodpanda,food_delivery,com.global.foodpanda.android,sg,2026-08-31,38,2.7368,30,0,38,2026-09-20T16:28:49.474162+00:00
google_play_census,foodpanda,food_delivery,com.global.foodpanda.android,sg,2026-09-01,47,2.4681,29,0,47,2026-09-20T16:28:49.474162+00:00
google_play_census,foodpanda,food_delivery,com.global.foodpanda.android,sg,2026-09-02,31,2.8387,16,0,31,2026-09-20T16:28:49.474162+00:00
google_play_census,foodpanda,food_delivery,com.global.foodpanda.android,sg,2026-09-03,36,2.2222,29,0,36,2026-09-20T16:28:49.474162+00:00
google_play_census,foodpanda,food_delivery,com.global.foodpanda.android,sg,2026-09-04,33,2.6061,181,0,33,2026-09-20T16:28:49.474162+00:00
google_play_census,foodpanda,food_delivery,com.global.foodpanda.android,sg,2026-09-05,31,2.0645,21,0,31,2026-09-20T16:28:49.474162+00:00
google_play_census,foodpanda,food_delivery,com.global.foodpanda.android,sg,2026-09-06,34,2.9412,26,1,34,2026-09-20T16:28:49.474162+00:00
google_play_census,foodpanda,food_delivery,com.global.foodpanda.android,sg,2026-09-07,24,2.4583,179,0,24,2026-09-20T16:28:49.474162+00:00
google_play_census,foodpanda,food_delivery,com.global.foodpanda.android,sg,2026-09-08,30,2.8667,421,0,30,2026-09-20T16:28:49.474162+00:00
google_play_census,foodpanda,food_delivery,com.global.foodpanda.android,sg,2026-09-09,33,2.2424,147,0,33,2026-09-20T16:28:49.474162+00:00
google_play_census,foodpanda,food_delivery,com.global.foodpanda.android,sg,2026-09-10,34,3.3824,3,0,34,2026-09-20T16:28:49.474162+00:00
google_play_census,foodpanda,food_delivery,com.global.foodpanda.android,sg,2026-09-11,36,2.6667,54,0,36,2026-09-20T16:28:49.474162+00:00
google_play_census,foodpanda,food_delivery,com.global.foodpanda.android,sg,2026-09-12,28,3.1071,7,0,28,2026-09-20T16:28:49.474162+00:00
google_play_census,foodpanda,food_delivery,com.global.foodpanda.android,sg,2026-09-13,33,3.1515,11,0,33,2026-09-20T16:28:49.474162+00:00
google_play_census,foodpanda,food_delivery,com.global.foodpanda.android,sg,2026-09-14,29,2.3448,11,0,29,2026-09-20T16:28:49.474162+00:00
google_play_census,foodpanda,food_delivery,com.global.foodpanda.android,sg,2026-09-15,29,2.3793,24,0,29,2026-09-20T16:28:49.474162+00:00
google_play_census,foodpanda,food_delivery,com.global.foodpanda.android,sg,2026-09-16,37,2.7568,2,0,37,2026-09-20T16:28:49.474162+00:00
google_play_census,foodpanda,food_delivery,com.global.foodpanda.android,sg,2026-09-17,38,2.5526,5,0,38,2026-09-20T16:28:49.474162+00:00
google_play_census,foodpanda,food_delivery,com.global.foodpanda.android,sg,2026-09-18,36,2.5278,13,0,36,2026-09-20T16:28:49.474162+00:00
google_play_census,foodpanda,food_delivery,com.global.foodpanda.android,sg,2026-09-19,52,2.4231,2,0,52,2026-09-20T16:28:49.474162+00:00
google_play_census,Glovo,food_delivery,com.glovo,es,2026-08-06,20,3.75,4,0,20,2026-09-20T16:28:52.915363+00:00
google_play_census,Glovo,food_delivery,com.glovo,es,2026-08-07,17,3.8235,8,0,17,2026-09-20T16:28:52.915363+00:00
google_play_census,Glovo,food_delivery,com.glovo,es,2026-08-08,19,3.2632,5,0,19,2026-09-20T16:28:52.915363+00:00
google_play_census,Glovo,food_delivery,com.glovo,es,2026-08-09,13,4.3846,1,0,13,2026-09-20T16:28:52.915363+00:00
google_play_census,Glovo,food_delivery,com.glovo,es,2026-08-10,9,3.3333,0,0,9,2026-09-20T16:28:52.915363+00:00
google_play_census,Glovo,food_delivery,com.glovo,es,2026-08-11,24,3.625,4,0,24,2026-09-20T16:28:52.915363+00:00
google_play_census,Glovo,food_delivery,com.glovo,es,2026-08-12,16,2.75,4,0,16,2026-09-20T16:28:52.915363+00:00
google_play_census,Glovo,food_delivery,com.glovo,es,2026-08-13,22,3.5,3,0,22,2026-09-20T16:28:52.915363+00:00
google_play_census,Glovo,food_delivery,com.glovo,es,2026-08-14,17,2.8824,16,0,17,2026-09-20T16:28:52.915363+00:00
google_play_census,Glovo,food_delivery,com.glovo,es,2026-08-15,19,3.5263,14,0,19,2026-09-20T16:28:52.915363+00:00
google_play_census,Glovo,food_delivery,com.glovo,es,2026-08-16,15,2.2667,16,0,15,2026-09-20T16:28:52.915363+00:00
google_play_census,Glovo,food_delivery,com.glovo,es,2026-08-17,19,4.0526,8,0,19,2026-09-20T16:28:52.915363+00:00
google_play_census,Glovo,food_delivery,com.glovo,es,2026-08-18,15,3.3333,7,0,15,2026-09-20T16:28:52.915363+00:00
google_play_census,Glovo,food_delivery,com.glovo,es,2026-08-19,17,3.1765,14,0,17,2026-09-20T16:28:52.915363+00:00
google_play_census,Glovo,food_delivery,com.glovo,es,2026-08-20,17,3.2941,18,0,17,2026-09-20T16:28:52.915363+00:00
google_play_census,Glovo,food_delivery,com.glovo,es,2026-08-21,18,3.9444,11,0,18,2026-09-20T16:28:52.915363+00:00
google_play_census,Glovo,food_delivery,com.glovo,es,2026-08-22,18,3.3333,14,0,18,2026-09-20T16:28:52.915363+00:00
google_play_census,Glovo,food_delivery,com.glovo,es,2026-08-23,24,3.4167,7,0,24,2026-09-20T16:28:52.915363+00:00
google_play_census,Glovo,food_delivery,com.glovo,es,2026-08-24,17,4.0588,4,0,17,2026-09-20T16:28:52.915363+00:00
google_play_census,Glovo,food_delivery,com.glovo,es,2026-08-25,15,3.8,2,0,15,2026-09-20T16:28:52.915363+00:00
google_play_census,Glovo,food_delivery,com.glovo,es,2026-08-26,15,3.4,9,0,15,2026-09-20T16:28:52.915363+00:00
google_play_census,Glovo,food_delivery,com.glovo,es,2026-08-27,17,2.7647,13,0,17,2026-09-20T16:28:52.915363+00:00
google_play_census,Glovo,food_delivery,com.glovo,es,2026-08-28,20,2.7,4,1,20,2026-09-20T16:28:52.915363+00:00
google_play_census,Glovo,food_delivery,com.glovo,es,2026-08-29,18,3.5556,0,0,18,2026-09-20T16:28:52.915363+00:00
google_play_census,Glovo,food_delivery,com.glovo,es,2026-08-30,30,2.7667,16,0,30,2026-09-20T16:28:52.915363+00:00
google_play_census,Glovo,food_delivery,com.glovo,es,2026-08-31,14,2.8571,3,0,14,2026-09-20T16:28:52.915363+00:00
google_play_census,Glovo,food_delivery,com.glovo,es,2026-09-01,18,3.6111,56,1,18,2026-09-20T16:28:52.915363+00:00
google_play_census,Glovo,food_delivery,com.glovo,es,2026-09-02,20,4.0,8,0,20,2026-09-20T16:28:52.915363+00:00
google_play_census,Glovo,food_delivery,com.glovo,es,2026-09-03,18,3.8333,0,0,18,2026-09-20T16:28:52.915363+00:00
google_play_census,Glovo,food_delivery,com.glovo,es,2026-09-04,12,2.9167,1,0,12,2026-09-20T16:28:52.915363+00:00
google_play_census,Glovo,food_delivery,com.glovo,es,2026-09-05,19,2.9474,4,0,19,2026-09-20T16:28:52.915363+00:00
google_play_census,Glovo,food_delivery,com.glovo,es,2026-09-06,23,2.6957,60,0,23,2026-09-20T16:28:52.915363+00:00
google_play_census,Glovo,food_delivery,com.glovo,es,2026-09-07,20,2.95,0,0,20,2026-09-20T16:28:52.915363+00:00
google_play_census,Glovo,food_delivery,com.glovo,es,2026-09-08,20,2.9,2,0,20,2026-09-20T16:28:52.915363+00:00
google_play_census,Glovo,food_delivery,com.glovo,es,2026-09-09,23,3.5652,4,0,23,2026-09-20T16:28:52.915363+00:00
google_play_census,Glovo,food_delivery,com.glovo,es,2026-09-10,23,2.7826,8,0,23,2026-09-20T16:28:52.915363+00:00
google_play_census,Glovo,food_delivery,com.glovo,es,2026-09-11,19,3.3684,7,0,19,2026-09-20T16:28:52.915363+00:00
google_play_census,Glovo,food_delivery,com.glovo,es,2026-09-12,26,2.6923,0,0,26,2026-09-20T16:28:52.915363+00:00
google_play_census,Glovo,food_delivery,com.glovo,es,2026-09-13,29,3.1724,3,0,29,2026-09-20T16:28:52.915363+00:00
google_play_census,Glovo,food_delivery,com.glovo,es,2026-09-14,16,3.125,0,0,16,2026-09-20T16:28:52.915363+00:00
google_play_census,Glovo,food_delivery,com.glovo,es,2026-09-15,19,3.8421,1,0,19,2026-09-20T16:28:52.915363+00:00
google_play_census,Glovo,food_delivery,com.glovo,es,2026-09-16,19,2.4737,0,0,19,2026-09-20T16:28:52.915363+00:00
google_play_census,Glovo,food_delivery,com.glovo,es,2026-09-17,16,2.9375,4,0,16,2026-09-20T16:28:52.915363+00:00
google_play_census,Glovo,food_delivery,com.glovo,es,2026-09-18,19,3.6842,0,0,19,2026-09-20T16:28:52.915363+00:00
google_play_census,Glovo,food_delivery,com.glovo,es,2026-09-19,13,2.5385,0,0,13,2026-09-20T16:28:52.915363+00:00
google_play_census,talabat,food_delivery,com.talabat,ae,2026-08-06,24,3.8333,289,24,24,2026-09-20T16:28:55.229459+00:00
google_play_census,talabat,food_delivery,com.talabat,ae,2026-08-07,35,3.0286,23,35,35,2026-09-20T16:28:55.229459+00:00
google_play_census,talabat,food_delivery,com.talabat,ae,2026-08-08,27,3.1481,77,27,27,2026-09-20T16:28:55.229459+00:00
google_play_census,talabat,food_delivery,com.talabat,ae,2026-08-09,18,3.8889,16,18,18,2026-09-20T16:28:55.229459+00:00
google_play_census,talabat,food_delivery,com.talabat,ae,2026-08-10,16,2.625,7,16,16,2026-09-20T16:28:55.229459+00:00
google_play_census,talabat,food_delivery,com.talabat,ae,2026-08-11,16,2.3125,8,16,16,2026-09-20T16:28:55.229459+00:00
google_play_census,talabat,food_delivery,com.talabat,ae,2026-08-12,14,1.5,69,14,14,2026-09-20T16:28:55.229459+00:00
google_play_census,talabat,food_delivery,com.talabat,ae,2026-08-13,12,1.3333,9,12,12,2026-09-20T16:28:55.229459+00:00
google_play_census,talabat,food_delivery,com.talabat,ae,2026-08-14,10,3.0,6,10,10,2026-09-20T16:28:55.229459+00:00
google_play_census,talabat,food_delivery,com.talabat,ae,2026-08-15,14,1.6429,31,14,14,2026-09-20T16:28:55.229459+00:00
google_play_census,talabat,food_delivery,com.talabat,ae,2026-08-16,7,1.7143,3,7,7,2026-09-20T16:28:55.229459+00:00
google_play_census,talabat,food_delivery,com.talabat,ae,2026-08-17,9,2.7778,2,9,9,2026-09-20T16:28:55.229459+00:00
google_play_census,talabat,food_delivery,com.talabat,ae,2026-08-18,9,1.2222,2,9,9,2026-09-20T16:28:55.229459+00:00
google_play_census,talabat,food_delivery,com.talabat,ae,2026-08-19,11,1.0,54,11,11,2026-09-20T16:28:55.229459+00:00
google_play_census,talabat,food_delivery,com.talabat,ae,2026-08-20,11,1.2727,10,11,11,2026-09-20T16:28:55.229459+00:00
google_play_census,talabat,food_delivery,com.talabat,ae,2026-08-21,17,2.1765,19,17,17,2026-09-20T16:28:55.229459+00:00
google_play_census,talabat,food_delivery,com.talabat,ae,2026-08-22,14,1.9286,49,14,14,2026-09-20T16:28:55.229459+00:00
google_play_census,talabat,food_delivery,com.talabat,ae,2026-08-23,7,2.1429,10,7,7,2026-09-20T16:28:55.229459+00:00
google_play_census,talabat,food_delivery,com.talabat,ae,2026-08-24,11,1.5455,5,11,11,2026-09-20T16:28:55.229459+00:00
google_play_census,talabat,food_delivery,com.talabat,ae,2026-08-25,12,1.4167,13,12,12,2026-09-20T16:28:55.229459+00:00
google_play_census,talabat,food_delivery,com.talabat,ae,2026-08-26,15,1.6,12,15,15,2026-09-20T16:28:55.229459+00:00
google_play_census,talabat,food_delivery,com.talabat,ae,2026-08-27,14,1.7143,14,14,14,2026-09-20T16:28:55.229459+00:00
google_play_census,talabat,food_delivery,com.talabat,ae,2026-08-28,11,1.7273,6,11,11,2026-09-20T16:28:55.229459+00:00
google_play_census,talabat,food_delivery,com.talabat,ae,2026-08-29,10,2.2,2,10,10,2026-09-20T16:28:55.229459+00:00
google_play_census,talabat,food_delivery,com.talabat,ae,2026-08-30,12,1.0,22,12,12,2026-09-20T16:28:55.229459+00:00
google_play_census,talabat,food_delivery,com.talabat,ae,2026-08-31,8,1.5,19,8,8,2026-09-20T16:28:55.229459+00:00
google_play_census,talabat,food_delivery,com.talabat,ae,2026-09-01,8,1.375,11,8,8,2026-09-20T16:28:55.229459+00:00
google_play_census,talabat,food_delivery,com.talabat,ae,2026-09-02,12,2.0833,8,12,12,2026-09-20T16:28:55.229459+00:00
google_play_census,talabat,food_delivery,com.talabat,ae,2026-09-03,16,1.5,12,16,16,2026-09-20T16:28:55.229459+00:00
google_play_census,talabat,food_delivery,com.talabat,ae,2026-09-04,16,1.625,9,16,16,2026-09-20T16:28:55.229459+00:00
google_play_census,talabat,food_delivery,com.talabat,ae,2026-09-05,15,1.4,19,15,15,2026-09-20T16:28:55.229459+00:00
google_play_census,talabat,food_delivery,com.talabat,ae,2026-09-06,13,1.5385,1,13,13,2026-09-20T16:28:55.229459+00:00
google_play_census,talabat,food_delivery,com.talabat,ae,2026-09-07,13,1.3846,16,13,13,2026-09-20T16:28:55.229459+00:00
google_play_census,talabat,food_delivery,com.talabat,ae,2026-09-08,14,2.2857,10,14,14,2026-09-20T16:28:55.229459+00:00
google_play_census,talabat,food_delivery,com.talabat,ae,2026-09-09,9,1.8889,16,9,9,2026-09-20T16:28:55.229459+00:00
google_play_census,talabat,food_delivery,com.talabat,ae,2026-09-10,12,1.0,5,12,12,2026-09-20T16:28:55.229459+00:00
google_play_census,talabat,food_delivery,com.talabat,ae,2026-09-11,18,1.9444,3,18,18,2026-09-20T16:28:55.229459+00:00
google_play_census,talabat,food_delivery,com.talabat,ae,2026-09-12,10,1.8,8,10,10,2026-09-20T16:28:55.229459+00:00
google_play_census,talabat,food_delivery,com.talabat,ae,2026-09-13,11,2.2727,0,11,11,2026-09-20T16:28:55.229459+00:00
google_play_census,talabat,food_delivery,com.talabat,ae,2026-09-14,13,2.0769,0,13,13,2026-09-20T16:28:55.229459+00:00
google_play_census,talabat,food_delivery,com.talabat,ae,2026-09-15,16,2.1875,6,16,16,2026-09-20T16:28:55.229459+00:00
google_play_census,talabat,food_delivery,com.talabat,ae,2026-09-16,10,1.6,15,10,10,2026-09-20T16:28:55.229459+00:00
google_play_census,talabat,food_delivery,com.talabat,ae,2026-09-17,8,1.625,0,8,8,2026-09-20T16:28:55.229459+00:00
google_play_census,talabat,food_delivery,com.talabat,ae,2026-09-18,19,1.6316,30,19,19,2026-09-20T16:28:55.229459+00:00
google_play_census,talabat,food_delivery,com.talabat,ae,2026-09-19,13,1.3077,1,7,13,2026-09-20T16:28:55.229459+00:00
google_play_census,Blinkit,quick_commerce,com.grofers.customerapp,in,2026-08-06,1326,4.0935,70,1301,80,2026-09-20T16:28:56.875731+00:00
google_play_census,Blinkit,quick_commerce,com.grofers.customerapp,in,2026-08-07,1188,4.1338,96,1164,80,2026-09-20T16:28:56.875731+00:00
google_play_census,Blinkit,quick_commerce,com.grofers.customerapp,in,2026-08-08,1355,4.1336,163,1333,80,2026-09-20T16:28:56.875731+00:00
google_play_census,Blinkit,quick_commerce,com.grofers.customerapp,in,2026-08-09,1635,4.1303,163,1588,80,2026-09-20T16:28:56.875731+00:00
google_play_census,Blinkit,quick_commerce,com.grofers.customerapp,in,2026-08-10,1318,4.0698,151,1298,80,2026-09-20T16:28:56.875731+00:00
google_play_census,Blinkit,quick_commerce,com.grofers.customerapp,in,2026-08-11,1368,4.1045,190,1340,80,2026-09-20T16:28:56.875731+00:00
google_play_census,Blinkit,quick_commerce,com.grofers.customerapp,in,2026-08-12,1314,4.1035,213,1292,80,2026-09-20T16:28:56.875731+00:00
google_play_census,Blinkit,quick_commerce,com.grofers.customerapp,in,2026-08-13,1322,4.0363,138,1315,80,2026-09-20T16:28:56.875731+00:00
google_play_census,Blinkit,quick_commerce,com.grofers.customerapp,in,2026-08-14,1237,4.0711,56,1217,80,2026-09-20T16:28:56.875731+00:00
google_play_census,Blinkit,quick_commerce,com.grofers.customerapp,in,2026-08-15,1535,4.099,104,1528,80,2026-09-20T16:28:56.875731+00:00
google_play_census,Blinkit,quick_commerce,com.grofers.customerapp,in,2026-08-16,1590,4.0516,129,1583,80,2026-09-20T16:28:56.875731+00:00
google_play_census,Blinkit,quick_commerce,com.grofers.customerapp,in,2026-08-17,1340,4.0933,96,1334,80,2026-09-20T16:28:56.875731+00:00
google_play_census,Blinkit,quick_commerce,com.grofers.customerapp,in,2026-08-18,1301,4.0538,60,1292,80,2026-09-20T16:28:56.875731+00:00
google_play_census,Blinkit,quick_commerce,com.grofers.customerapp,in,2026-08-19,1344,4.0908,126,1312,80,2026-09-20T16:28:56.875731+00:00
google_play_census,Blinkit,quick_commerce,com.grofers.customerapp,in,2026-08-20,1273,4.0683,138,1255,80,2026-09-20T16:28:56.875731+00:00
google_play_census,Blinkit,quick_commerce,com.grofers.customerapp,in,2026-08-21,1283,4.0896,110,1267,80,2026-09-20T16:28:56.875731+00:00
google_play_census,Blinkit,quick_commerce,com.grofers.customerapp,in,2026-08-22,1375,4.0945,86,1351,80,2026-09-20T16:28:56.875731+00:00
google_play_census,Blinkit,quick_commerce,com.grofers.customerapp,in,2026-08-23,1667,4.0978,91,1641,80,2026-09-20T16:28:56.875731+00:00
google_play_census,Blinkit,quick_commerce,com.grofers.customerapp,in,2026-08-24,1323,4.0514,67,1309,80,2026-09-20T16:28:56.875731+00:00
google_play_census,Blinkit,quick_commerce,com.grofers.customerapp,in,2026-08-25,1284,4.1558,101,1249,80,2026-09-20T16:28:56.875731+00:00
google_play_census,Blinkit,quick_commerce,com.grofers.customerapp,in,2026-08-26,1599,4.0969,123,1550,80,2026-09-20T16:28:56.875731+00:00
google_play_census,Blinkit,quick_commerce,com.grofers.customerapp,in,2026-08-27,1851,4.0681,219,1802,80,2026-09-20T16:28:56.875731+00:00
google_play_census,Blinkit,quick_commerce,com.grofers.customerapp,in,2026-08-28,1874,3.9888,79,1830,80,2026-09-20T16:28:56.875731+00:00
google_play_census,Blinkit,quick_commerce,com.grofers.customerapp,in,2026-08-29,1286,4.021,78,1260,80,2026-09-20T16:28:56.875731+00:00
google_play_census,Blinkit,quick_commerce,com.grofers.customerapp,in,2026-08-30,1625,4.0622,113,1570,80,2026-09-20T16:28:56.875731+00:00
google_play_census,Blinkit,quick_commerce,com.grofers.customerapp,in,2026-08-31,1226,4.1525,95,1186,80,2026-09-20T16:28:56.875731+00:00
google_play_census,Blinkit,quick_commerce,com.grofers.customerapp,in,2026-09-01,1246,4.0201,148,1235,80,2026-09-20T16:28:56.875731+00:00
google_play_census,Blinkit,quick_commerce,com.grofers.customerapp,in,2026-09-02,1375,4.0676,113,1340,80,2026-09-20T16:28:56.875731+00:00
google_play_census,Blinkit,quick_commerce,com.grofers.customerapp,in,2026-09-03,1371,4.1065,119,1337,80,2026-09-20T16:28:56.875731+00:00
google_play_census,Blinkit,quick_commerce,com.grofers.customerapp,in,2026-09-04,1686,4.0718,92,1667,80,2026-09-20T16:28:56.875731+00:00
google_play_census,Blinkit,quick_commerce,com.grofers.customerapp,in,2026-09-05,1326,3.9992,171,1310,80,2026-09-20T16:28:56.875731+00:00
google_play_census,Blinkit,quick_commerce,com.grofers.customerapp,in,2026-09-06,1627,4.0615,226,1611,80,2026-09-20T16:28:56.875731+00:00
google_play_census,Blinkit,quick_commerce,com.grofers.customerapp,in,2026-09-07,1334,4.099,140,1317,80,2026-09-20T16:28:56.875731+00:00
google_play_census,Blinkit,quick_commerce,com.grofers.customerapp,in,2026-09-08,1384,4.1272,81,1367,80,2026-09-20T16:28:56.875731+00:00
google_play_census,Blinkit,quick_commerce,com.grofers.customerapp,in,2026-09-09,1419,4.0937,76,1402,80,2026-09-20T16:28:56.875731+00:00
google_play_census,Blinkit,quick_commerce,com.grofers.customerapp,in,2026-09-10,1414,4.0587,55,1407,80,2026-09-20T16:28:56.875731+00:00
google_play_census,Blinkit,quick_commerce,com.grofers.customerapp,in,2026-09-11,1451,4.0882,94,1432,80,2026-09-20T16:28:56.875731+00:00
google_play_census,Blinkit,quick_commerce,com.grofers.customerapp,in,2026-09-12,1516,4.1029,86,1498,80,2026-09-20T16:28:56.875731+00:00
google_play_census,Blinkit,quick_commerce,com.grofers.customerapp,in,2026-09-13,1833,4.0824,106,1804,80,2026-09-20T16:28:56.875731+00:00
google_play_census,Blinkit,quick_commerce,com.grofers.customerapp,in,2026-09-14,1551,4.0832,82,1522,80,2026-09-20T16:28:56.875731+00:00
google_play_census,Blinkit,quick_commerce,com.grofers.customerapp,in,2026-09-15,1293,4.0008,90,1268,80,2026-09-20T16:28:56.875731+00:00
google_play_census,Blinkit,quick_commerce,com.grofers.customerapp,in,2026-09-16,1221,4.1376,58,1209,80,2026-09-20T16:28:56.875731+00:00
google_play_census,Blinkit,quick_commerce,com.grofers.customerapp,in,2026-09-17,1331,4.0428,39,1316,80,2026-09-20T16:28:56.875731+00:00
google_play_census,Blinkit,quick_commerce,com.grofers.customerapp,in,2026-09-18,1259,4.0921,55,1094,80,2026-09-20T16:28:56.875731+00:00
google_play_census,Blinkit,quick_commerce,com.grofers.customerapp,in,2026-09-19,1136,4.1259,53,956,80,2026-09-20T16:28:56.875731+00:00
google_play_census,Zepto,quick_commerce,com.zeptoconsumerapp,in,2026-08-06,220,3.4773,22,79,80,2026-09-20T16:33:00.679563+00:00
google_play_census,Zepto,quick_commerce,com.zeptoconsumerapp,in,2026-08-07,262,3.3397,45,98,80,2026-09-20T16:33:00.679563+00:00
google_play_census,Zepto,quick_commerce,com.zeptoconsumerapp,in,2026-08-08,227,3.3392,56,92,80,2026-09-20T16:33:00.679563+00:00
google_play_census,Zepto,quick_commerce,com.zeptoconsumerapp,in,2026-08-09,275,3.2727,57,119,80,2026-09-20T16:33:00.679563+00:00
google_play_census,Zepto,quick_commerce,com.zeptoconsumerapp,in,2026-08-10,245,3.4694,38,90,80,2026-09-20T16:33:00.679563+00:00
google_play_census,Zepto,quick_commerce,com.zeptoconsumerapp,in,2026-08-11,236,3.5254,11,81,80,2026-09-20T16:33:00.679563+00:00
google_play_census,Zepto,quick_commerce,com.zeptoconsumerapp,in,2026-08-12,223,2.9462,36,104,80,2026-09-20T16:33:00.679563+00:00
google_play_census,Zepto,quick_commerce,com.zeptoconsumerapp,in,2026-08-13,226,2.9823,13,112,80,2026-09-20T16:33:00.679563+00:00
google_play_census,Zepto,quick_commerce,com.zeptoconsumerapp,in,2026-08-14,229,3.262,37,95,80,2026-09-20T16:33:00.679563+00:00
google_play_census,Zepto,quick_commerce,com.zeptoconsumerapp,in,2026-08-15,244,3.3156,20,89,80,2026-09-20T16:33:00.679563+00:00
google_play_census,Zepto,quick_commerce,com.zeptoconsumerapp,in,2026-08-16,250,3.26,36,106,80,2026-09-20T16:33:00.679563+00:00
google_play_census,Zepto,quick_commerce,com.zeptoconsumerapp,in,2026-08-17,259,3.4247,67,102,80,2026-09-20T16:33:00.679563+00:00
google_play_census,Zepto,quick_commerce,com.zeptoconsumerapp,in,2026-08-18,233,3.515,68,85,80,2026-09-20T16:33:00.679563+00:00
google_play_census,Zepto,quick_commerce,com.zeptoconsumerapp,in,2026-08-19,239,3.2678,68,103,80,2026-09-20T16:33:00.679563+00:00
google_play_census,Zepto,quick_commerce,com.zeptoconsumerapp,in,2026-08-20,224,3.2054,61,100,80,2026-09-20T16:33:00.679563+00:00
google_play_census,Zepto,quick_commerce,com.zeptoconsumerapp,in,2026-08-21,233,3.1545,134,107,80,2026-09-20T16:33:00.679563+00:00
google_play_census,Zepto,quick_commerce,com.zeptoconsumerapp,in,2026-08-22,214,3.0981,69,101,80,2026-09-20T16:33:00.679563+00:00
google_play_census,Zepto,quick_commerce,com.zeptoconsumerapp,in,2026-08-23,251,3.3825,60,103,80,2026-09-20T16:33:00.679563+00:00
google_play_census,Zepto,quick_commerce,com.zeptoconsumerapp,in,2026-08-24,232,3.4871,36,88,80,2026-09-20T16:33:00.679563+00:00
google_play_census,Zepto,quick_commerce,com.zeptoconsumerapp,in,2026-08-25,216,3.3148,49,91,80,2026-09-20T16:33:00.679563+00:00
google_play_census,Zepto,quick_commerce,com.zeptoconsumerapp,in,2026-08-26,239,3.3096,59,100,80,2026-09-20T16:33:00.679563+00:00
google_play_census,Zepto,quick_commerce,com.zeptoconsumerapp,in,2026-08-27,270,3.3222,45,111,80,2026-09-20T16:33:00.679563+00:00
google_play_census,Zepto,quick_commerce,com.zeptoconsumerapp,in,2026-08-28,283,3.4276,50,107,80,2026-09-20T16:33:00.679563+00:00
google_play_census,Zepto,quick_commerce,com.zeptoconsumerapp,in,2026-08-29,233,3.0,40,116,80,2026-09-20T16:33:00.679563+00:00
google_play_census,Zepto,quick_commerce,com.zeptoconsumerapp,in,2026-08-30,251,3.259,77,111,80,2026-09-20T16:33:00.679563+00:00
google_play_census,Zepto,quick_commerce,com.zeptoconsumerapp,in,2026-08-31,212,3.5519,49,80,80,2026-09-20T16:33:00.679563+00:00
google_play_census,Zepto,quick_commerce,com.zeptoconsumerapp,in,2026-09-01,220,3.4727,124,84,80,2026-09-20T16:33:00.679563+00:00
google_play_census,Zepto,quick_commerce,com.zeptoconsumerapp,in,2026-09-02,227,3.4581,40,89,80,2026-09-20T16:33:00.679563+00:00
google_play_census,Zepto,quick_commerce,com.zeptoconsumerapp,in,2026-09-03,228,3.1228,22,108,80,2026-09-20T16:33:00.679563+00:00
google_play_census,Zepto,quick_commerce,com.zeptoconsumerapp,in,2026-09-04,234,3.2222,29,99,80,2026-09-20T16:33:00.679563+00:00
google_play_census,Zepto,quick_commerce,com.zeptoconsumerapp,in,2026-09-05,215,3.3488,28,88,80,2026-09-20T16:33:00.679563+00:00
google_play_census,Zepto,quick_commerce,com.zeptoconsumerapp,in,2026-09-06,258,3.3915,21,101,80,2026-09-20T16:33:00.679563+00:00
google_play_census,Zepto,quick_commerce,com.zeptoconsumerapp,in,2026-09-07,216,3.2824,102,92,80,2026-09-20T16:33:00.679563+00:00
google_play_census,Zepto,quick_commerce,com.zeptoconsumerapp,in,2026-09-08,211,3.1517,4,97,80,2026-09-20T16:33:00.679563+00:00
google_play_census,Zepto,quick_commerce,com.zeptoconsumerapp,in,2026-09-09,228,3.2018,25,105,80,2026-09-20T16:33:00.679563+00:00
google_play_census,Zepto,quick_commerce,com.zeptoconsumerapp,in,2026-09-10,189,3.455,11,76,80,2026-09-20T16:33:00.679563+00:00
google_play_census,Zepto,quick_commerce,com.zeptoconsumerapp,in,2026-09-11,218,3.1376,14,101,80,2026-09-20T16:33:00.679563+00:00
google_play_census,Zepto,quick_commerce,com.zeptoconsumerapp,in,2026-09-12,220,3.2409,7,97,80,2026-09-20T16:33:00.679563+00:00
google_play_census,Zepto,quick_commerce,com.zeptoconsumerapp,in,2026-09-13,291,3.0481,10,141,80,2026-09-20T16:33:00.679563+00:00
google_play_census,Zepto,quick_commerce,com.zeptoconsumerapp,in,2026-09-14,250,3.232,23,112,80,2026-09-20T16:33:00.679563+00:00
google_play_census,Zepto,quick_commerce,com.zeptoconsumerapp,in,2026-09-15,167,3.2395,17,76,80,2026-09-20T16:33:00.679563+00:00
google_play_census,Zepto,quick_commerce,com.zeptoconsumerapp,in,2026-09-16,203,2.8916,6,101,80,2026-09-20T16:33:00.679563+00:00
google_play_census,Zepto,quick_commerce,com.zeptoconsumerapp,in,2026-09-17,195,3.0667,1314,96,80,2026-09-20T16:33:00.679563+00:00
google_play_census,Zepto,quick_commerce,com.zeptoconsumerapp,in,2026-09-18,190,3.5526,1,67,80,2026-09-20T16:33:00.679563+00:00
google_play_census,Zepto,quick_commerce,com.zeptoconsumerapp,in,2026-09-19,220,3.3864,2,93,80,2026-09-20T16:33:00.679563+00:00
google_play_census,Instamart,quick_commerce,in.swiggy.android.instamart,in,2026-08-06,209,4.0478,42,208,80,2026-09-20T16:33:24.504815+00:00
google_play_census,Instamart,quick_commerce,in.swiggy.android.instamart,in,2026-08-07,191,4.1309,16,189,80,2026-09-20T16:33:24.504815+00:00
google_play_census,Instamart,quick_commerce,in.swiggy.android.instamart,in,2026-08-08,220,3.9955,39,220,80,2026-09-20T16:33:24.504815+00:00
google_play_census,Instamart,quick_commerce,in.swiggy.android.instamart,in,2026-08-09,240,3.8167,35,239,80,2026-09-20T16:33:24.504815+00:00
google_play_census,Instamart,quick_commerce,in.swiggy.android.instamart,in,2026-08-10,167,4.1317,5,167,80,2026-09-20T16:33:24.504815+00:00
google_play_census,Instamart,quick_commerce,in.swiggy.android.instamart,in,2026-08-11,221,4.0588,46,220,80,2026-09-20T16:33:24.504815+00:00
google_play_census,Instamart,quick_commerce,in.swiggy.android.instamart,in,2026-08-12,236,4.1949,32,235,80,2026-09-20T16:33:24.504815+00:00
google_play_census,Instamart,quick_commerce,in.swiggy.android.instamart,in,2026-08-13,220,3.8864,40,220,80,2026-09-20T16:33:24.504815+00:00
google_play_census,Instamart,quick_commerce,in.swiggy.android.instamart,in,2026-08-14,184,3.9674,30,184,80,2026-09-20T16:33:24.504815+00:00
google_play_census,Instamart,quick_commerce,in.swiggy.android.instamart,in,2026-08-15,231,3.9004,70,231,80,2026-09-20T16:33:24.504815+00:00
google_play_census,Instamart,quick_commerce,in.swiggy.android.instamart,in,2026-08-16,247,3.9879,60,247,80,2026-09-20T16:33:24.504815+00:00
google_play_census,Instamart,quick_commerce,in.swiggy.android.instamart,in,2026-08-17,171,3.9708,26,171,80,2026-09-20T16:33:24.504815+00:00
google_play_census,Instamart,quick_commerce,in.swiggy.android.instamart,in,2026-08-18,217,4.0599,55,217,80,2026-09-20T16:33:24.504815+00:00
google_play_census,Instamart,quick_commerce,in.swiggy.android.instamart,in,2026-08-19,231,3.9913,36,231,80,2026-09-20T16:33:24.504815+00:00
google_play_census,Instamart,quick_commerce,in.swiggy.android.instamart,in,2026-08-20,215,4.014,22,215,80,2026-09-20T16:33:24.504815+00:00
google_play_census,Instamart,quick_commerce,in.swiggy.android.instamart,in,2026-08-21,209,4.1292,17,209,80,2026-09-20T16:33:24.504815+00:00
google_play_census,Instamart,quick_commerce,in.swiggy.android.instamart,in,2026-08-22,235,4.1234,31,235,80,2026-09-20T16:33:24.504815+00:00
google_play_census,Instamart,quick_commerce,in.swiggy.android.instamart,in,2026-08-23,292,4.1199,50,292,80,2026-09-20T16:33:24.504815+00:00
google_play_census,Instamart,quick_commerce,in.swiggy.android.instamart,in,2026-08-24,205,4.1707,24,205,80,2026-09-20T16:33:24.504815+00:00
google_play_census,Instamart,quick_commerce,in.swiggy.android.instamart,in,2026-08-25,245,4.1918,42,244,80,2026-09-20T16:33:24.504815+00:00
google_play_census,Instamart,quick_commerce,in.swiggy.android.instamart,in,2026-08-26,274,4.1861,25,274,80,2026-09-20T16:33:24.504815+00:00
google_play_census,Instamart,quick_commerce,in.swiggy.android.instamart,in,2026-08-27,239,3.9958,43,238,80,2026-09-20T16:33:24.504815+00:00
google_play_census,Instamart,quick_commerce,in.swiggy.android.instamart,in,2026-08-28,229,4.0917,41,229,80,2026-09-20T16:33:24.504815+00:00
google_play_census,Instamart,quick_commerce,in.swiggy.android.instamart,in,2026-08-29,240,4.0917,43,240,80,2026-09-20T16:33:24.504815+00:00
google_play_census,Instamart,quick_commerce,in.swiggy.android.instamart,in,2026-08-30,256,3.9961,37,256,80,2026-09-20T16:33:24.504815+00:00
google_play_census,Instamart,quick_commerce,in.swiggy.android.instamart,in,2026-08-31,241,3.9502,29,241,80,2026-09-20T16:33:24.504815+00:00
google_play_census,Instamart,quick_commerce,in.swiggy.android.instamart,in,2026-09-01,231,4.0866,55,229,80,2026-09-20T16:33:24.504815+00:00
google_play_census,Instamart,quick_commerce,in.swiggy.android.instamart,in,2026-09-02,281,4.1637,29,279,80,2026-09-20T16:33:24.504815+00:00
google_play_census,Instamart,quick_commerce,in.swiggy.android.instamart,in,2026-09-03,232,4.0603,25,231,80,2026-09-20T16:33:24.504815+00:00
google_play_census,Instamart,quick_commerce,in.swiggy.android.instamart,in,2026-09-04,312,4.0192,34,311,80,2026-09-20T16:33:24.504815+00:00
google_play_census,Instamart,quick_commerce,in.swiggy.android.instamart,in,2026-09-05,280,4.1286,33,279,80,2026-09-20T16:33:24.504815+00:00
google_play_census,Instamart,quick_commerce,in.swiggy.android.instamart,in,2026-09-06,314,3.9713,20,314,80,2026-09-20T16:33:24.504815+00:00
google_play_census,Instamart,quick_commerce,in.swiggy.android.instamart,in,2026-09-07,230,4.0087,11,230,80,2026-09-20T16:33:24.504815+00:00
google_play_census,Instamart,quick_commerce,in.swiggy.android.instamart,in,2026-09-08,223,4.0135,9,222,80,2026-09-20T16:33:24.504815+00:00
google_play_census,Instamart,quick_commerce,in.swiggy.android.instamart,in,2026-09-09,237,4.0633,6,237,80,2026-09-20T16:33:24.504815+00:00
google_play_census,Instamart,quick_commerce,in.swiggy.android.instamart,in,2026-09-10,222,4.0586,8,221,80,2026-09-20T16:33:24.504815+00:00
google_play_census,Instamart,quick_commerce,in.swiggy.android.instamart,in,2026-09-11,223,4.157,17,223,80,2026-09-20T16:33:24.504815+00:00
google_play_census,Instamart,quick_commerce,in.swiggy.android.instamart,in,2026-09-12,220,4.0,11,219,80,2026-09-20T16:33:24.504815+00:00
google_play_census,Instamart,quick_commerce,in.swiggy.android.instamart,in,2026-09-13,286,3.8881,6,286,80,2026-09-20T16:33:24.504815+00:00
google_play_census,Instamart,quick_commerce,in.swiggy.android.instamart,in,2026-09-14,263,3.9962,27,263,80,2026-09-20T16:33:24.504815+00:00
google_play_census,Instamart,quick_commerce,in.swiggy.android.instamart,in,2026-09-15,218,4.1101,18,217,80,2026-09-20T16:33:24.504815+00:00
google_play_census,Instamart,quick_commerce,in.swiggy.android.instamart,in,2026-09-16,205,4.0195,5,205,80,2026-09-20T16:33:24.504815+00:00
google_play_census,Instamart,quick_commerce,in.swiggy.android.instamart,in,2026-09-17,179,4.1173,6,178,80,2026-09-20T16:33:24.504815+00:00
google_play_census,Instamart,quick_commerce,in.swiggy.android.instamart,in,2026-09-18,207,4.256,9,207,80,2026-09-20T16:33:24.504815+00:00
google_play_census,Instamart,quick_commerce,in.swiggy.android.instamart,in,2026-09-19,204,4.0294,0,203,80,2026-09-20T16:33:24.504815+00:00
google_play_census,Instacart,quick_commerce,com.instacart.client,us,2026-08-06,27,3.5556,9,0,27,2026-09-20T16:33:47.518490+00:00
google_play_census,Instacart,quick_commerce,com.instacart.client,us,2026-08-07,25,3.64,13,0,25,2026-09-20T16:33:47.518490+00:00
google_play_census,Instacart,quick_commerce,com.instacart.client,us,2026-08-08,22,3.6364,25,0,22,2026-09-20T16:33:47.518490+00:00
google_play_census,Instacart,quick_commerce,com.instacart.client,us,2026-08-09,24,3.2917,265,0,24,2026-09-20T16:33:47.518490+00:00
google_play_census,Instacart,quick_commerce,com.instacart.client,us,2026-08-10,17,3.0,9,0,17,2026-09-20T16:33:47.518490+00:00
google_play_census,Instacart,quick_commerce,com.instacart.client,us,2026-08-11,22,3.6818,12,0,22,2026-09-20T16:33:47.518490+00:00
google_play_census,Instacart,quick_commerce,com.instacart.client,us,2026-08-12,13,3.6154,3,0,13,2026-09-20T16:33:47.518490+00:00
google_play_census,Instacart,quick_commerce,com.instacart.client,us,2026-08-13,18,3.3333,11,0,18,2026-09-20T16:33:47.518490+00:00
google_play_census,Instacart,quick_commerce,com.instacart.client,us,2026-08-14,24,3.75,38,0,24,2026-09-20T16:33:47.518490+00:00
google_play_census,Instacart,quick_commerce,com.instacart.client,us,2026-08-15,27,3.963,36,0,27,2026-09-20T16:33:47.518490+00:00
google_play_census,Instacart,quick_commerce,com.instacart.client,us,2026-08-16,19,2.7368,4,0,19,2026-09-20T16:33:47.518490+00:00
google_play_census,Instacart,quick_commerce,com.instacart.client,us,2026-08-17,21,2.7619,24,0,21,2026-09-20T16:33:47.518490+00:00
google_play_census,Instacart,quick_commerce,com.instacart.client,us,2026-08-18,17,3.2941,21,0,17,2026-09-20T16:33:47.518490+00:00
google_play_census,Instacart,quick_commerce,com.instacart.client,us,2026-08-19,16,2.875,2,0,16,2026-09-20T16:33:47.518490+00:00
google_play_census,Instacart,quick_commerce,com.instacart.client,us,2026-08-20,19,3.5789,9,0,19,2026-09-20T16:33:47.518490+00:00
google_play_census,Instacart,quick_commerce,com.instacart.client,us,2026-08-21,16,3.375,13,0,16,2026-09-20T16:33:47.518490+00:00
google_play_census,Instacart,quick_commerce,com.instacart.client,us,2026-08-22,19,3.5789,15,0,19,2026-09-20T16:33:47.518490+00:00
google_play_census,Instacart,quick_commerce,com.instacart.client,us,2026-08-23,21,3.5714,10,0,21,2026-09-20T16:33:47.518490+00:00
google_play_census,Instacart,quick_commerce,com.instacart.client,us,2026-08-24,17,3.8824,16,0,17,2026-09-20T16:33:47.518490+00:00
google_play_census,Instacart,quick_commerce,com.instacart.client,us,2026-08-25,19,3.1579,10,0,19,2026-09-20T16:33:47.518490+00:00
google_play_census,Instacart,quick_commerce,com.instacart.client,us,2026-08-26,17,3.2353,0,0,17,2026-09-20T16:33:47.518490+00:00
google_play_census,Instacart,quick_commerce,com.instacart.client,us,2026-08-27,10,3.1,7,0,10,2026-09-20T16:33:47.518490+00:00
google_play_census,Instacart,quick_commerce,com.instacart.client,us,2026-08-28,20,3.7,4,0,20,2026-09-20T16:33:47.518490+00:00
google_play_census,Instacart,quick_commerce,com.instacart.client,us,2026-08-29,25,3.72,10,0,25,2026-09-20T16:33:47.518490+00:00
google_play_census,Instacart,quick_commerce,com.instacart.client,us,2026-08-30,23,3.7826,14,0,23,2026-09-20T16:33:47.518490+00:00
google_play_census,Instacart,quick_commerce,com.instacart.client,us,2026-08-31,11,3.0,33,0,11,2026-09-20T16:33:47.518490+00:00
google_play_census,Instacart,quick_commerce,com.instacart.client,us,2026-09-01,24,3.6667,21,0,24,2026-09-20T16:33:47.518490+00:00
google_play_census,Instacart,quick_commerce,com.instacart.client,us,2026-09-02,21,3.7619,6,0,21,2026-09-20T16:33:47.518490+00:00
google_play_census,Instacart,quick_commerce,com.instacart.client,us,2026-09-03,24,3.5833,18,0,24,2026-09-20T16:33:47.518490+00:00
google_play_census,Instacart,quick_commerce,com.instacart.client,us,2026-09-04,26,3.3846,10,0,26,2026-09-20T16:33:47.518490+00:00
google_play_census,Instacart,quick_commerce,com.instacart.client,us,2026-09-05,22,3.9545,2,0,22,2026-09-20T16:33:47.518490+00:00
google_play_census,Instacart,quick_commerce,com.instacart.client,us,2026-09-06,30,3.4667,11,0,30,2026-09-20T16:33:47.518490+00:00
google_play_census,Instacart,quick_commerce,com.instacart.client,us,2026-09-07,26,3.1538,9,0,26,2026-09-20T16:33:47.518490+00:00
google_play_census,Instacart,quick_commerce,com.instacart.client,us,2026-09-08,17,2.8235,26,0,17,2026-09-20T16:33:47.518490+00:00
google_play_census,Instacart,quick_commerce,com.instacart.client,us,2026-09-09,27,3.7037,10,0,27,2026-09-20T16:33:47.518490+00:00
google_play_census,Instacart,quick_commerce,com.instacart.client,us,2026-09-10,25,3.32,12,0,25,2026-09-20T16:33:47.518490+00:00
google_play_census,Instacart,quick_commerce,com.instacart.client,us,2026-09-11,22,3.4545,2,0,22,2026-09-20T16:33:47.518490+00:00
google_play_census,Instacart,quick_commerce,com.instacart.client,us,2026-09-12,17,3.0,1,0,17,2026-09-20T16:33:47.518490+00:00
google_play_census,Instacart,quick_commerce,com.instacart.client,us,2026-09-13,26,3.3077,5,0,26,2026-09-20T16:33:47.518490+00:00
google_play_census,Instacart,quick_commerce,com.instacart.client,us,2026-09-14,30,3.0,5,0,30,2026-09-20T16:33:47.518490+00:00
google_play_census,Instacart,quick_commerce,com.instacart.client,us,2026-09-15,27,3.1481,11,0,27,2026-09-20T16:33:47.518490+00:00
google_play_census,Instacart,quick_commerce,com.instacart.client,us,2026-09-16,21,3.6667,1,0,21,2026-09-20T16:33:47.518490+00:00
google_play_census,Instacart,quick_commerce,com.instacart.client,us,2026-09-17,18,2.6667,2,1,18,2026-09-20T16:33:47.518490+00:00
google_play_census,Instacart,quick_commerce,com.instacart.client,us,2026-09-18,24,2.9583,10,0,24,2026-09-20T16:33:47.518490+00:00
google_play_census,Instacart,quick_commerce,com.instacart.client,us,2026-09-19,25,3.08,2,0,25,2026-09-20T16:33:47.518490+00:00
google_play_census,bigbasket,quick_commerce,com.bigbasket.mobileapp,in,2026-08-06,368,4.394,33,367,80,2026-09-20T16:33:49.753266+00:00
google_play_census,bigbasket,quick_commerce,com.bigbasket.mobileapp,in,2026-08-07,376,4.2739,39,374,80,2026-09-20T16:33:49.753266+00:00
google_play_census,bigbasket,quick_commerce,com.bigbasket.mobileapp,in,2026-08-08,316,4.2563,216,315,80,2026-09-20T16:33:49.753266+00:00
google_play_census,bigbasket,quick_commerce,com.bigbasket.mobileapp,in,2026-08-09,276,4.0978,52,275,80,2026-09-20T16:33:49.753266+00:00
google_play_census,bigbasket,quick_commerce,com.bigbasket.mobileapp,in,2026-08-10,200,4.045,28,199,80,2026-09-20T16:33:49.753266+00:00
google_play_census,bigbasket,quick_commerce,com.bigbasket.mobileapp,in,2026-08-11,185,3.973,39,183,80,2026-09-20T16:33:49.753266+00:00
google_play_census,bigbasket,quick_commerce,com.bigbasket.mobileapp,in,2026-08-12,281,4.0463,46,281,80,2026-09-20T16:33:49.753266+00:00
google_play_census,bigbasket,quick_commerce,com.bigbasket.mobileapp,in,2026-08-13,227,4.1806,89,191,80,2026-09-20T16:33:49.753266+00:00
google_play_census,bigbasket,quick_commerce,com.bigbasket.mobileapp,in,2026-08-14,215,4.0,28,215,80,2026-09-20T16:33:49.753266+00:00
google_play_census,bigbasket,quick_commerce,com.bigbasket.mobileapp,in,2026-08-15,190,4.0684,24,189,80,2026-09-20T16:33:49.753266+00:00
google_play_census,bigbasket,quick_commerce,com.bigbasket.mobileapp,in,2026-08-16,241,3.9793,29,240,80,2026-09-20T16:33:49.753266+00:00
google_play_census,bigbasket,quick_commerce,com.bigbasket.mobileapp,in,2026-08-17,184,4.0489,21,184,80,2026-09-20T16:33:49.753266+00:00
google_play_census,bigbasket,quick_commerce,com.bigbasket.mobileapp,in,2026-08-18,183,3.8962,23,183,80,2026-09-20T16:33:49.753266+00:00
google_play_census,bigbasket,quick_commerce,com.bigbasket.mobileapp,in,2026-08-19,186,4.2957,20,150,80,2026-09-20T16:33:49.753266+00:00
google_play_census,bigbasket,quick_commerce,com.bigbasket.mobileapp,in,2026-08-20,193,3.8964,18,190,80,2026-09-20T16:33:49.753266+00:00
google_play_census,bigbasket,quick_commerce,com.bigbasket.mobileapp,in,2026-08-21,175,3.9829,46,173,80,2026-09-20T16:33:49.753266+00:00
google_play_census,bigbasket,quick_commerce,com.bigbasket.mobileapp,in,2026-08-22,181,4.0,27,180,80,2026-09-20T16:33:49.753266+00:00
google_play_census,bigbasket,quick_commerce,com.bigbasket.mobileapp,in,2026-08-23,210,3.9857,30,208,80,2026-09-20T16:33:49.753266+00:00
google_play_census,bigbasket,quick_commerce,com.bigbasket.mobileapp,in,2026-08-24,160,3.95,15,157,80,2026-09-20T16:33:49.753266+00:00
google_play_census,bigbasket,quick_commerce,com.bigbasket.mobileapp,in,2026-08-25,179,3.9832,15,177,80,2026-09-20T16:33:49.753266+00:00
google_play_census,bigbasket,quick_commerce,com.bigbasket.mobileapp,in,2026-08-26,167,3.9461,19,165,80,2026-09-20T16:33:49.753266+00:00
google_play_census,bigbasket,quick_commerce,com.bigbasket.mobileapp,in,2026-08-27,164,4.0,17,164,80,2026-09-20T16:33:49.753266+00:00
google_play_census,bigbasket,quick_commerce,com.bigbasket.mobileapp,in,2026-08-28,148,4.0811,20,148,80,2026-09-20T16:33:49.753266+00:00
google_play_census,bigbasket,quick_commerce,com.bigbasket.mobileapp,in,2026-08-29,167,3.9341,24,167,80,2026-09-20T16:33:49.753266+00:00
google_play_census,bigbasket,quick_commerce,com.bigbasket.mobileapp,in,2026-08-30,380,4.2526,20,377,80,2026-09-20T16:33:49.753266+00:00
google_play_census,bigbasket,quick_commerce,com.bigbasket.mobileapp,in,2026-08-31,269,4.223,28,269,80,2026-09-20T16:33:49.753266+00:00
google_play_census,bigbasket,quick_commerce,com.bigbasket.mobileapp,in,2026-09-01,553,3.5877,53,323,80,2026-09-20T16:33:49.753266+00:00
google_play_census,bigbasket,quick_commerce,com.bigbasket.mobileapp,in,2026-09-02,455,4.0462,62,447,80,2026-09-20T16:33:49.753266+00:00
google_play_census,bigbasket,quick_commerce,com.bigbasket.mobileapp,in,2026-09-03,393,4.1552,47,248,80,2026-09-20T16:33:49.753266+00:00
google_play_census,bigbasket,quick_commerce,com.bigbasket.mobileapp,in,2026-09-04,352,4.0341,24,348,80,2026-09-20T16:33:49.753266+00:00
google_play_census,bigbasket,quick_commerce,com.bigbasket.mobileapp,in,2026-09-05,444,4.2275,67,441,80,2026-09-20T16:33:49.753266+00:00
google_play_census,bigbasket,quick_commerce,com.bigbasket.mobileapp,in,2026-09-06,444,4.0856,72,440,80,2026-09-20T16:33:49.753266+00:00
google_play_census,bigbasket,quick_commerce,com.bigbasket.mobileapp,in,2026-09-07,328,4.2683,26,322,80,2026-09-20T16:33:49.753266+00:00
google_play_census,bigbasket,quick_commerce,com.bigbasket.mobileapp,in,2026-09-08,279,4.1183,18,276,80,2026-09-20T16:33:49.753266+00:00
google_play_census,bigbasket,quick_commerce,com.bigbasket.mobileapp,in,2026-09-09,386,4.228,30,381,80,2026-09-20T16:33:49.753266+00:00
google_play_census,bigbasket,quick_commerce,com.bigbasket.mobileapp,in,2026-09-10,318,4.2799,22,313,80,2026-09-20T16:33:49.753266+00:00
google_play_census,bigbasket,quick_commerce,com.bigbasket.mobileapp,in,2026-09-11,357,4.2997,13,353,80,2026-09-20T16:33:49.753266+00:00
google_play_census,bigbasket,quick_commerce,com.bigbasket.mobileapp,in,2026-09-12,388,4.2165,13,387,80,2026-09-20T16:33:49.753266+00:00
google_play_census,bigbasket,quick_commerce,com.bigbasket.mobileapp,in,2026-09-13,378,4.1508,60,374,80,2026-09-20T16:33:49.753266+00:00
google_play_census,bigbasket,quick_commerce,com.bigbasket.mobileapp,in,2026-09-14,259,3.9768,147,257,80,2026-09-20T16:33:49.753266+00:00
google_play_census,bigbasket,quick_commerce,com.bigbasket.mobileapp,in,2026-09-15,199,4.1658,27,195,80,2026-09-20T16:33:49.753266+00:00
google_play_census,bigbasket,quick_commerce,com.bigbasket.mobileapp,in,2026-09-16,202,3.9158,10,199,80,2026-09-20T16:33:49.753266+00:00
google_play_census,bigbasket,quick_commerce,com.bigbasket.mobileapp,in,2026-09-17,172,3.9942,18,169,80,2026-09-20T16:33:49.753266+00:00
google_play_census,bigbasket,quick_commerce,com.bigbasket.mobileapp,in,2026-09-18,133,3.9774,11,132,80,2026-09-20T16:33:49.753266+00:00
google_play_census,bigbasket,quick_commerce,com.bigbasket.mobileapp,in,2026-09-19,116,3.9828,9,114,80,2026-09-20T16:33:49.753266+00:00
google_play_census,FedEx,parcel_courier,com.fedex.ida.android,us,2026-08-06,19,2.3158,16,0,19,2026-09-20T16:34:14.999155+00:00
google_play_census,FedEx,parcel_courier,com.fedex.ida.android,us,2026-08-07,14,1.7143,11,0,14,2026-09-20T16:34:14.999155+00:00
google_play_census,FedEx,parcel_courier,com.fedex.ida.android,us,2026-08-08,13,2.2308,13,0,13,2026-09-20T16:34:14.999155+00:00
google_play_census,FedEx,parcel_courier,com.fedex.ida.android,us,2026-08-09,8,1.5,11,0,8,2026-09-20T16:34:14.999155+00:00
google_play_census,FedEx,parcel_courier,com.fedex.ida.android,us,2026-08-10,14,1.9286,76,0,14,2026-09-20T16:34:14.999155+00:00
google_play_census,FedEx,parcel_courier,com.fedex.ida.android,us,2026-08-11,17,1.4118,40,0,17,2026-09-20T16:34:14.999155+00:00
google_play_census,FedEx,parcel_courier,com.fedex.ida.android,us,2026-08-12,19,2.2105,34,0,19,2026-09-20T16:34:14.999155+00:00
google_play_census,FedEx,parcel_courier,com.fedex.ida.android,us,2026-08-13,36,1.5278,51,0,36,2026-09-20T16:34:14.999155+00:00
google_play_census,FedEx,parcel_courier,com.fedex.ida.android,us,2026-08-14,57,1.2632,59,0,57,2026-09-20T16:34:14.999155+00:00
google_play_census,FedEx,parcel_courier,com.fedex.ida.android,us,2026-08-15,34,1.4706,101,1,34,2026-09-20T16:34:14.999155+00:00
google_play_census,FedEx,parcel_courier,com.fedex.ida.android,us,2026-08-16,9,1.3333,27,0,9,2026-09-20T16:34:14.999155+00:00
google_play_census,FedEx,parcel_courier,com.fedex.ida.android,us,2026-08-17,8,1.375,6,0,8,2026-09-20T16:34:14.999155+00:00
google_play_census,FedEx,parcel_courier,com.fedex.ida.android,us,2026-08-18,16,2.4375,16,0,16,2026-09-20T16:34:14.999155+00:00
google_play_census,FedEx,parcel_courier,com.fedex.ida.android,us,2026-08-19,11,1.5455,113,0,11,2026-09-20T16:34:14.999155+00:00
google_play_census,FedEx,parcel_courier,com.fedex.ida.android,us,2026-08-20,21,1.619,6,1,21,2026-09-20T16:34:14.999155+00:00
google_play_census,FedEx,parcel_courier,com.fedex.ida.android,us,2026-08-21,15,1.7333,7,0,15,2026-09-20T16:34:14.999155+00:00
google_play_census,FedEx,parcel_courier,com.fedex.ida.android,us,2026-08-22,10,2.6,2,0,10,2026-09-20T16:34:14.999155+00:00
google_play_census,FedEx,parcel_courier,com.fedex.ida.android,us,2026-08-23,6,2.6667,10,0,6,2026-09-20T16:34:14.999155+00:00
google_play_census,FedEx,parcel_courier,com.fedex.ida.android,us,2026-08-24,7,2.1429,5,0,7,2026-09-20T16:34:14.999155+00:00
google_play_census,FedEx,parcel_courier,com.fedex.ida.android,us,2026-08-25,16,1.75,10,0,16,2026-09-20T16:34:14.999155+00:00
google_play_census,FedEx,parcel_courier,com.fedex.ida.android,us,2026-08-26,14,2.2143,17,0,14,2026-09-20T16:34:14.999155+00:00
google_play_census,FedEx,parcel_courier,com.fedex.ida.android,us,2026-08-27,17,1.8235,22,1,17,2026-09-20T16:34:14.999155+00:00
google_play_census,FedEx,parcel_courier,com.fedex.ida.android,us,2026-08-28,16,1.4375,71,0,16,2026-09-20T16:34:14.999155+00:00
google_play_census,FedEx,parcel_courier,com.fedex.ida.android,us,2026-08-29,8,1.0,0,0,8,2026-09-20T16:34:14.999155+00:00
google_play_census,FedEx,parcel_courier,com.fedex.ida.android,us,2026-08-30,13,1.3846,22,1,13,2026-09-20T16:34:14.999155+00:00
google_play_census,FedEx,parcel_courier,com.fedex.ida.android,us,2026-08-31,12,1.8333,61,0,12,2026-09-20T16:34:14.999155+00:00
google_play_census,FedEx,parcel_courier,com.fedex.ida.android,us,2026-09-01,15,1.2,9,0,15,2026-09-20T16:34:14.999155+00:00
google_play_census,FedEx,parcel_courier,com.fedex.ida.android,us,2026-09-02,21,2.0476,8,0,21,2026-09-20T16:34:14.999155+00:00
google_play_census,FedEx,parcel_courier,com.fedex.ida.android,us,2026-09-03,25,1.6,14,0,25,2026-09-20T16:34:14.999155+00:00
google_play_census,FedEx,parcel_courier,com.fedex.ida.android,us,2026-09-04,13,2.2308,4,0,13,2026-09-20T16:34:14.999155+00:00
google_play_census,FedEx,parcel_courier,com.fedex.ida.android,us,2026-09-05,7,1.5714,2,0,7,2026-09-20T16:34:14.999155+00:00
google_play_census,FedEx,parcel_courier,com.fedex.ida.android,us,2026-09-06,9,2.5556,4,0,9,2026-09-20T16:34:14.999155+00:00
google_play_census,FedEx,parcel_courier,com.fedex.ida.android,us,2026-09-07,5,1.6,5,0,5,2026-09-20T16:34:14.999155+00:00
google_play_census,FedEx,parcel_courier,com.fedex.ida.android,us,2026-09-08,10,1.4,17,0,10,2026-09-20T16:34:14.999155+00:00
google_play_census,FedEx,parcel_courier,com.fedex.ida.android,us,2026-09-09,27,1.5185,5,0,27,2026-09-20T16:34:14.999155+00:00
google_play_census,FedEx,parcel_courier,com.fedex.ida.android,us,2026-09-10,18,1.5556,8,0,18,2026-09-20T16:34:14.999155+00:00
google_play_census,FedEx,parcel_courier,com.fedex.ida.android,us,2026-09-11,23,1.913,33,0,23,2026-09-20T16:34:14.999155+00:00
google_play_census,FedEx,parcel_courier,com.fedex.ida.android,us,2026-09-12,26,2.0,12,0,26,2026-09-20T16:34:14.999155+00:00
google_play_census,FedEx,parcel_courier,com.fedex.ida.android,us,2026-09-13,14,2.1429,9,0,14,2026-09-20T16:34:14.999155+00:00
google_play_census,FedEx,parcel_courier,com.fedex.ida.android,us,2026-09-14,6,2.6667,4,0,6,2026-09-20T16:34:14.999155+00:00
google_play_census,FedEx,parcel_courier,com.fedex.ida.android,us,2026-09-15,18,2.2778,12,0,18,2026-09-20T16:34:14.999155+00:00
google_play_census,FedEx,parcel_courier,com.fedex.ida.android,us,2026-09-16,13,2.0769,14,0,13,2026-09-20T16:34:14.999155+00:00
google_play_census,FedEx,parcel_courier,com.fedex.ida.android,us,2026-09-17,18,2.2778,24,0,18,2026-09-20T16:34:14.999155+00:00
google_play_census,FedEx,parcel_courier,com.fedex.ida.android,us,2026-09-18,13,2.1538,9,0,13,2026-09-20T16:34:14.999155+00:00
google_play_census,FedEx,parcel_courier,com.fedex.ida.android,us,2026-09-19,7,1.5714,0,0,7,2026-09-20T16:34:14.999155+00:00
google_play_census,UPS,parcel_courier,com.ups.mobile.android,us,2026-08-06,32,2.6562,1,0,32,2026-09-20T16:34:16.518936+00:00
google_play_census,UPS,parcel_courier,com.ups.mobile.android,us,2026-08-07,28,2.1071,1,0,28,2026-09-20T16:34:16.518936+00:00
google_play_census,UPS,parcel_courier,com.ups.mobile.android,us,2026-08-08,20,1.9,0,0,20,2026-09-20T16:34:16.518936+00:00
google_play_census,UPS,parcel_courier,com.ups.mobile.android,us,2026-08-09,12,2.3333,6,0,12,2026-09-20T16:34:16.518936+00:00
google_play_census,UPS,parcel_courier,com.ups.mobile.android,us,2026-08-10,15,2.8,4,0,15,2026-09-20T16:34:16.518936+00:00
google_play_census,UPS,parcel_courier,com.ups.mobile.android,us,2026-08-11,35,2.7714,4,0,35,2026-09-20T16:34:16.518936+00:00
google_play_census,UPS,parcel_courier,com.ups.mobile.android,us,2026-08-12,44,2.3409,11,0,44,2026-09-20T16:34:16.518936+00:00
google_play_census,UPS,parcel_courier,com.ups.mobile.android,us,2026-08-13,32,2.625,3,0,32,2026-09-20T16:34:16.518936+00:00
google_play_census,UPS,parcel_courier,com.ups.mobile.android,us,2026-08-14,44,2.7955,6,0,44,2026-09-20T16:34:16.518936+00:00
google_play_census,UPS,parcel_courier,com.ups.mobile.android,us,2026-08-15,19,3.1053,0,0,19,2026-09-20T16:34:16.518936+00:00
google_play_census,UPS,parcel_courier,com.ups.mobile.android,us,2026-08-16,16,2.125,0,0,16,2026-09-20T16:34:16.518936+00:00
google_play_census,UPS,parcel_courier,com.ups.mobile.android,us,2026-08-17,16,2.25,0,0,16,2026-09-20T16:34:16.518936+00:00
google_play_census,UPS,parcel_courier,com.ups.mobile.android,us,2026-08-18,27,2.8148,2,0,27,2026-09-20T16:34:16.518936+00:00
google_play_census,UPS,parcel_courier,com.ups.mobile.android,us,2026-08-19,25,2.04,2,0,25,2026-09-20T16:34:16.518936+00:00
google_play_census,UPS,parcel_courier,com.ups.mobile.android,us,2026-08-20,37,2.7838,0,0,37,2026-09-20T16:34:16.518936+00:00
google_play_census,UPS,parcel_courier,com.ups.mobile.android,us,2026-08-21,28,3.2857,0,0,28,2026-09-20T16:34:16.518936+00:00
google_play_census,UPS,parcel_courier,com.ups.mobile.android,us,2026-08-22,28,3.4286,7,0,28,2026-09-20T16:34:16.518936+00:00
google_play_census,UPS,parcel_courier,com.ups.mobile.android,us,2026-08-23,10,2.9,0,0,10,2026-09-20T16:34:16.518936+00:00
google_play_census,UPS,parcel_courier,com.ups.mobile.android,us,2026-08-24,9,3.0,0,0,9,2026-09-20T16:34:16.518936+00:00
google_play_census,UPS,parcel_courier,com.ups.mobile.android,us,2026-08-25,33,2.7576,1,0,33,2026-09-20T16:34:16.518936+00:00
google_play_census,UPS,parcel_courier,com.ups.mobile.android,us,2026-08-26,30,3.2333,0,0,30,2026-09-20T16:34:16.518936+00:00
google_play_census,UPS,parcel_courier,com.ups.mobile.android,us,2026-08-27,32,2.9688,48,0,32,2026-09-20T16:34:16.518936+00:00
google_play_census,UPS,parcel_courier,com.ups.mobile.android,us,2026-08-28,16,3.125,0,0,16,2026-09-20T16:34:16.518936+00:00
google_play_census,UPS,parcel_courier,com.ups.mobile.android,us,2026-08-29,25,2.2,2,0,25,2026-09-20T16:34:16.518936+00:00
google_play_census,UPS,parcel_courier,com.ups.mobile.android,us,2026-08-30,7,2.8571,2,0,7,2026-09-20T16:34:16.518936+00:00
google_play_census,UPS,parcel_courier,com.ups.mobile.android,us,2026-08-31,20,2.9,1,1,20,2026-09-20T16:34:16.518936+00:00
google_play_census,UPS,parcel_courier,com.ups.mobile.android,us,2026-09-01,26,3.0769,3,0,26,2026-09-20T16:34:16.518936+00:00
google_play_census,UPS,parcel_courier,com.ups.mobile.android,us,2026-09-02,32,2.75,2,0,32,2026-09-20T16:34:16.518936+00:00
google_play_census,UPS,parcel_courier,com.ups.mobile.android,us,2026-09-03,36,3.0556,2,0,36,2026-09-20T16:34:16.518936+00:00
google_play_census,UPS,parcel_courier,com.ups.mobile.android,us,2026-09-04,24,2.2917,0,0,24,2026-09-20T16:34:16.518936+00:00
google_play_census,UPS,parcel_courier,com.ups.mobile.android,us,2026-09-05,24,2.9583,0,0,24,2026-09-20T16:34:16.518936+00:00
google_play_census,UPS,parcel_courier,com.ups.mobile.android,us,2026-09-06,14,1.4286,4,0,14,2026-09-20T16:34:16.518936+00:00
google_play_census,UPS,parcel_courier,com.ups.mobile.android,us,2026-09-07,15,3.0667,0,0,15,2026-09-20T16:34:16.518936+00:00
google_play_census,UPS,parcel_courier,com.ups.mobile.android,us,2026-09-08,22,2.6364,2,0,22,2026-09-20T16:34:16.518936+00:00
google_play_census,UPS,parcel_courier,com.ups.mobile.android,us,2026-09-09,27,2.5556,0,0,27,2026-09-20T16:34:16.518936+00:00
google_play_census,UPS,parcel_courier,com.ups.mobile.android,us,2026-09-10,34,3.2353,2,0,34,2026-09-20T16:34:16.518936+00:00
google_play_census,UPS,parcel_courier,com.ups.mobile.android,us,2026-09-11,32,2.1875,0,0,32,2026-09-20T16:34:16.518936+00:00
google_play_census,UPS,parcel_courier,com.ups.mobile.android,us,2026-09-12,29,2.6552,0,0,29,2026-09-20T16:34:16.518936+00:00
google_play_census,UPS,parcel_courier,com.ups.mobile.android,us,2026-09-13,16,2.5625,1,0,16,2026-09-20T16:34:16.518936+00:00
google_play_census,UPS,parcel_courier,com.ups.mobile.android,us,2026-09-14,14,1.8571,20,2,14,2026-09-20T16:34:16.518936+00:00
google_play_census,UPS,parcel_courier,com.ups.mobile.android,us,2026-09-15,34,2.5294,0,0,34,2026-09-20T16:34:16.518936+00:00
google_play_census,UPS,parcel_courier,com.ups.mobile.android,us,2026-09-16,29,2.6552,0,0,29,2026-09-20T16:34:16.518936+00:00
google_play_census,UPS,parcel_courier,com.ups.mobile.android,us,2026-09-17,37,2.1081,0,0,37,2026-09-20T16:34:16.518936+00:00
google_play_census,UPS,parcel_courier,com.ups.mobile.android,us,2026-09-18,32,3.0938,72,1,32,2026-09-20T16:34:16.518936+00:00
google_play_census,UPS,parcel_courier,com.ups.mobile.android,us,2026-09-19,19,2.5263,0,0,19,2026-09-20T16:34:16.518936+00:00
google_play_census,DHL,parcel_courier,de.dhl.paket,de,2026-08-07,3,2.3333,0,3,3,2026-09-20T16:34:18.780791+00:00
google_play_census,DHL,parcel_courier,de.dhl.paket,de,2026-08-08,2,3.0,0,2,2,2026-09-20T16:34:18.780791+00:00
google_play_census,DHL,parcel_courier,de.dhl.paket,de,2026-08-09,1,1.0,5,1,1,2026-09-20T16:34:18.780791+00:00
google_play_census,DHL,parcel_courier,de.dhl.paket,de,2026-08-10,1,1.0,0,1,1,2026-09-20T16:34:18.780791+00:00
google_play_census,DHL,parcel_courier,de.dhl.paket,de,2026-08-11,2,1.0,1,2,2,2026-09-20T16:34:18.780791+00:00
google_play_census,DHL,parcel_courier,de.dhl.paket,de,2026-08-12,2,2.0,0,2,2,2026-09-20T16:34:18.780791+00:00
google_play_census,DHL,parcel_courier,de.dhl.paket,de,2026-08-13,3,1.0,0,3,3,2026-09-20T16:34:18.780791+00:00
google_play_census,DHL,parcel_courier,de.dhl.paket,de,2026-08-14,1,4.0,0,1,1,2026-09-20T16:34:18.780791+00:00
google_play_census,DHL,parcel_courier,de.dhl.paket,de,2026-08-16,1,1.0,0,1,1,2026-09-20T16:34:18.780791+00:00
google_play_census,DHL,parcel_courier,de.dhl.paket,de,2026-08-17,2,1.0,1,1,2,2026-09-20T16:34:18.780791+00:00
google_play_census,DHL,parcel_courier,de.dhl.paket,de,2026-08-18,1,5.0,0,1,1,2026-09-20T16:34:18.780791+00:00
google_play_census,DHL,parcel_courier,de.dhl.paket,de,2026-08-19,3,2.3333,0,1,3,2026-09-20T16:34:18.780791+00:00
google_play_census,DHL,parcel_courier,de.dhl.paket,de,2026-08-20,4,1.75,0,4,4,2026-09-20T16:34:18.780791+00:00
google_play_census,DHL,parcel_courier,de.dhl.paket,de,2026-08-21,1,5.0,0,1,1,2026-09-20T16:34:18.780791+00:00
google_play_census,DHL,parcel_courier,de.dhl.paket,de,2026-08-22,1,1.0,0,1,1,2026-09-20T16:34:18.780791+00:00
google_play_census,DHL,parcel_courier,de.dhl.paket,de,2026-08-23,1,1.0,0,1,1,2026-09-20T16:34:18.780791+00:00
google_play_census,DHL,parcel_courier,de.dhl.paket,de,2026-08-24,1,1.0,0,1,1,2026-09-20T16:34:18.780791+00:00
google_play_census,DHL,parcel_courier,de.dhl.paket,de,2026-08-25,4,2.25,0,3,4,2026-09-20T16:34:18.780791+00:00
google_play_census,DHL,parcel_courier,de.dhl.paket,de,2026-08-26,1,4.0,0,1,1,2026-09-20T16:34:18.780791+00:00
google_play_census,DHL,parcel_courier,de.dhl.paket,de,2026-08-27,2,1.0,4,2,2,2026-09-20T16:34:18.780791+00:00
google_play_census,DHL,parcel_courier,de.dhl.paket,de,2026-08-28,3,1.0,0,3,3,2026-09-20T16:34:18.780791+00:00
google_play_census,DHL,parcel_courier,de.dhl.paket,de,2026-08-29,2,1.0,0,1,2,2026-09-20T16:34:18.780791+00:00
google_play_census,DHL,parcel_courier,de.dhl.paket,de,2026-08-31,1,4.0,0,1,1,2026-09-20T16:34:18.780791+00:00
google_play_census,DHL,parcel_courier,de.dhl.paket,de,2026-09-02,4,2.0,3,3,4,2026-09-20T16:34:18.780791+00:00
google_play_census,DHL,parcel_courier,de.dhl.paket,de,2026-09-03,3,2.3333,0,2,3,2026-09-20T16:34:18.780791+00:00
google_play_census,DHL,parcel_courier,de.dhl.paket,de,2026-09-04,2,3.0,1,2,2,2026-09-20T16:34:18.780791+00:00
google_play_census,DHL,parcel_courier,de.dhl.paket,de,2026-09-06,1,1.0,0,1,1,2026-09-20T16:34:18.780791+00:00
google_play_census,DHL,parcel_courier,de.dhl.paket,de,2026-09-07,1,5.0,0,1,1,2026-09-20T16:34:18.780791+00:00
google_play_census,DHL,parcel_courier,de.dhl.paket,de,2026-09-08,1,3.0,0,1,1,2026-09-20T16:34:18.780791+00:00
google_play_census,DHL,parcel_courier,de.dhl.paket,de,2026-09-09,6,2.6667,0,4,6,2026-09-20T16:34:18.780791+00:00
google_play_census,DHL,parcel_courier,de.dhl.paket,de,2026-09-10,3,1.0,2,2,3,2026-09-20T16:34:18.780791+00:00
google_play_census,DHL,parcel_courier,de.dhl.paket,de,2026-09-11,5,2.2,3,5,5,2026-09-20T16:34:18.780791+00:00
google_play_census,DHL,parcel_courier,de.dhl.paket,de,2026-09-12,1,1.0,0,1,1,2026-09-20T16:34:18.780791+00:00
google_play_census,DHL,parcel_courier,de.dhl.paket,de,2026-09-13,2,1.0,7,2,2,2026-09-20T16:34:18.780791+00:00
google_play_census,DHL,parcel_courier,de.dhl.paket,de,2026-09-15,2,1.0,0,2,2,2026-09-20T16:34:18.780791+00:00
google_play_census,DHL,parcel_courier,de.dhl.paket,de,2026-09-16,2,1.5,0,1,2,2026-09-20T16:34:18.780791+00:00
google_play_census,DHL,parcel_courier,de.dhl.paket,de,2026-09-17,5,1.4,0,4,5,2026-09-20T16:34:18.780791+00:00
google_play_census,DHL,parcel_courier,de.dhl.paket,de,2026-09-18,1,3.0,0,0,1,2026-09-20T16:34:18.780791+00:00
google_play_census,DHL,parcel_courier,de.dhl.paket,de,2026-09-19,1,5.0,0,0,1,2026-09-20T16:34:18.780791+00:00
google_play_census,AfterShip,parcel_courier,com.aftership.AfterShip,us,2026-08-06,3,5.0,2,0,3,2026-09-20T16:34:19.160300+00:00
google_play_census,AfterShip,parcel_courier,com.aftership.AfterShip,us,2026-08-07,3,4.0,0,0,3,2026-09-20T16:34:19.160300+00:00
google_play_census,AfterShip,parcel_courier,com.aftership.AfterShip,us,2026-08-08,1,5.0,0,0,1,2026-09-20T16:34:19.160300+00:00
google_play_census,AfterShip,parcel_courier,com.aftership.AfterShip,us,2026-08-09,6,3.5,2,0,6,2026-09-20T16:34:19.160300+00:00
google_play_census,AfterShip,parcel_courier,com.aftership.AfterShip,us,2026-08-10,3,3.6667,0,0,3,2026-09-20T16:34:19.160300+00:00
google_play_census,AfterShip,parcel_courier,com.aftership.AfterShip,us,2026-08-11,3,4.6667,0,0,3,2026-09-20T16:34:19.160300+00:00
google_play_census,AfterShip,parcel_courier,com.aftership.AfterShip,us,2026-08-12,4,5.0,0,0,4,2026-09-20T16:34:19.160300+00:00
google_play_census,AfterShip,parcel_courier,com.aftership.AfterShip,us,2026-08-13,4,3.0,0,0,4,2026-09-20T16:34:19.160300+00:00
google_play_census,AfterShip,parcel_courier,com.aftership.AfterShip,us,2026-08-14,4,4.25,0,0,4,2026-09-20T16:34:19.160300+00:00
google_play_census,AfterShip,parcel_courier,com.aftership.AfterShip,us,2026-08-15,3,5.0,0,0,3,2026-09-20T16:34:19.160300+00:00
google_play_census,AfterShip,parcel_courier,com.aftership.AfterShip,us,2026-08-16,6,3.3333,1,1,6,2026-09-20T16:34:19.160300+00:00
google_play_census,AfterShip,parcel_courier,com.aftership.AfterShip,us,2026-08-17,2,5.0,0,0,2,2026-09-20T16:34:19.160300+00:00
google_play_census,AfterShip,parcel_courier,com.aftership.AfterShip,us,2026-08-18,5,3.8,7,0,5,2026-09-20T16:34:19.160300+00:00
google_play_census,AfterShip,parcel_courier,com.aftership.AfterShip,us,2026-08-19,3,4.0,0,0,3,2026-09-20T16:34:19.160300+00:00
google_play_census,AfterShip,parcel_courier,com.aftership.AfterShip,us,2026-08-20,7,4.2857,0,0,7,2026-09-20T16:34:19.160300+00:00
google_play_census,AfterShip,parcel_courier,com.aftership.AfterShip,us,2026-08-21,2,5.0,0,0,2,2026-09-20T16:34:19.160300+00:00
google_play_census,AfterShip,parcel_courier,com.aftership.AfterShip,us,2026-08-22,4,4.5,0,0,4,2026-09-20T16:34:19.160300+00:00
google_play_census,AfterShip,parcel_courier,com.aftership.AfterShip,us,2026-08-23,7,4.4286,0,0,7,2026-09-20T16:34:19.160300+00:00
google_play_census,AfterShip,parcel_courier,com.aftership.AfterShip,us,2026-08-24,3,5.0,0,0,3,2026-09-20T16:34:19.160300+00:00
google_play_census,AfterShip,parcel_courier,com.aftership.AfterShip,us,2026-08-25,2,3.0,0,0,2,2026-09-20T16:34:19.160300+00:00
google_play_census,AfterShip,parcel_courier,com.aftership.AfterShip,us,2026-08-26,5,4.2,1,0,5,2026-09-20T16:34:19.160300+00:00
google_play_census,AfterShip,parcel_courier,com.aftership.AfterShip,us,2026-08-27,5,4.4,0,0,5,2026-09-20T16:34:19.160300+00:00
google_play_census,AfterShip,parcel_courier,com.aftership.AfterShip,us,2026-08-28,4,5.0,1,0,4,2026-09-20T16:34:19.160300+00:00
google_play_census,AfterShip,parcel_courier,com.aftership.AfterShip,us,2026-08-29,5,5.0,0,0,5,2026-09-20T16:34:19.160300+00:00
google_play_census,AfterShip,parcel_courier,com.aftership.AfterShip,us,2026-08-30,2,4.0,0,0,2,2026-09-20T16:34:19.160300+00:00
google_play_census,AfterShip,parcel_courier,com.aftership.AfterShip,us,2026-08-31,1,5.0,0,0,1,2026-09-20T16:34:19.160300+00:00
google_play_census,AfterShip,parcel_courier,com.aftership.AfterShip,us,2026-09-01,4,4.75,0,0,4,2026-09-20T16:34:19.160300+00:00
google_play_census,AfterShip,parcel_courier,com.aftership.AfterShip,us,2026-09-02,3,5.0,0,0,3,2026-09-20T16:34:19.160300+00:00
google_play_census,AfterShip,parcel_courier,com.aftership.AfterShip,us,2026-09-03,9,4.1111,12,0,9,2026-09-20T16:34:19.160300+00:00
google_play_census,AfterShip,parcel_courier,com.aftership.AfterShip,us,2026-09-04,9,3.6667,2,0,9,2026-09-20T16:34:19.160300+00:00
google_play_census,AfterShip,parcel_courier,com.aftership.AfterShip,us,2026-09-05,2,5.0,0,0,2,2026-09-20T16:34:19.160300+00:00
google_play_census,AfterShip,parcel_courier,com.aftership.AfterShip,us,2026-09-06,1,5.0,0,0,1,2026-09-20T16:34:19.160300+00:00
google_play_census,AfterShip,parcel_courier,com.aftership.AfterShip,us,2026-09-07,5,4.2,0,0,5,2026-09-20T16:34:19.160300+00:00
google_play_census,AfterShip,parcel_courier,com.aftership.AfterShip,us,2026-09-08,4,5.0,0,0,4,2026-09-20T16:34:19.160300+00:00
google_play_census,AfterShip,parcel_courier,com.aftership.AfterShip,us,2026-09-09,3,5.0,0,0,3,2026-09-20T16:34:19.160300+00:00
google_play_census,AfterShip,parcel_courier,com.aftership.AfterShip,us,2026-09-10,1,5.0,0,0,1,2026-09-20T16:34:19.160300+00:00
google_play_census,AfterShip,parcel_courier,com.aftership.AfterShip,us,2026-09-11,6,5.0,1,0,6,2026-09-20T16:34:19.160300+00:00
google_play_census,AfterShip,parcel_courier,com.aftership.AfterShip,us,2026-09-12,2,5.0,0,0,2,2026-09-20T16:34:19.160300+00:00
google_play_census,AfterShip,parcel_courier,com.aftership.AfterShip,us,2026-09-13,2,3.0,0,0,2,2026-09-20T16:34:19.160300+00:00
google_play_census,AfterShip,parcel_courier,com.aftership.AfterShip,us,2026-09-14,3,4.6667,0,0,3,2026-09-20T16:34:19.160300+00:00
google_play_census,AfterShip,parcel_courier,com.aftership.AfterShip,us,2026-09-15,1,5.0,0,0,1,2026-09-20T16:34:19.160300+00:00
google_play_census,AfterShip,parcel_courier,com.aftership.AfterShip,us,2026-09-16,5,4.6,2,0,5,2026-09-20T16:34:19.160300+00:00
google_play_census,AfterShip,parcel_courier,com.aftership.AfterShip,us,2026-09-17,6,4.1667,14,0,6,2026-09-20T16:34:19.160300+00:00
google_play_census,AfterShip,parcel_courier,com.aftership.AfterShip,us,2026-09-18,6,2.6667,7,1,6,2026-09-20T16:34:19.160300+00:00
google_play_census,AfterShip,parcel_courier,com.aftership.AfterShip,us,2026-09-19,3,3.6667,0,1,3,2026-09-20T16:34:19.160300+00:00
google_play_census,Bluedart,parcel_courier,com.utilex.bluedart,in,2026-08-07,1,1.0,5,0,1,2026-09-20T16:34:19.612273+00:00
google_play_census,Bluedart,parcel_courier,com.utilex.bluedart,in,2026-08-09,1,1.0,8,0,1,2026-09-20T16:34:19.612273+00:00
google_play_census,Bluedart,parcel_courier,com.utilex.bluedart,in,2026-08-10,1,1.0,4,0,1,2026-09-20T16:34:19.612273+00:00
google_play_census,Bluedart,parcel_courier,com.utilex.bluedart,in,2026-08-11,2,1.0,15,0,2,2026-09-20T16:34:19.612273+00:00
google_play_census,Bluedart,parcel_courier,com.utilex.bluedart,in,2026-08-14,1,1.0,2,0,1,2026-09-20T16:34:19.612273+00:00
google_play_census,Bluedart,parcel_courier,com.utilex.bluedart,in,2026-08-17,2,1.5,4,0,2,2026-09-20T16:34:19.612273+00:00
google_play_census,Bluedart,parcel_courier,com.utilex.bluedart,in,2026-08-18,3,1.0,9,0,3,2026-09-20T16:34:19.612273+00:00
google_play_census,Bluedart,parcel_courier,com.utilex.bluedart,in,2026-08-19,2,1.0,6,0,2,2026-09-20T16:34:19.612273+00:00
google_play_census,Bluedart,parcel_courier,com.utilex.bluedart,in,2026-08-20,3,1.0,10,0,3,2026-09-20T16:34:19.612273+00:00
google_play_census,Bluedart,parcel_courier,com.utilex.bluedart,in,2026-08-21,3,1.0,21,0,3,2026-09-20T16:34:19.612273+00:00
google_play_census,Bluedart,parcel_courier,com.utilex.bluedart,in,2026-08-22,3,1.0,9,0,3,2026-09-20T16:34:19.612273+00:00
google_play_census,Bluedart,parcel_courier,com.utilex.bluedart,in,2026-08-25,1,1.0,9,0,1,2026-09-20T16:34:19.612273+00:00
google_play_census,Bluedart,parcel_courier,com.utilex.bluedart,in,2026-08-26,2,1.0,3,0,2,2026-09-20T16:34:19.612273+00:00
google_play_census,Bluedart,parcel_courier,com.utilex.bluedart,in,2026-08-27,3,2.0,7,0,3,2026-09-20T16:34:19.612273+00:00
google_play_census,Bluedart,parcel_courier,com.utilex.bluedart,in,2026-08-29,1,1.0,2,0,1,2026-09-20T16:34:19.612273+00:00
google_play_census,Bluedart,parcel_courier,com.utilex.bluedart,in,2026-08-30,1,1.0,3,0,1,2026-09-20T16:34:19.612273+00:00
google_play_census,Bluedart,parcel_courier,com.utilex.bluedart,in,2026-08-31,1,5.0,0,0,1,2026-09-20T16:34:19.612273+00:00
google_play_census,Bluedart,parcel_courier,com.utilex.bluedart,in,2026-09-03,4,1.0,4,0,4,2026-09-20T16:34:19.612273+00:00
google_play_census,Bluedart,parcel_courier,com.utilex.bluedart,in,2026-09-04,1,1.0,3,0,1,2026-09-20T16:34:19.612273+00:00
google_play_census,Bluedart,parcel_courier,com.utilex.bluedart,in,2026-09-05,2,1.0,3,0,2,2026-09-20T16:34:19.612273+00:00
google_play_census,Bluedart,parcel_courier,com.utilex.bluedart,in,2026-09-07,2,1.0,1,0,2,2026-09-20T16:34:19.612273+00:00
google_play_census,Bluedart,parcel_courier,com.utilex.bluedart,in,2026-09-08,2,2.0,3,0,2,2026-09-20T16:34:19.612273+00:00
google_play_census,Bluedart,parcel_courier,com.utilex.bluedart,in,2026-09-09,2,1.0,2,0,2,2026-09-20T16:34:19.612273+00:00
google_play_census,Bluedart,parcel_courier,com.utilex.bluedart,in,2026-09-10,5,1.0,1,0,5,2026-09-20T16:34:19.612273+00:00
google_play_census,Bluedart,parcel_courier,com.utilex.bluedart,in,2026-09-11,5,1.0,1,0,5,2026-09-20T16:34:19.612273+00:00
google_play_census,Bluedart,parcel_courier,com.utilex.bluedart,in,2026-09-12,1,3.0,0,0,1,2026-09-20T16:34:19.612273+00:00
google_play_census,Bluedart,parcel_courier,com.utilex.bluedart,in,2026-09-13,1,1.0,0,0,1,2026-09-20T16:34:19.612273+00:00
google_play_census,Bluedart,parcel_courier,com.utilex.bluedart,in,2026-09-15,3,1.0,2,0,3,2026-09-20T16:34:19.612273+00:00
google_play_census,Bluedart,parcel_courier,com.utilex.bluedart,in,2026-09-16,2,1.0,2,0,2,2026-09-20T16:34:19.612273+00:00
google_play_census,Bluedart,parcel_courier,com.utilex.bluedart,in,2026-09-17,1,1.0,0,0,1,2026-09-20T16:34:19.612273+00:00
google_play_census,Bluedart,parcel_courier,com.utilex.bluedart,in,2026-09-18,2,1.0,0,0,2,2026-09-20T16:34:19.612273+00:00
google_play_census,Bluedart,parcel_courier,com.utilex.bluedart,in,2026-09-19,2,1.0,0,0,2,2026-09-20T16:34:19.612273+00:00
google_play_census,Amazon,ecommerce,com.amazon.mShop.android.shopping,us,2026-08-06,97,2.4227,146,0,80,2026-09-20T16:34:19.884291+00:00
google_play_census,Amazon,ecommerce,com.amazon.mShop.android.shopping,us,2026-08-07,113,2.6106,137,0,80,2026-09-20T16:34:19.884291+00:00
google_play_census,Amazon,ecommerce,com.amazon.mShop.android.shopping,us,2026-08-08,124,2.5968,170,0,80,2026-09-20T16:34:19.884291+00:00
google_play_census,Amazon,ecommerce,com.amazon.mShop.android.shopping,us,2026-08-09,134,2.1567,157,0,80,2026-09-20T16:34:19.884291+00:00
google_play_census,Amazon,ecommerce,com.amazon.mShop.android.shopping,us,2026-08-10,119,2.5378,259,0,80,2026-09-20T16:34:19.884291+00:00
google_play_census,Amazon,ecommerce,com.amazon.mShop.android.shopping,us,2026-08-11,136,2.4265,373,0,80,2026-09-20T16:34:19.884291+00:00
google_play_census,Amazon,ecommerce,com.amazon.mShop.android.shopping,us,2026-08-12,117,2.7265,96,0,80,2026-09-20T16:34:19.884291+00:00
google_play_census,Amazon,ecommerce,com.amazon.mShop.android.shopping,us,2026-08-13,98,2.6531,116,0,80,2026-09-20T16:34:19.884291+00:00
google_play_census,Amazon,ecommerce,com.amazon.mShop.android.shopping,us,2026-08-14,99,2.2323,169,0,80,2026-09-20T16:34:19.884291+00:00
google_play_census,Amazon,ecommerce,com.amazon.mShop.android.shopping,us,2026-08-15,105,2.7143,82,0,80,2026-09-20T16:34:19.884291+00:00
google_play_census,Amazon,ecommerce,com.amazon.mShop.android.shopping,us,2026-08-16,105,3.0857,143,0,80,2026-09-20T16:34:19.884291+00:00
google_play_census,Amazon,ecommerce,com.amazon.mShop.android.shopping,us,2026-08-17,92,2.4565,370,0,80,2026-09-20T16:34:19.884291+00:00
google_play_census,Amazon,ecommerce,com.amazon.mShop.android.shopping,us,2026-08-18,88,3.0114,160,0,80,2026-09-20T16:34:19.884291+00:00
google_play_census,Amazon,ecommerce,com.amazon.mShop.android.shopping,us,2026-08-19,94,2.6702,129,0,80,2026-09-20T16:34:19.884291+00:00
google_play_census,Amazon,ecommerce,com.amazon.mShop.android.shopping,us,2026-08-20,97,2.8969,503,0,80,2026-09-20T16:34:19.884291+00:00
google_play_census,Amazon,ecommerce,com.amazon.mShop.android.shopping,us,2026-08-21,96,2.4271,599,0,80,2026-09-20T16:34:19.884291+00:00
google_play_census,Amazon,ecommerce,com.amazon.mShop.android.shopping,us,2026-08-22,113,2.6195,129,0,80,2026-09-20T16:34:19.884291+00:00
google_play_census,Amazon,ecommerce,com.amazon.mShop.android.shopping,us,2026-08-23,108,2.5278,129,0,80,2026-09-20T16:34:19.884291+00:00
google_play_census,Amazon,ecommerce,com.amazon.mShop.android.shopping,us,2026-08-24,107,2.5607,263,0,80,2026-09-20T16:34:19.884291+00:00
google_play_census,Amazon,ecommerce,com.amazon.mShop.android.shopping,us,2026-08-25,112,2.3393,138,0,80,2026-09-20T16:34:19.884291+00:00
google_play_census,Amazon,ecommerce,com.amazon.mShop.android.shopping,us,2026-08-26,110,2.7,764,0,80,2026-09-20T16:34:19.884291+00:00
google_play_census,Amazon,ecommerce,com.amazon.mShop.android.shopping,us,2026-08-27,108,2.713,444,0,80,2026-09-20T16:34:19.884291+00:00
google_play_census,Amazon,ecommerce,com.amazon.mShop.android.shopping,us,2026-08-28,103,2.2816,114,0,80,2026-09-20T16:34:19.884291+00:00
google_play_census,Amazon,ecommerce,com.amazon.mShop.android.shopping,us,2026-08-29,107,2.2991,301,0,80,2026-09-20T16:34:19.884291+00:00
google_play_census,Amazon,ecommerce,com.amazon.mShop.android.shopping,us,2026-08-30,113,2.531,194,0,80,2026-09-20T16:34:19.884291+00:00
google_play_census,Amazon,ecommerce,com.amazon.mShop.android.shopping,us,2026-08-31,109,2.633,125,0,80,2026-09-20T16:34:19.884291+00:00
google_play_census,Amazon,ecommerce,com.amazon.mShop.android.shopping,us,2026-09-01,124,2.4597,689,0,80,2026-09-20T16:34:19.884291+00:00
google_play_census,Amazon,ecommerce,com.amazon.mShop.android.shopping,us,2026-09-02,132,2.6061,341,0,80,2026-09-20T16:34:19.884291+00:00
google_play_census,Amazon,ecommerce,com.amazon.mShop.android.shopping,us,2026-09-03,103,2.6117,79,0,80,2026-09-20T16:34:19.884291+00:00
google_play_census,Amazon,ecommerce,com.amazon.mShop.android.shopping,us,2026-09-04,127,2.5433,189,0,80,2026-09-20T16:34:19.884291+00:00
google_play_census,Amazon,ecommerce,com.amazon.mShop.android.shopping,us,2026-09-05,111,2.6667,217,0,80,2026-09-20T16:34:19.884291+00:00
google_play_census,Amazon,ecommerce,com.amazon.mShop.android.shopping,us,2026-09-06,103,2.6796,142,0,80,2026-09-20T16:34:19.884291+00:00
google_play_census,Amazon,ecommerce,com.amazon.mShop.android.shopping,us,2026-09-07,95,2.3474,248,0,80,2026-09-20T16:34:19.884291+00:00
google_play_census,Amazon,ecommerce,com.amazon.mShop.android.shopping,us,2026-09-08,95,2.6421,399,0,80,2026-09-20T16:34:19.884291+00:00
google_play_census,Amazon,ecommerce,com.amazon.mShop.android.shopping,us,2026-09-09,113,2.4602,318,0,80,2026-09-20T16:34:19.884291+00:00
google_play_census,Amazon,ecommerce,com.amazon.mShop.android.shopping,us,2026-09-10,117,2.4957,273,0,80,2026-09-20T16:34:19.884291+00:00
google_play_census,Amazon,ecommerce,com.amazon.mShop.android.shopping,us,2026-09-11,95,2.2211,131,0,80,2026-09-20T16:34:19.884291+00:00
google_play_census,Amazon,ecommerce,com.amazon.mShop.android.shopping,us,2026-09-12,99,2.4949,229,0,80,2026-09-20T16:34:19.884291+00:00
google_play_census,Amazon,ecommerce,com.amazon.mShop.android.shopping,us,2026-09-13,133,2.8045,243,0,80,2026-09-20T16:34:19.884291+00:00
google_play_census,Amazon,ecommerce,com.amazon.mShop.android.shopping,us,2026-09-14,114,2.8246,65,0,80,2026-09-20T16:34:19.884291+00:00
google_play_census,Amazon,ecommerce,com.amazon.mShop.android.shopping,us,2026-09-15,97,2.732,74,0,80,2026-09-20T16:34:19.884291+00:00
google_play_census,Amazon,ecommerce,com.amazon.mShop.android.shopping,us,2026-09-16,87,2.3678,157,0,80,2026-09-20T16:34:19.884291+00:00
google_play_census,Amazon,ecommerce,com.amazon.mShop.android.shopping,us,2026-09-17,93,2.7204,31,0,80,2026-09-20T16:34:19.884291+00:00
google_play_census,Amazon,ecommerce,com.amazon.mShop.android.shopping,us,2026-09-18,103,2.8641,353,0,80,2026-09-20T16:34:19.884291+00:00
google_play_census,Amazon,ecommerce,com.amazon.mShop.android.shopping,us,2026-09-19,87,2.7816,23,0,80,2026-09-20T16:34:19.884291+00:00
google_play_census,Amazon IN,ecommerce,in.amazon.mShop.android.shopping,in,2026-08-06,175,2.5714,130,0,80,2026-09-20T16:34:30.544769+00:00
google_play_census,Amazon IN,ecommerce,in.amazon.mShop.android.shopping,in,2026-08-07,226,2.5531,118,0,80,2026-09-20T16:34:30.544769+00:00
google_play_census,Amazon IN,ecommerce,in.amazon.mShop.android.shopping,in,2026-08-08,266,2.7368,177,0,80,2026-09-20T16:34:30.544769+00:00
google_play_census,Amazon IN,ecommerce,in.amazon.mShop.android.shopping,in,2026-08-09,213,2.5634,124,2,80,2026-09-20T16:34:30.544769+00:00
google_play_census,Amazon IN,ecommerce,in.amazon.mShop.android.shopping,in,2026-08-10,225,2.7556,70,0,80,2026-09-20T16:34:30.544769+00:00
google_play_census,Amazon IN,ecommerce,in.amazon.mShop.android.shopping,in,2026-08-11,218,2.4908,91,1,80,2026-09-20T16:34:30.544769+00:00
google_play_census,Amazon IN,ecommerce,in.amazon.mShop.android.shopping,in,2026-08-12,210,2.5524,79,1,80,2026-09-20T16:34:30.544769+00:00
google_play_census,Amazon IN,ecommerce,in.amazon.mShop.android.shopping,in,2026-08-13,193,2.4249,72,0,80,2026-09-20T16:34:30.544769+00:00
google_play_census,Amazon IN,ecommerce,in.amazon.mShop.android.shopping,in,2026-08-14,179,2.3799,149,0,80,2026-09-20T16:34:30.544769+00:00
google_play_census,Amazon IN,ecommerce,in.amazon.mShop.android.shopping,in,2026-08-15,182,2.6044,121,0,80,2026-09-20T16:34:30.544769+00:00
google_play_census,Amazon IN,ecommerce,in.amazon.mShop.android.shopping,in,2026-08-16,205,2.7073,854,0,80,2026-09-20T16:34:30.544769+00:00
google_play_census,Amazon IN,ecommerce,in.amazon.mShop.android.shopping,in,2026-08-17,180,2.5333,130,0,80,2026-09-20T16:34:30.544769+00:00
google_play_census,Amazon IN,ecommerce,in.amazon.mShop.android.shopping,in,2026-08-18,211,2.5403,936,0,80,2026-09-20T16:34:30.544769+00:00
google_play_census,Amazon IN,ecommerce,in.amazon.mShop.android.shopping,in,2026-08-19,185,2.5676,361,1,80,2026-09-20T16:34:30.544769+00:00
google_play_census,Amazon IN,ecommerce,in.amazon.mShop.android.shopping,in,2026-08-20,183,2.224,182,1,80,2026-09-20T16:34:30.544769+00:00
google_play_census,Amazon IN,ecommerce,in.amazon.mShop.android.shopping,in,2026-08-21,177,2.5989,110,1,80,2026-09-20T16:34:30.544769+00:00
google_play_census,Amazon IN,ecommerce,in.amazon.mShop.android.shopping,in,2026-08-22,184,2.375,155,0,80,2026-09-20T16:34:30.544769+00:00
google_play_census,Amazon IN,ecommerce,in.amazon.mShop.android.shopping,in,2026-08-23,224,2.3795,174,0,80,2026-09-20T16:34:30.544769+00:00
google_play_census,Amazon IN,ecommerce,in.amazon.mShop.android.shopping,in,2026-08-24,223,2.5381,118,1,80,2026-09-20T16:34:30.544769+00:00
google_play_census,Amazon IN,ecommerce,in.amazon.mShop.android.shopping,in,2026-08-25,190,2.5474,111,1,80,2026-09-20T16:34:30.544769+00:00
google_play_census,Amazon IN,ecommerce,in.amazon.mShop.android.shopping,in,2026-08-26,197,2.5381,157,0,80,2026-09-20T16:34:30.544769+00:00
google_play_census,Amazon IN,ecommerce,in.amazon.mShop.android.shopping,in,2026-08-27,181,2.116,69,1,80,2026-09-20T16:34:30.544769+00:00
google_play_census,Amazon IN,ecommerce,in.amazon.mShop.android.shopping,in,2026-08-28,200,2.445,113,0,80,2026-09-20T16:34:30.544769+00:00
google_play_census,Amazon IN,ecommerce,in.amazon.mShop.android.shopping,in,2026-08-29,179,2.2291,151,1,80,2026-09-20T16:34:30.544769+00:00
google_play_census,Amazon IN,ecommerce,in.amazon.mShop.android.shopping,in,2026-08-30,193,2.7202,174,0,80,2026-09-20T16:34:30.544769+00:00
google_play_census,Amazon IN,ecommerce,in.amazon.mShop.android.shopping,in,2026-08-31,172,2.4651,169,0,80,2026-09-20T16:34:30.544769+00:00
google_play_census,Amazon IN,ecommerce,in.amazon.mShop.android.shopping,in,2026-09-01,163,2.2638,156,1,80,2026-09-20T16:34:30.544769+00:00
google_play_census,Amazon IN,ecommerce,in.amazon.mShop.android.shopping,in,2026-09-02,202,2.7129,166,1,80,2026-09-20T16:34:30.544769+00:00
google_play_census,Amazon IN,ecommerce,in.amazon.mShop.android.shopping,in,2026-09-03,202,2.6386,132,0,80,2026-09-20T16:34:30.544769+00:00
google_play_census,Amazon IN,ecommerce,in.amazon.mShop.android.shopping,in,2026-09-04,220,2.3273,96,0,80,2026-09-20T16:34:30.544769+00:00
google_play_census,Amazon IN,ecommerce,in.amazon.mShop.android.shopping,in,2026-09-05,189,2.6296,95,1,80,2026-09-20T16:34:30.544769+00:00
google_play_census,Amazon IN,ecommerce,in.amazon.mShop.android.shopping,in,2026-09-06,200,2.75,413,0,80,2026-09-20T16:34:30.544769+00:00
google_play_census,Amazon IN,ecommerce,in.amazon.mShop.android.shopping,in,2026-09-07,180,2.4222,86,1,80,2026-09-20T16:34:30.544769+00:00
google_play_census,Amazon IN,ecommerce,in.amazon.mShop.android.shopping,in,2026-09-08,181,2.4751,104,1,80,2026-09-20T16:34:30.544769+00:00
google_play_census,Amazon IN,ecommerce,in.amazon.mShop.android.shopping,in,2026-09-09,183,2.623,234,0,80,2026-09-20T16:34:30.544769+00:00
google_play_census,Amazon IN,ecommerce,in.amazon.mShop.android.shopping,in,2026-09-10,185,2.6162,77,0,80,2026-09-20T16:34:30.544769+00:00
google_play_census,Amazon IN,ecommerce,in.amazon.mShop.android.shopping,in,2026-09-11,200,2.63,129,1,80,2026-09-20T16:34:30.544769+00:00
google_play_census,Amazon IN,ecommerce,in.amazon.mShop.android.shopping,in,2026-09-12,178,2.5393,35,2,80,2026-09-20T16:34:30.544769+00:00
google_play_census,Amazon IN,ecommerce,in.amazon.mShop.android.shopping,in,2026-09-13,197,2.5431,119,1,80,2026-09-20T16:34:30.544769+00:00
google_play_census,Amazon IN,ecommerce,in.amazon.mShop.android.shopping,in,2026-09-14,194,2.6856,1496,0,80,2026-09-20T16:34:30.544769+00:00
google_play_census,Amazon IN,ecommerce,in.amazon.mShop.android.shopping,in,2026-09-15,159,2.3648,189,1,80,2026-09-20T16:34:30.544769+00:00
google_play_census,Amazon IN,ecommerce,in.amazon.mShop.android.shopping,in,2026-09-16,171,2.9708,85,0,80,2026-09-20T16:34:30.544769+00:00
google_play_census,Amazon IN,ecommerce,in.amazon.mShop.android.shopping,in,2026-09-17,171,2.7135,138,2,80,2026-09-20T16:34:30.544769+00:00
google_play_census,Amazon IN,ecommerce,in.amazon.mShop.android.shopping,in,2026-09-18,206,2.5777,54,0,80,2026-09-20T16:34:30.544769+00:00
google_play_census,Amazon IN,ecommerce,in.amazon.mShop.android.shopping,in,2026-09-19,174,2.569,29,0,80,2026-09-20T16:34:30.544769+00:00
google_play_census,Flipkart,ecommerce,com.flipkart.android,in,2026-08-06,1784,4.1547,153,1539,80,2026-09-20T16:34:49.503773+00:00
google_play_census,Flipkart,ecommerce,com.flipkart.android,in,2026-08-07,2281,4.199,218,1969,80,2026-09-20T16:34:49.503773+00:00
google_play_census,Flipkart,ecommerce,com.flipkart.android,in,2026-08-08,2724,4.2184,206,2332,80,2026-09-20T16:34:49.503773+00:00
google_play_census,Flipkart,ecommerce,com.flipkart.android,in,2026-08-09,2487,4.1825,103,2145,80,2026-09-20T16:34:49.503773+00:00
google_play_census,Flipkart,ecommerce,com.flipkart.android,in,2026-08-10,2158,4.1376,196,1859,80,2026-09-20T16:34:49.503773+00:00
google_play_census,Flipkart,ecommerce,com.flipkart.android,in,2026-08-11,1982,4.0858,198,1689,80,2026-09-20T16:34:49.503773+00:00
google_play_census,Flipkart,ecommerce,com.flipkart.android,in,2026-08-12,2046,4.0934,462,1734,80,2026-09-20T16:34:49.503773+00:00
google_play_census,Flipkart,ecommerce,com.flipkart.android,in,2026-08-13,1919,4.0344,942,1608,80,2026-09-20T16:34:49.503773+00:00
google_play_census,Flipkart,ecommerce,com.flipkart.android,in,2026-08-14,1938,3.9902,293,1592,80,2026-09-20T16:34:49.503773+00:00
google_play_census,Flipkart,ecommerce,com.flipkart.android,in,2026-08-15,2038,4.0604,182,1705,80,2026-09-20T16:34:49.503773+00:00
google_play_census,Flipkart,ecommerce,com.flipkart.android,in,2026-08-16,2280,4.1219,134,1963,80,2026-09-20T16:34:49.503773+00:00
google_play_census,Flipkart,ecommerce,com.flipkart.android,in,2026-08-17,1670,3.9275,526,1382,80,2026-09-20T16:34:49.503773+00:00
google_play_census,Flipkart,ecommerce,com.flipkart.android,in,2026-08-18,1679,3.9065,197,1380,80,2026-09-20T16:34:49.503773+00:00
google_play_census,Flipkart,ecommerce,com.flipkart.android,in,2026-08-19,1664,3.9417,268,1367,80,2026-09-20T16:34:49.503773+00:00
google_play_census,Flipkart,ecommerce,com.flipkart.android,in,2026-08-20,1553,3.9099,186,1261,80,2026-09-20T16:34:49.503773+00:00
google_play_census,Flipkart,ecommerce,com.flipkart.android,in,2026-08-21,1529,3.8862,187,1257,80,2026-09-20T16:34:49.503773+00:00
google_play_census,Flipkart,ecommerce,com.flipkart.android,in,2026-08-22,1623,3.849,127,1315,80,2026-09-20T16:34:49.503773+00:00
google_play_census,Flipkart,ecommerce,com.flipkart.android,in,2026-08-23,1633,3.9504,173,1335,80,2026-09-20T16:34:49.503773+00:00
google_play_census,Flipkart,ecommerce,com.flipkart.android,in,2026-08-24,1448,3.8515,156,1171,80,2026-09-20T16:34:49.503773+00:00
google_play_census,Flipkart,ecommerce,com.flipkart.android,in,2026-08-25,1494,3.9284,155,1221,80,2026-09-20T16:34:49.503773+00:00
google_play_census,Flipkart,ecommerce,com.flipkart.android,in,2026-08-26,1446,3.9129,136,1169,80,2026-09-20T16:34:49.503773+00:00
google_play_census,Flipkart,ecommerce,com.flipkart.android,in,2026-08-27,1279,3.8546,105,1038,80,2026-09-20T16:34:49.503773+00:00
google_play_census,Flipkart,ecommerce,com.flipkart.android,in,2026-08-28,1331,3.9301,173,1086,80,2026-09-20T16:34:49.503773+00:00
google_play_census,Flipkart,ecommerce,com.flipkart.android,in,2026-08-29,1440,4.0417,61,1217,80,2026-09-20T16:34:49.503773+00:00
google_play_census,Flipkart,ecommerce,com.flipkart.android,in,2026-08-30,1526,4.0131,2297,1269,80,2026-09-20T16:34:49.503773+00:00
google_play_census,Flipkart,ecommerce,com.flipkart.android,in,2026-08-31,1322,3.9312,105,1095,80,2026-09-20T16:34:49.503773+00:00
google_play_census,Flipkart,ecommerce,com.flipkart.android,in,2026-09-01,1598,4.0307,109,1334,80,2026-09-20T16:34:49.503773+00:00
google_play_census,Flipkart,ecommerce,com.flipkart.android,in,2026-09-02,1610,4.0839,105,1352,80,2026-09-20T16:34:49.503773+00:00
google_play_census,Flipkart,ecommerce,com.flipkart.android,in,2026-09-03,1692,4.0538,321,1395,80,2026-09-20T16:34:49.503773+00:00
google_play_census,Flipkart,ecommerce,com.flipkart.android,in,2026-09-04,1580,3.9968,119,1295,80,2026-09-20T16:34:49.503773+00:00
google_play_census,Flipkart,ecommerce,com.flipkart.android,in,2026-09-05,1525,4.0033,67,1249,80,2026-09-20T16:34:49.503773+00:00
google_play_census,Flipkart,ecommerce,com.flipkart.android,in,2026-09-06,1747,4.1208,2856,1492,80,2026-09-20T16:34:49.503773+00:00
google_play_census,Flipkart,ecommerce,com.flipkart.android,in,2026-09-07,1548,3.9929,120,1287,80,2026-09-20T16:34:49.503773+00:00
google_play_census,Flipkart,ecommerce,com.flipkart.android,in,2026-09-08,1550,3.9606,374,1285,80,2026-09-20T16:34:49.503773+00:00
google_play_census,Flipkart,ecommerce,com.flipkart.android,in,2026-09-09,1561,4.0179,112,1290,80,2026-09-20T16:34:49.503773+00:00
google_play_census,Flipkart,ecommerce,com.flipkart.android,in,2026-09-10,1426,4.0358,22,1192,80,2026-09-20T16:34:49.503773+00:00
google_play_census,Flipkart,ecommerce,com.flipkart.android,in,2026-09-11,1421,4.0746,61,1194,80,2026-09-20T16:34:49.503773+00:00
google_play_census,Flipkart,ecommerce,com.flipkart.android,in,2026-09-12,1474,3.9844,89,1212,80,2026-09-20T16:34:49.503773+00:00
google_play_census,Flipkart,ecommerce,com.flipkart.android,in,2026-09-13,1560,4.0429,89,1300,80,2026-09-20T16:34:49.503773+00:00
google_play_census,Flipkart,ecommerce,com.flipkart.android,in,2026-09-14,1508,4.0106,62,1250,80,2026-09-20T16:34:49.503773+00:00
google_play_census,Flipkart,ecommerce,com.flipkart.android,in,2026-09-15,1427,3.9418,70,1159,80,2026-09-20T16:34:49.503773+00:00
google_play_census,Flipkart,ecommerce,com.flipkart.android,in,2026-09-16,1550,4.0142,26,1287,80,2026-09-20T16:34:49.503773+00:00
google_play_census,Flipkart,ecommerce,com.flipkart.android,in,2026-09-17,1494,4.002,52,1222,80,2026-09-20T16:34:49.503773+00:00
google_play_census,Flipkart,ecommerce,com.flipkart.android,in,2026-09-18,1366,4.0469,158,1145,80,2026-09-20T16:34:49.503773+00:00
google_play_census,Flipkart,ecommerce,com.flipkart.android,in,2026-09-19,1374,4.0378,17,1158,80,2026-09-20T16:34:49.503773+00:00
google_play_census,Myntra,ecommerce,com.myntra.android,in,2026-08-06,572,4.4965,70,63,80,2026-09-20T16:38:59.869336+00:00
google_play_census,Myntra,ecommerce,com.myntra.android,in,2026-08-07,505,4.5089,67,56,80,2026-09-20T16:38:59.869336+00:00
google_play_census,Myntra,ecommerce,com.myntra.android,in,2026-08-08,556,4.554,38,60,80,2026-09-20T16:38:59.869336+00:00
google_play_census,Myntra,ecommerce,com.myntra.android,in,2026-08-09,568,4.463,51,70,80,2026-09-20T16:38:59.869336+00:00
google_play_census,Myntra,ecommerce,com.myntra.android,in,2026-08-10,514,4.5447,61,46,80,2026-09-20T16:38:59.869336+00:00
google_play_census,Myntra,ecommerce,com.myntra.android,in,2026-08-11,513,4.4698,43,65,80,2026-09-20T16:38:59.869336+00:00
google_play_census,Myntra,ecommerce,com.myntra.android,in,2026-08-12,519,4.4412,59,64,80,2026-09-20T16:38:59.869336+00:00
google_play_census,Myntra,ecommerce,com.myntra.android,in,2026-08-13,511,4.2407,40,89,80,2026-09-20T16:38:59.869336+00:00
google_play_census,Myntra,ecommerce,com.myntra.android,in,2026-08-14,563,4.325,54,85,80,2026-09-20T16:38:59.869336+00:00
google_play_census,Myntra,ecommerce,com.myntra.android,in,2026-08-15,460,4.4326,123,56,80,2026-09-20T16:38:59.869336+00:00
google_play_census,Myntra,ecommerce,com.myntra.android,in,2026-08-16,536,4.5485,34,55,80,2026-09-20T16:38:59.869336+00:00
google_play_census,Myntra,ecommerce,com.myntra.android,in,2026-08-17,511,4.364,70,74,80,2026-09-20T16:38:59.869336+00:00
google_play_census,Myntra,ecommerce,com.myntra.android,in,2026-08-18,556,4.2572,56,95,80,2026-09-20T16:38:59.869336+00:00
google_play_census,Myntra,ecommerce,com.myntra.android,in,2026-08-19,531,4.4369,58,74,80,2026-09-20T16:38:59.869336+00:00
google_play_census,Myntra,ecommerce,com.myntra.android,in,2026-08-20,539,4.4842,41,64,80,2026-09-20T16:38:59.869336+00:00
google_play_census,Myntra,ecommerce,com.myntra.android,in,2026-08-21,523,4.3901,69,73,80,2026-09-20T16:38:59.869336+00:00
google_play_census,Myntra,ecommerce,com.myntra.android,in,2026-08-22,558,4.4319,220,70,80,2026-09-20T16:38:59.869336+00:00
google_play_census,Myntra,ecommerce,com.myntra.android,in,2026-08-23,581,4.2788,108,99,80,2026-09-20T16:38:59.869336+00:00
google_play_census,Myntra,ecommerce,com.myntra.android,in,2026-08-24,491,4.3625,67,74,80,2026-09-20T16:38:59.869336+00:00
google_play_census,Myntra,ecommerce,com.myntra.android,in,2026-08-25,451,4.3947,61,56,80,2026-09-20T16:38:59.869336+00:00
google_play_census,Myntra,ecommerce,com.myntra.android,in,2026-08-26,472,4.2797,381,80,80,2026-09-20T16:38:59.869336+00:00
google_play_census,Myntra,ecommerce,com.myntra.android,in,2026-08-27,437,4.1327,68,87,80,2026-09-20T16:38:59.869336+00:00
google_play_census,Myntra,ecommerce,com.myntra.android,in,2026-08-28,323,4.418,24,45,80,2026-09-20T16:38:59.869336+00:00
google_play_census,Myntra,ecommerce,com.myntra.android,in,2026-08-29,394,4.3223,66,64,80,2026-09-20T16:38:59.869336+00:00
google_play_census,Myntra,ecommerce,com.myntra.android,in,2026-08-30,483,4.3934,58,67,80,2026-09-20T16:38:59.869336+00:00
google_play_census,Myntra,ecommerce,com.myntra.android,in,2026-08-31,423,4.4539,243,50,80,2026-09-20T16:38:59.869336+00:00
google_play_census,Myntra,ecommerce,com.myntra.android,in,2026-09-01,552,4.4547,64,65,80,2026-09-20T16:38:59.869336+00:00
google_play_census,Myntra,ecommerce,com.myntra.android,in,2026-09-02,552,4.4511,43,72,80,2026-09-20T16:38:59.869336+00:00
google_play_census,Myntra,ecommerce,com.myntra.android,in,2026-09-03,513,4.4756,48,59,80,2026-09-20T16:38:59.869336+00:00
google_play_census,Myntra,ecommerce,com.myntra.android,in,2026-09-04,543,4.3996,63,71,80,2026-09-20T16:38:59.869336+00:00
google_play_census,Myntra,ecommerce,com.myntra.android,in,2026-09-05,527,4.5028,46,61,80,2026-09-20T16:38:59.869336+00:00
google_play_census,Myntra,ecommerce,com.myntra.android,in,2026-09-06,572,4.5839,44,55,80,2026-09-20T16:38:59.869336+00:00
google_play_census,Myntra,ecommerce,com.myntra.android,in,2026-09-07,559,4.5832,49,55,80,2026-09-20T16:38:59.869336+00:00
google_play_census,Myntra,ecommerce,com.myntra.android,in,2026-09-08,590,4.422,40,79,80,2026-09-20T16:38:59.869336+00:00
google_play_census,Myntra,ecommerce,com.myntra.android,in,2026-09-09,548,4.4416,34,69,80,2026-09-20T16:38:59.869336+00:00
google_play_census,Myntra,ecommerce,com.myntra.android,in,2026-09-10,573,4.466,28,70,80,2026-09-20T16:38:59.869336+00:00
google_play_census,Myntra,ecommerce,com.myntra.android,in,2026-09-11,594,4.3788,27,84,80,2026-09-20T16:38:59.869336+00:00
google_play_census,Myntra,ecommerce,com.myntra.android,in,2026-09-12,598,4.4649,22,74,80,2026-09-20T16:38:59.869336+00:00
google_play_census,Myntra,ecommerce,com.myntra.android,in,2026-09-13,595,4.442,17,77,80,2026-09-20T16:38:59.869336+00:00
google_play_census,Myntra,ecommerce,com.myntra.android,in,2026-09-14,501,4.515,6,58,80,2026-09-20T16:38:59.869336+00:00
google_play_census,Myntra,ecommerce,com.myntra.android,in,2026-09-15,493,4.3854,39,67,80,2026-09-20T16:38:59.869336+00:00
google_play_census,Myntra,ecommerce,com.myntra.android,in,2026-09-16,501,4.479,15,59,80,2026-09-20T16:38:59.869336+00:00
google_play_census,Myntra,ecommerce,com.myntra.android,in,2026-09-17,485,4.4165,33,62,80,2026-09-20T16:38:59.869336+00:00
google_play_census,Myntra,ecommerce,com.myntra.android,in,2026-09-18,486,4.3148,148,74,80,2026-09-20T16:38:59.869336+00:00
google_play_census,Myntra,ecommerce,com.myntra.android,in,2026-09-19,456,4.3246,14,73,80,2026-09-20T16:38:59.869336+00:00
google_play_census,Meesho,ecommerce,com.meesho.supply,in,2026-08-06,617,4.2545,103,611,80,2026-09-20T16:40:00.513361+00:00
google_play_census,Meesho,ecommerce,com.meesho.supply,in,2026-08-07,642,4.2586,126,638,80,2026-09-20T16:40:00.513361+00:00
google_play_census,Meesho,ecommerce,com.meesho.supply,in,2026-08-08,959,4.3921,204,957,80,2026-09-20T16:40:00.513361+00:00
google_play_census,Meesho,ecommerce,com.meesho.supply,in,2026-08-09,843,4.3488,1554,842,80,2026-09-20T16:40:00.513361+00:00
google_play_census,Meesho,ecommerce,com.meesho.supply,in,2026-08-10,643,4.3173,99,642,80,2026-09-20T16:40:00.513361+00:00
google_play_census,Meesho,ecommerce,com.meesho.supply,in,2026-08-11,666,4.2132,110,666,80,2026-09-20T16:40:00.513361+00:00
google_play_census,Meesho,ecommerce,com.meesho.supply,in,2026-08-12,593,4.1046,216,593,80,2026-09-20T16:40:00.513361+00:00
google_play_census,Meesho,ecommerce,com.meesho.supply,in,2026-08-13,600,4.0517,127,600,80,2026-09-20T16:40:00.513361+00:00
google_play_census,Meesho,ecommerce,com.meesho.supply,in,2026-08-14,632,4.193,86,631,80,2026-09-20T16:40:00.513361+00:00
google_play_census,Meesho,ecommerce,com.meesho.supply,in,2026-08-15,589,4.2292,80,588,80,2026-09-20T16:40:00.513361+00:00
google_play_census,Meesho,ecommerce,com.meesho.supply,in,2026-08-16,940,4.3734,152,940,80,2026-09-20T16:40:00.513361+00:00
google_play_census,Meesho,ecommerce,com.meesho.supply,in,2026-08-17,660,4.1197,209,658,80,2026-09-20T16:40:00.513361+00:00
google_play_census,Meesho,ecommerce,com.meesho.supply,in,2026-08-18,655,3.9176,164,653,80,2026-09-20T16:40:00.513361+00:00
google_play_census,Meesho,ecommerce,com.meesho.supply,in,2026-08-19,559,4.1807,170,551,80,2026-09-20T16:40:00.513361+00:00
google_play_census,Meesho,ecommerce,com.meesho.supply,in,2026-08-20,598,4.1572,189,593,80,2026-09-20T16:40:00.513361+00:00
google_play_census,Meesho,ecommerce,com.meesho.supply,in,2026-08-21,556,4.1151,162,552,80,2026-09-20T16:40:00.513361+00:00
google_play_census,Meesho,ecommerce,com.meesho.supply,in,2026-08-22,604,4.0596,129,604,80,2026-09-20T16:40:00.513361+00:00
google_play_census,Meesho,ecommerce,com.meesho.supply,in,2026-08-23,632,4.3165,102,632,80,2026-09-20T16:40:00.513361+00:00
google_play_census,Meesho,ecommerce,com.meesho.supply,in,2026-08-24,563,4.0693,125,563,80,2026-09-20T16:40:00.513361+00:00
google_play_census,Meesho,ecommerce,com.meesho.supply,in,2026-08-25,560,3.9786,95,557,80,2026-09-20T16:40:00.513361+00:00
google_play_census,Meesho,ecommerce,com.meesho.supply,in,2026-08-26,537,4.0857,118,532,80,2026-09-20T16:40:00.513361+00:00
google_play_census,Meesho,ecommerce,com.meesho.supply,in,2026-08-27,421,4.0903,63,410,80,2026-09-20T16:40:00.513361+00:00
google_play_census,Meesho,ecommerce,com.meesho.supply,in,2026-08-28,410,4.178,96,405,80,2026-09-20T16:40:00.513361+00:00
google_play_census,Meesho,ecommerce,com.meesho.supply,in,2026-08-29,507,4.1716,77,503,80,2026-09-20T16:40:00.513361+00:00
google_play_census,Meesho,ecommerce,com.meesho.supply,in,2026-08-30,604,4.0993,94,515,80,2026-09-20T16:40:00.513361+00:00
google_play_census,Meesho,ecommerce,com.meesho.supply,in,2026-08-31,547,4.181,88,523,80,2026-09-20T16:40:00.513361+00:00
google_play_census,Meesho,ecommerce,com.meesho.supply,in,2026-09-01,546,4.1172,166,528,80,2026-09-20T16:40:00.513361+00:00
google_play_census,Meesho,ecommerce,com.meesho.supply,in,2026-09-02,579,4.2504,99,574,80,2026-09-20T16:40:00.513361+00:00
google_play_census,Meesho,ecommerce,com.meesho.supply,in,2026-09-03,582,4.1203,142,575,80,2026-09-20T16:40:00.513361+00:00
google_play_census,Meesho,ecommerce,com.meesho.supply,in,2026-09-04,520,4.1923,96,513,80,2026-09-20T16:40:00.513361+00:00
google_play_census,Meesho,ecommerce,com.meesho.supply,in,2026-09-05,540,4.2778,100,538,80,2026-09-20T16:40:00.513361+00:00
google_play_census,Meesho,ecommerce,com.meesho.supply,in,2026-09-06,1113,4.3136,249,1088,80,2026-09-20T16:40:00.513361+00:00
google_play_census,Meesho,ecommerce,com.meesho.supply,in,2026-09-07,589,4.1698,559,580,80,2026-09-20T16:40:00.513361+00:00
google_play_census,Meesho,ecommerce,com.meesho.supply,in,2026-09-08,634,4.0647,75,634,80,2026-09-20T16:40:00.513361+00:00
google_play_census,Meesho,ecommerce,com.meesho.supply,in,2026-09-09,596,4.1711,76,595,80,2026-09-20T16:40:00.513361+00:00
google_play_census,Meesho,ecommerce,com.meesho.supply,in,2026-09-10,585,4.1795,64,581,80,2026-09-20T16:40:00.513361+00:00
google_play_census,Meesho,ecommerce,com.meesho.supply,in,2026-09-11,567,4.3386,148,566,80,2026-09-20T16:40:00.513361+00:00
google_play_census,Meesho,ecommerce,com.meesho.supply,in,2026-09-12,579,4.2435,65,535,80,2026-09-20T16:40:00.513361+00:00
google_play_census,Meesho,ecommerce,com.meesho.supply,in,2026-09-13,612,4.2337,53,590,80,2026-09-20T16:40:00.513361+00:00
google_play_census,Meesho,ecommerce,com.meesho.supply,in,2026-09-14,594,4.2525,38,589,80,2026-09-20T16:40:00.513361+00:00
google_play_census,Meesho,ecommerce,com.meesho.supply,in,2026-09-15,543,4.2099,76,540,80,2026-09-20T16:40:00.513361+00:00
google_play_census,Meesho,ecommerce,com.meesho.supply,in,2026-09-16,533,4.1557,47,533,80,2026-09-20T16:40:00.513361+00:00
google_play_census,Meesho,ecommerce,com.meesho.supply,in,2026-09-17,734,4.1335,50,733,80,2026-09-20T16:40:00.513361+00:00
google_play_census,Meesho,ecommerce,com.meesho.supply,in,2026-09-18,706,4.3088,61,703,80,2026-09-20T16:40:00.513361+00:00
google_play_census,Meesho,ecommerce,com.meesho.supply,in,2026-09-19,826,4.3305,51,825,80,2026-09-20T16:40:00.513361+00:00
google_play_census,Temu,ecommerce,com.einnovation.temu,us,2026-08-06,662,4.0921,401,4,80,2026-09-20T16:41:17.838634+00:00
google_play_census,Temu,ecommerce,com.einnovation.temu,us,2026-08-07,697,3.9641,741,8,80,2026-09-20T16:41:17.838634+00:00
google_play_census,Temu,ecommerce,com.einnovation.temu,us,2026-08-08,629,3.9634,340,7,80,2026-09-20T16:41:17.838634+00:00
google_play_census,Temu,ecommerce,com.einnovation.temu,us,2026-08-09,577,3.8388,333,5,80,2026-09-20T16:41:17.838634+00:00
google_play_census,Temu,ecommerce,com.einnovation.temu,us,2026-08-10,617,3.9271,463,5,80,2026-09-20T16:41:17.838634+00:00
google_play_census,Temu,ecommerce,com.einnovation.temu,us,2026-08-11,616,4.0081,2301,4,80,2026-09-20T16:41:17.838634+00:00
google_play_census,Temu,ecommerce,com.einnovation.temu,us,2026-08-12,607,4.0165,247,7,80,2026-09-20T16:41:17.838634+00:00
google_play_census,Temu,ecommerce,com.einnovation.temu,us,2026-08-13,642,4.1386,1312,5,80,2026-09-20T16:41:17.838634+00:00
google_play_census,Temu,ecommerce,com.einnovation.temu,us,2026-08-14,677,4.0251,351,6,80,2026-09-20T16:41:17.838634+00:00
google_play_census,Temu,ecommerce,com.einnovation.temu,us,2026-08-15,632,3.9241,291,6,80,2026-09-20T16:41:17.838634+00:00
google_play_census,Temu,ecommerce,com.einnovation.temu,us,2026-08-16,608,3.949,287,6,80,2026-09-20T16:41:17.838634+00:00
google_play_census,Temu,ecommerce,com.einnovation.temu,us,2026-08-17,540,4.0722,316,9,80,2026-09-20T16:41:17.838634+00:00
google_play_census,Temu,ecommerce,com.einnovation.temu,us,2026-08-18,580,3.9052,261,3,80,2026-09-20T16:41:17.838634+00:00
google_play_census,Temu,ecommerce,com.einnovation.temu,us,2026-08-19,613,4.0424,767,3,80,2026-09-20T16:41:17.838634+00:00
google_play_census,Temu,ecommerce,com.einnovation.temu,us,2026-08-20,642,3.9377,307,8,80,2026-09-20T16:41:17.838634+00:00
google_play_census,Temu,ecommerce,com.einnovation.temu,us,2026-08-21,638,4.0408,565,5,80,2026-09-20T16:41:17.838634+00:00
google_play_census,Temu,ecommerce,com.einnovation.temu,us,2026-08-22,609,3.954,266,6,80,2026-09-20T16:41:17.838634+00:00
google_play_census,Temu,ecommerce,com.einnovation.temu,us,2026-08-23,562,3.7829,169,5,80,2026-09-20T16:41:17.838634+00:00
google_play_census,Temu,ecommerce,com.einnovation.temu,us,2026-08-24,524,4.0134,250,3,80,2026-09-20T16:41:17.838634+00:00
google_play_census,Temu,ecommerce,com.einnovation.temu,us,2026-08-25,549,3.9563,190,6,80,2026-09-20T16:41:17.838634+00:00
google_play_census,Temu,ecommerce,com.einnovation.temu,us,2026-08-26,577,3.9289,322,3,80,2026-09-20T16:41:17.838634+00:00
google_play_census,Temu,ecommerce,com.einnovation.temu,us,2026-08-27,562,4.0516,1133,4,80,2026-09-20T16:41:17.838634+00:00
google_play_census,Temu,ecommerce,com.einnovation.temu,us,2026-08-28,623,4.0963,325,1,80,2026-09-20T16:41:17.838634+00:00
google_play_census,Temu,ecommerce,com.einnovation.temu,us,2026-08-29,567,4.0635,237,1,80,2026-09-20T16:41:17.838634+00:00
google_play_census,Temu,ecommerce,com.einnovation.temu,us,2026-08-30,538,3.9833,221,4,80,2026-09-20T16:41:17.838634+00:00
google_play_census,Temu,ecommerce,com.einnovation.temu,us,2026-08-31,506,3.919,385,2,80,2026-09-20T16:41:17.838634+00:00
google_play_census,Temu,ecommerce,com.einnovation.temu,us,2026-09-01,545,3.9908,157,4,80,2026-09-20T16:41:17.838634+00:00
google_play_census,Temu,ecommerce,com.einnovation.temu,us,2026-09-02,603,4.0464,266,7,80,2026-09-20T16:41:17.838634+00:00
google_play_census,Temu,ecommerce,com.einnovation.temu,us,2026-09-03,660,4.0879,210,3,80,2026-09-20T16:41:17.838634+00:00
google_play_census,Temu,ecommerce,com.einnovation.temu,us,2026-09-04,703,3.9815,1603,6,80,2026-09-20T16:41:17.838634+00:00
google_play_census,Temu,ecommerce,com.einnovation.temu,us,2026-09-05,688,3.9971,1651,4,80,2026-09-20T16:41:17.838634+00:00
google_play_census,Temu,ecommerce,com.einnovation.temu,us,2026-09-06,624,3.9904,306,5,80,2026-09-20T16:41:17.838634+00:00
google_play_census,Temu,ecommerce,com.einnovation.temu,us,2026-09-07,572,3.9336,221,4,80,2026-09-20T16:41:17.838634+00:00
google_play_census,Temu,ecommerce,com.einnovation.temu,us,2026-09-08,646,4.0604,205,6,80,2026-09-20T16:41:17.838634+00:00
google_play_census,Temu,ecommerce,com.einnovation.temu,us,2026-09-09,658,3.9742,652,8,80,2026-09-20T16:41:17.838634+00:00
google_play_census,Temu,ecommerce,com.einnovation.temu,us,2026-09-10,651,4.0353,476,5,80,2026-09-20T16:41:17.838634+00:00
google_play_census,Temu,ecommerce,com.einnovation.temu,us,2026-09-11,660,3.9591,1077,4,80,2026-09-20T16:41:17.838634+00:00
google_play_census,Temu,ecommerce,com.einnovation.temu,us,2026-09-12,708,4.0325,1036,5,80,2026-09-20T16:41:17.838634+00:00
google_play_census,Temu,ecommerce,com.einnovation.temu,us,2026-09-13,629,3.8426,358,4,80,2026-09-20T16:41:17.838634+00:00
google_play_census,Temu,ecommerce,com.einnovation.temu,us,2026-09-14,589,3.927,243,8,80,2026-09-20T16:41:17.838634+00:00
google_play_census,Temu,ecommerce,com.einnovation.temu,us,2026-09-15,684,4.0292,3610,7,80,2026-09-20T16:41:17.838634+00:00
google_play_census,Temu,ecommerce,com.einnovation.temu,us,2026-09-16,666,4.0886,258,2,80,2026-09-20T16:41:17.838634+00:00
google_play_census,Temu,ecommerce,com.einnovation.temu,us,2026-09-17,657,4.0898,136,2,80,2026-09-20T16:41:17.838634+00:00
google_play_census,Temu,ecommerce,com.einnovation.temu,us,2026-09-18,672,4.0193,79,1,80,2026-09-20T16:41:17.838634+00:00
google_play_census,Temu,ecommerce,com.einnovation.temu,us,2026-09-19,554,3.9188,252,0,80,2026-09-20T16:41:17.838634+00:00
google_play_census,Wish,ecommerce,com.contextlogic.wish,us,2026-08-07,3,3.0,0,0,3,2026-09-20T16:42:36.780791+00:00
google_play_census,Wish,ecommerce,com.contextlogic.wish,us,2026-08-09,1,5.0,1,0,1,2026-09-20T16:42:36.780791+00:00
google_play_census,Wish,ecommerce,com.contextlogic.wish,us,2026-08-10,2,5.0,1,0,2,2026-09-20T16:42:36.780791+00:00
google_play_census,Wish,ecommerce,com.contextlogic.wish,us,2026-08-11,2,5.0,1,0,2,2026-09-20T16:42:36.780791+00:00
google_play_census,Wish,ecommerce,com.contextlogic.wish,us,2026-08-12,3,3.6667,3,0,3,2026-09-20T16:42:36.780791+00:00
google_play_census,Wish,ecommerce,com.contextlogic.wish,us,2026-08-13,4,5.0,1,0,4,2026-09-20T16:42:36.780791+00:00
google_play_census,Wish,ecommerce,com.contextlogic.wish,us,2026-08-14,4,3.5,4,0,4,2026-09-20T16:42:36.780791+00:00
google_play_census,Wish,ecommerce,com.contextlogic.wish,us,2026-08-15,1,5.0,1,0,1,2026-09-20T16:42:36.780791+00:00
google_play_census,Wish,ecommerce,com.contextlogic.wish,us,2026-08-16,1,2.0,0,0,1,2026-09-20T16:42:36.780791+00:00
google_play_census,Wish,ecommerce,com.contextlogic.wish,us,2026-08-18,1,5.0,2,0,1,2026-09-20T16:42:36.780791+00:00
google_play_census,Wish,ecommerce,com.contextlogic.wish,us,2026-08-19,2,5.0,2,0,2,2026-09-20T16:42:36.780791+00:00
google_play_census,Wish,ecommerce,com.contextlogic.wish,us,2026-08-21,1,1.0,2,0,1,2026-09-20T16:42:36.780791+00:00
google_play_census,Wish,ecommerce,com.contextlogic.wish,us,2026-08-22,3,2.6667,7,0,3,2026-09-20T16:42:36.780791+00:00
google_play_census,Wish,ecommerce,com.contextlogic.wish,us,2026-08-23,1,5.0,0,0,1,2026-09-20T16:42:36.780791+00:00
google_play_census,Wish,ecommerce,com.contextlogic.wish,us,2026-08-24,1,5.0,0,0,1,2026-09-20T16:42:36.780791+00:00
google_play_census,Wish,ecommerce,com.contextlogic.wish,us,2026-08-25,1,1.0,0,0,1,2026-09-20T16:42:36.780791+00:00
google_play_census,Wish,ecommerce,com.contextlogic.wish,us,2026-08-26,1,5.0,0,0,1,2026-09-20T16:42:36.780791+00:00
google_play_census,Wish,ecommerce,com.contextlogic.wish,us,2026-08-27,1,5.0,0,0,1,2026-09-20T16:42:36.780791+00:00
google_play_census,Wish,ecommerce,com.contextlogic.wish,us,2026-08-28,2,5.0,1,0,2,2026-09-20T16:42:36.780791+00:00
google_play_census,Wish,ecommerce,com.contextlogic.wish,us,2026-08-29,1,5.0,1,0,1,2026-09-20T16:42:36.780791+00:00
google_play_census,Wish,ecommerce,com.contextlogic.wish,us,2026-08-31,1,1.0,0,0,1,2026-09-20T16:42:36.780791+00:00
google_play_census,Wish,ecommerce,com.contextlogic.wish,us,2026-09-01,1,5.0,0,0,1,2026-09-20T16:42:36.780791+00:00
google_play_census,Wish,ecommerce,com.contextlogic.wish,us,2026-09-02,2,3.0,0,0,2,2026-09-20T16:42:36.780791+00:00
google_play_census,Wish,ecommerce,com.contextlogic.wish,us,2026-09-03,1,5.0,0,0,1,2026-09-20T16:42:36.780791+00:00
google_play_census,Wish,ecommerce,com.contextlogic.wish,us,2026-09-04,4,4.0,0,0,4,2026-09-20T16:42:36.780791+00:00
google_play_census,Wish,ecommerce,com.contextlogic.wish,us,2026-09-06,1,5.0,0,0,1,2026-09-20T16:42:36.780791+00:00
google_play_census,Wish,ecommerce,com.contextlogic.wish,us,2026-09-07,2,5.0,0,0,2,2026-09-20T16:42:36.780791+00:00
google_play_census,Wish,ecommerce,com.contextlogic.wish,us,2026-09-09,4,3.5,0,0,4,2026-09-20T16:42:36.780791+00:00
google_play_census,Wish,ecommerce,com.contextlogic.wish,us,2026-09-10,1,4.0,0,0,1,2026-09-20T16:42:36.780791+00:00
google_play_census,Wish,ecommerce,com.contextlogic.wish,us,2026-09-12,1,4.0,0,0,1,2026-09-20T16:42:36.780791+00:00
google_play_census,Wish,ecommerce,com.contextlogic.wish,us,2026-09-13,4,2.0,5,1,4,2026-09-20T16:42:36.780791+00:00
google_play_census,Wish,ecommerce,com.contextlogic.wish,us,2026-09-14,3,3.6667,0,0,3,2026-09-20T16:42:36.780791+00:00
google_play_census,Wish,ecommerce,com.contextlogic.wish,us,2026-09-15,6,4.3333,1,0,6,2026-09-20T16:42:36.780791+00:00
google_play_census,Wish,ecommerce,com.contextlogic.wish,us,2026-09-17,3,3.6667,0,0,3,2026-09-20T16:42:36.780791+00:00
google_play_census,Wish,ecommerce,com.contextlogic.wish,us,2026-09-19,1,1.0,0,0,1,2026-09-20T16:42:36.780791+00:00
google_play_census,SHEIN,ecommerce,com.zzkko,us,2026-08-06,310,4.3839,109,0,80,2026-09-20T16:42:37.148323+00:00
google_play_census,SHEIN,ecommerce,com.zzkko,us,2026-08-07,276,4.3551,50,0,80,2026-09-20T16:42:37.148323+00:00
google_play_census,SHEIN,ecommerce,com.zzkko,us,2026-08-08,299,4.2709,83,1,80,2026-09-20T16:42:37.148323+00:00
google_play_census,SHEIN,ecommerce,com.zzkko,us,2026-08-09,271,4.31,49,0,80,2026-09-20T16:42:37.148323+00:00
google_play_census,SHEIN,ecommerce,com.zzkko,us,2026-08-10,261,4.2567,55,0,80,2026-09-20T16:42:37.148323+00:00
google_play_census,SHEIN,ecommerce,com.zzkko,us,2026-08-11,279,4.19,89,0,80,2026-09-20T16:42:37.148323+00:00
google_play_census,SHEIN,ecommerce,com.zzkko,us,2026-08-12,301,4.2691,46,0,80,2026-09-20T16:42:37.148323+00:00
google_play_census,SHEIN,ecommerce,com.zzkko,us,2026-08-13,262,4.1412,50,0,80,2026-09-20T16:42:37.148323+00:00
google_play_census,SHEIN,ecommerce,com.zzkko,us,2026-08-14,295,4.0407,53,1,80,2026-09-20T16:42:37.148323+00:00
google_play_census,SHEIN,ecommerce,com.zzkko,us,2026-08-15,313,4.2716,64,0,80,2026-09-20T16:42:37.148323+00:00
google_play_census,SHEIN,ecommerce,com.zzkko,us,2026-08-16,221,4.1403,338,0,80,2026-09-20T16:42:37.148323+00:00
google_play_census,SHEIN,ecommerce,com.zzkko,us,2026-08-17,274,4.1204,84,0,80,2026-09-20T16:42:37.148323+00:00
google_play_census,SHEIN,ecommerce,com.zzkko,us,2026-08-18,277,4.1227,94,0,80,2026-09-20T16:42:37.148323+00:00
google_play_census,SHEIN,ecommerce,com.zzkko,us,2026-08-19,279,4.2115,169,1,80,2026-09-20T16:42:37.148323+00:00
google_play_census,SHEIN,ecommerce,com.zzkko,us,2026-08-20,276,4.2899,55,0,80,2026-09-20T16:42:37.148323+00:00
google_play_census,SHEIN,ecommerce,com.zzkko,us,2026-08-21,278,4.3597,38,0,80,2026-09-20T16:42:37.148323+00:00
google_play_census,SHEIN,ecommerce,com.zzkko,us,2026-08-22,252,4.1032,98,0,80,2026-09-20T16:42:37.148323+00:00
google_play_census,SHEIN,ecommerce,com.zzkko,us,2026-08-23,211,4.2227,32,0,80,2026-09-20T16:42:37.148323+00:00
google_play_census,SHEIN,ecommerce,com.zzkko,us,2026-08-24,235,4.2468,76,0,80,2026-09-20T16:42:37.148323+00:00
google_play_census,SHEIN,ecommerce,com.zzkko,us,2026-08-25,234,4.3504,68,0,80,2026-09-20T16:42:37.148323+00:00
google_play_census,SHEIN,ecommerce,com.zzkko,us,2026-08-26,242,4.2562,53,1,80,2026-09-20T16:42:37.148323+00:00
google_play_census,SHEIN,ecommerce,com.zzkko,us,2026-08-27,279,4.233,56,1,80,2026-09-20T16:42:37.148323+00:00
google_play_census,SHEIN,ecommerce,com.zzkko,us,2026-08-28,251,4.3307,29,0,80,2026-09-20T16:42:37.148323+00:00
google_play_census,SHEIN,ecommerce,com.zzkko,us,2026-08-29,246,4.2886,34,0,80,2026-09-20T16:42:37.148323+00:00
google_play_census,SHEIN,ecommerce,com.zzkko,us,2026-08-30,215,4.1163,36,0,80,2026-09-20T16:42:37.148323+00:00
google_play_census,SHEIN,ecommerce,com.zzkko,us,2026-08-31,251,4.1355,29,0,80,2026-09-20T16:42:37.148323+00:00
google_play_census,SHEIN,ecommerce,com.zzkko,us,2026-09-01,285,4.3719,46,0,80,2026-09-20T16:42:37.148323+00:00
google_play_census,SHEIN,ecommerce,com.zzkko,us,2026-09-02,284,4.3204,51,1,80,2026-09-20T16:42:37.148323+00:00
google_play_census,SHEIN,ecommerce,com.zzkko,us,2026-09-03,284,4.2007,35,2,80,2026-09-20T16:42:37.148323+00:00
google_play_census,SHEIN,ecommerce,com.zzkko,us,2026-09-04,285,4.393,38,1,80,2026-09-20T16:42:37.148323+00:00
google_play_census,SHEIN,ecommerce,com.zzkko,us,2026-09-05,285,4.3579,415,1,80,2026-09-20T16:42:37.148323+00:00
google_play_census,SHEIN,ecommerce,com.zzkko,us,2026-09-06,270,4.1926,48,0,80,2026-09-20T16:42:37.148323+00:00
google_play_census,SHEIN,ecommerce,com.zzkko,us,2026-09-07,248,4.2056,43,0,80,2026-09-20T16:42:37.148323+00:00
google_play_census,SHEIN,ecommerce,com.zzkko,us,2026-09-08,282,4.3617,37,0,80,2026-09-20T16:42:37.148323+00:00
google_play_census,SHEIN,ecommerce,com.zzkko,us,2026-09-09,252,4.1984,29,0,80,2026-09-20T16:42:37.148323+00:00
google_play_census,SHEIN,ecommerce,com.zzkko,us,2026-09-10,252,4.2817,18,0,80,2026-09-20T16:42:37.148323+00:00
google_play_census,SHEIN,ecommerce,com.zzkko,us,2026-09-11,260,4.2462,32,0,80,2026-09-20T16:42:37.148323+00:00
google_play_census,SHEIN,ecommerce,com.zzkko,us,2026-09-12,250,4.292,11,0,80,2026-09-20T16:42:37.148323+00:00
google_play_census,SHEIN,ecommerce,com.zzkko,us,2026-09-13,221,4.0905,20,1,80,2026-09-20T16:42:37.148323+00:00
google_play_census,SHEIN,ecommerce,com.zzkko,us,2026-09-14,239,4.2134,291,0,80,2026-09-20T16:42:37.148323+00:00
google_play_census,SHEIN,ecommerce,com.zzkko,us,2026-09-15,233,4.3219,31,0,80,2026-09-20T16:42:37.148323+00:00
google_play_census,SHEIN,ecommerce,com.zzkko,us,2026-09-16,228,4.4035,11,0,80,2026-09-20T16:42:37.148323+00:00
google_play_census,SHEIN,ecommerce,com.zzkko,us,2026-09-17,231,4.3463,6,0,80,2026-09-20T16:42:37.148323+00:00
google_play_census,SHEIN,ecommerce,com.zzkko,us,2026-09-18,246,4.2073,13,0,80,2026-09-20T16:42:37.148323+00:00
google_play_census,SHEIN,ecommerce,com.zzkko,us,2026-09-19,224,4.1473,10,0,80,2026-09-20T16:42:37.148323+00:00
google_play_census,AliExpress,ecommerce,com.alibaba.aliexpresshd,us,2026-08-06,37,2.0,54,27,37,2026-09-20T16:43:06.610842+00:00
google_play_census,AliExpress,ecommerce,com.alibaba.aliexpresshd,us,2026-08-07,29,2.1034,22,20,29,2026-09-20T16:43:06.610842+00:00
google_play_census,AliExpress,ecommerce,com.alibaba.aliexpresshd,us,2026-08-08,28,2.5357,23,15,28,2026-09-20T16:43:06.610842+00:00
google_play_census,AliExpress,ecommerce,com.alibaba.aliexpresshd,us,2026-08-09,15,2.1333,11,10,15,2026-09-20T16:43:06.610842+00:00
google_play_census,AliExpress,ecommerce,com.alibaba.aliexpresshd,us,2026-08-10,22,2.2273,43,15,22,2026-09-20T16:43:06.610842+00:00
google_play_census,AliExpress,ecommerce,com.alibaba.aliexpresshd,us,2026-08-11,36,2.4444,19,22,36,2026-09-20T16:43:06.610842+00:00
google_play_census,AliExpress,ecommerce,com.alibaba.aliexpresshd,us,2026-08-12,31,2.7097,18,16,31,2026-09-20T16:43:06.610842+00:00
google_play_census,AliExpress,ecommerce,com.alibaba.aliexpresshd,us,2026-08-13,24,1.875,21,17,24,2026-09-20T16:43:06.610842+00:00
google_play_census,AliExpress,ecommerce,com.alibaba.aliexpresshd,us,2026-08-14,27,1.9259,55,19,27,2026-09-20T16:43:06.610842+00:00
google_play_census,AliExpress,ecommerce,com.alibaba.aliexpresshd,us,2026-08-15,32,2.0312,44,23,32,2026-09-20T16:43:06.610842+00:00
google_play_census,AliExpress,ecommerce,com.alibaba.aliexpresshd,us,2026-08-16,33,2.3636,858,21,33,2026-09-20T16:43:06.610842+00:00
google_play_census,AliExpress,ecommerce,com.alibaba.aliexpresshd,us,2026-08-17,34,2.6471,48,21,34,2026-09-20T16:43:06.610842+00:00
google_play_census,AliExpress,ecommerce,com.alibaba.aliexpresshd,us,2026-08-18,31,2.6129,17,17,31,2026-09-20T16:43:06.610842+00:00
google_play_census,AliExpress,ecommerce,com.alibaba.aliexpresshd,us,2026-08-19,34,2.8824,24,18,34,2026-09-20T16:43:06.610842+00:00
google_play_census,AliExpress,ecommerce,com.alibaba.aliexpresshd,us,2026-08-20,36,2.1389,69,24,36,2026-09-20T16:43:06.610842+00:00
google_play_census,AliExpress,ecommerce,com.alibaba.aliexpresshd,us,2026-08-21,32,2.625,21,15,32,2026-09-20T16:43:06.610842+00:00
google_play_census,AliExpress,ecommerce,com.alibaba.aliexpresshd,us,2026-08-22,32,2.3438,485,21,32,2026-09-20T16:43:06.610842+00:00
google_play_census,AliExpress,ecommerce,com.alibaba.aliexpresshd,us,2026-08-23,30,2.4667,45,19,30,2026-09-20T16:43:06.610842+00:00
google_play_census,AliExpress,ecommerce,com.alibaba.aliexpresshd,us,2026-08-24,38,2.4474,14,21,38,2026-09-20T16:43:06.610842+00:00
google_play_census,AliExpress,ecommerce,com.alibaba.aliexpresshd,us,2026-08-25,33,2.2121,29,21,33,2026-09-20T16:43:06.610842+00:00
google_play_census,AliExpress,ecommerce,com.alibaba.aliexpresshd,us,2026-08-26,39,2.6667,22,19,39,2026-09-20T16:43:06.610842+00:00
google_play_census,AliExpress,ecommerce,com.alibaba.aliexpresshd,us,2026-08-27,43,2.2093,23,28,43,2026-09-20T16:43:06.610842+00:00
google_play_census,AliExpress,ecommerce,com.alibaba.aliexpresshd,us,2026-08-28,28,2.5357,270,16,28,2026-09-20T16:43:06.610842+00:00
google_play_census,AliExpress,ecommerce,com.alibaba.aliexpresshd,us,2026-08-29,15,2.9333,12,7,15,2026-09-20T16:43:06.610842+00:00
google_play_census,AliExpress,ecommerce,com.alibaba.aliexpresshd,us,2026-08-30,23,2.913,9,11,23,2026-09-20T16:43:06.610842+00:00
google_play_census,AliExpress,ecommerce,com.alibaba.aliexpresshd,us,2026-08-31,30,2.7,80,17,30,2026-09-20T16:43:06.610842+00:00
google_play_census,AliExpress,ecommerce,com.alibaba.aliexpresshd,us,2026-09-01,29,2.4483,27,18,29,2026-09-20T16:43:06.610842+00:00
google_play_census,AliExpress,ecommerce,com.alibaba.aliexpresshd,us,2026-09-02,29,2.3103,95,18,29,2026-09-20T16:43:06.610842+00:00
google_play_census,AliExpress,ecommerce,com.alibaba.aliexpresshd,us,2026-09-03,31,2.129,18,22,31,2026-09-20T16:43:06.610842+00:00
google_play_census,AliExpress,ecommerce,com.alibaba.aliexpresshd,us,2026-09-04,44,2.3864,25,28,44,2026-09-20T16:43:06.610842+00:00
google_play_census,AliExpress,ecommerce,com.alibaba.aliexpresshd,us,2026-09-05,18,2.5,2,9,18,2026-09-20T16:43:06.610842+00:00
google_play_census,AliExpress,ecommerce,com.alibaba.aliexpresshd,us,2026-09-06,36,2.3333,38,21,36,2026-09-20T16:43:06.610842+00:00
google_play_census,AliExpress,ecommerce,com.alibaba.aliexpresshd,us,2026-09-07,30,1.9333,161,22,30,2026-09-20T16:43:06.610842+00:00
google_play_census,AliExpress,ecommerce,com.alibaba.aliexpresshd,us,2026-09-08,20,2.7,7,10,20,2026-09-20T16:43:06.610842+00:00
google_play_census,AliExpress,ecommerce,com.alibaba.aliexpresshd,us,2026-09-09,36,2.1944,27,22,36,2026-09-20T16:43:06.610842+00:00
google_play_census,AliExpress,ecommerce,com.alibaba.aliexpresshd,us,2026-09-10,33,1.9091,25,25,33,2026-09-20T16:43:06.610842+00:00
google_play_census,AliExpress,ecommerce,com.alibaba.aliexpresshd,us,2026-09-11,28,2.6786,24,14,28,2026-09-20T16:43:06.610842+00:00
google_play_census,AliExpress,ecommerce,com.alibaba.aliexpresshd,us,2026-09-12,33,2.2121,28,23,33,2026-09-20T16:43:06.610842+00:00
google_play_census,AliExpress,ecommerce,com.alibaba.aliexpresshd,us,2026-09-13,22,2.5,33,14,22,2026-09-20T16:43:06.610842+00:00
google_play_census,AliExpress,ecommerce,com.alibaba.aliexpresshd,us,2026-09-14,35,2.0857,12,22,35,2026-09-20T16:43:06.610842+00:00
google_play_census,AliExpress,ecommerce,com.alibaba.aliexpresshd,us,2026-09-15,32,2.4375,13,21,32,2026-09-20T16:43:06.610842+00:00
google_play_census,AliExpress,ecommerce,com.alibaba.aliexpresshd,us,2026-09-16,18,2.3889,11,11,18,2026-09-20T16:43:06.610842+00:00
google_play_census,AliExpress,ecommerce,com.alibaba.aliexpresshd,us,2026-09-17,37,2.2973,6,23,37,2026-09-20T16:43:06.610842+00:00
google_play_census,AliExpress,ecommerce,com.alibaba.aliexpresshd,us,2026-09-18,38,1.8421,7,29,38,2026-09-20T16:43:06.610842+00:00
google_play_census,AliExpress,ecommerce,com.alibaba.aliexpresshd,us,2026-09-19,26,3.0769,10,9,26,2026-09-20T16:43:06.610842+00:00
google_play_census,eBay,ecommerce,com.ebay.mobile,us,2026-08-06,68,4.1765,42,0,68,2026-09-20T16:43:09.558868+00:00
google_play_census,eBay,ecommerce,com.ebay.mobile,us,2026-08-07,42,3.4762,105,0,42,2026-09-20T16:43:09.558868+00:00
google_play_census,eBay,ecommerce,com.ebay.mobile,us,2026-08-08,54,3.3519,222,1,54,2026-09-20T16:43:09.558868+00:00
google_play_census,eBay,ecommerce,com.ebay.mobile,us,2026-08-09,41,3.2439,125,1,41,2026-09-20T16:43:09.558868+00:00
google_play_census,eBay,ecommerce,com.ebay.mobile,us,2026-08-10,47,3.1489,98,0,47,2026-09-20T16:43:09.558868+00:00
google_play_census,eBay,ecommerce,com.ebay.mobile,us,2026-08-11,47,3.4681,27,0,47,2026-09-20T16:43:09.558868+00:00
google_play_census,eBay,ecommerce,com.ebay.mobile,us,2026-08-12,58,3.2069,94,0,58,2026-09-20T16:43:09.558868+00:00
google_play_census,eBay,ecommerce,com.ebay.mobile,us,2026-08-13,51,3.7451,80,0,51,2026-09-20T16:43:09.558868+00:00
google_play_census,eBay,ecommerce,com.ebay.mobile,us,2026-08-14,48,3.0833,119,0,48,2026-09-20T16:43:09.558868+00:00
google_play_census,eBay,ecommerce,com.ebay.mobile,us,2026-08-15,55,3.3455,58,0,55,2026-09-20T16:43:09.558868+00:00
google_play_census,eBay,ecommerce,com.ebay.mobile,us,2026-08-16,46,3.7174,325,0,46,2026-09-20T16:43:09.558868+00:00
google_play_census,eBay,ecommerce,com.ebay.mobile,us,2026-08-17,64,3.2656,239,1,64,2026-09-20T16:43:09.558868+00:00
google_play_census,eBay,ecommerce,com.ebay.mobile,us,2026-08-18,55,3.3091,129,0,55,2026-09-20T16:43:09.558868+00:00
google_play_census,eBay,ecommerce,com.ebay.mobile,us,2026-08-19,84,2.5476,797,1,80,2026-09-20T16:43:09.558868+00:00
google_play_census,eBay,ecommerce,com.ebay.mobile,us,2026-08-20,48,3.5833,175,0,48,2026-09-20T16:43:09.558868+00:00
google_play_census,eBay,ecommerce,com.ebay.mobile,us,2026-08-21,68,3.0294,169,0,68,2026-09-20T16:43:09.558868+00:00
google_play_census,eBay,ecommerce,com.ebay.mobile,us,2026-08-22,50,3.08,97,0,50,2026-09-20T16:43:09.558868+00:00
google_play_census,eBay,ecommerce,com.ebay.mobile,us,2026-08-23,40,3.175,31,1,40,2026-09-20T16:43:09.558868+00:00
google_play_census,eBay,ecommerce,com.ebay.mobile,us,2026-08-24,54,3.1481,41,0,54,2026-09-20T16:43:09.558868+00:00
google_play_census,eBay,ecommerce,com.ebay.mobile,us,2026-08-25,61,3.082,113,0,61,2026-09-20T16:43:09.558868+00:00
google_play_census,eBay,ecommerce,com.ebay.mobile,us,2026-08-26,79,2.7342,138,2,79,2026-09-20T16:43:09.558868+00:00
google_play_census,eBay,ecommerce,com.ebay.mobile,us,2026-08-27,69,3.058,111,0,69,2026-09-20T16:43:09.558868+00:00
google_play_census,eBay,ecommerce,com.ebay.mobile,us,2026-08-28,61,2.7541,67,0,61,2026-09-20T16:43:09.558868+00:00
google_play_census,eBay,ecommerce,com.ebay.mobile,us,2026-08-29,83,2.8434,115,2,80,2026-09-20T16:43:09.558868+00:00
google_play_census,eBay,ecommerce,com.ebay.mobile,us,2026-08-30,69,3.1304,180,0,69,2026-09-20T16:43:09.558868+00:00
google_play_census,eBay,ecommerce,com.ebay.mobile,us,2026-08-31,64,3.1562,66,0,64,2026-09-20T16:43:09.558868+00:00
google_play_census,eBay,ecommerce,com.ebay.mobile,us,2026-09-01,58,3.0345,213,0,58,2026-09-20T16:43:09.558868+00:00
google_play_census,eBay,ecommerce,com.ebay.mobile,us,2026-09-02,64,2.9531,600,0,64,2026-09-20T16:43:09.558868+00:00
google_play_census,eBay,ecommerce,com.ebay.mobile,us,2026-09-03,66,3.197,209,1,66,2026-09-20T16:43:09.558868+00:00
google_play_census,eBay,ecommerce,com.ebay.mobile,us,2026-09-04,54,3.4444,163,0,54,2026-09-20T16:43:09.558868+00:00
google_play_census,eBay,ecommerce,com.ebay.mobile,us,2026-09-05,44,2.8864,34,0,44,2026-09-20T16:43:09.558868+00:00
google_play_census,eBay,ecommerce,com.ebay.mobile,us,2026-09-06,51,3.1569,56,0,51,2026-09-20T16:43:09.558868+00:00
google_play_census,eBay,ecommerce,com.ebay.mobile,us,2026-09-07,53,3.0,48,0,53,2026-09-20T16:43:09.558868+00:00
google_play_census,eBay,ecommerce,com.ebay.mobile,us,2026-09-08,56,2.9821,166,0,56,2026-09-20T16:43:09.558868+00:00
google_play_census,eBay,ecommerce,com.ebay.mobile,us,2026-09-09,44,2.8636,57,0,44,2026-09-20T16:43:09.558868+00:00
google_play_census,eBay,ecommerce,com.ebay.mobile,us,2026-09-10,56,2.6429,49,0,56,2026-09-20T16:43:09.558868+00:00
google_play_census,eBay,ecommerce,com.ebay.mobile,us,2026-09-11,81,3.358,222,1,80,2026-09-20T16:43:09.558868+00:00
google_play_census,eBay,ecommerce,com.ebay.mobile,us,2026-09-12,55,2.8364,304,0,55,2026-09-20T16:43:09.558868+00:00
google_play_census,eBay,ecommerce,com.ebay.mobile,us,2026-09-13,56,3.3393,47,0,56,2026-09-20T16:43:09.558868+00:00
google_play_census,eBay,ecommerce,com.ebay.mobile,us,2026-09-14,73,2.9863,81,0,73,2026-09-20T16:43:09.558868+00:00
google_play_census,eBay,ecommerce,com.ebay.mobile,us,2026-09-15,56,3.1071,686,0,56,2026-09-20T16:43:09.558868+00:00
google_play_census,eBay,ecommerce,com.ebay.mobile,us,2026-09-16,54,3.0741,411,0,54,2026-09-20T16:43:09.558868+00:00
google_play_census,eBay,ecommerce,com.ebay.mobile,us,2026-09-17,59,2.8983,116,1,59,2026-09-20T16:43:09.558868+00:00
google_play_census,eBay,ecommerce,com.ebay.mobile,us,2026-09-18,68,2.8088,30,0,68,2026-09-20T16:43:09.558868+00:00
google_play_census,eBay,ecommerce,com.ebay.mobile,us,2026-09-19,50,3.0,74,1,50,2026-09-20T16:43:09.558868+00:00
google_play_census,Uber,ride_hailing,com.ubercab,us,2026-08-06,460,3.8826,116,1,80,2026-09-20T16:43:15.055476+00:00
google_play_census,Uber,ride_hailing,com.ubercab,us,2026-08-07,445,3.7775,119,2,80,2026-09-20T16:43:15.055476+00:00
google_play_census,Uber,ride_hailing,com.ubercab,us,2026-08-08,457,3.9037,108,0,80,2026-09-20T16:43:15.055476+00:00
google_play_census,Uber,ride_hailing,com.ubercab,us,2026-08-09,472,4.0212,134,0,80,2026-09-20T16:43:15.055476+00:00
google_play_census,Uber,ride_hailing,com.ubercab,us,2026-08-10,505,3.8356,94,0,80,2026-09-20T16:43:15.055476+00:00
google_play_census,Uber,ride_hailing,com.ubercab,us,2026-08-11,429,3.6597,79,0,80,2026-09-20T16:43:15.055476+00:00
google_play_census,Uber,ride_hailing,com.ubercab,us,2026-08-12,459,3.8497,157,0,80,2026-09-20T16:43:15.055476+00:00
google_play_census,Uber,ride_hailing,com.ubercab,us,2026-08-13,431,3.8701,81,1,80,2026-09-20T16:43:15.055476+00:00
google_play_census,Uber,ride_hailing,com.ubercab,us,2026-08-14,453,3.8124,46,0,80,2026-09-20T16:43:15.055476+00:00
google_play_census,Uber,ride_hailing,com.ubercab,us,2026-08-15,453,3.8212,92,1,80,2026-09-20T16:43:15.055476+00:00
google_play_census,Uber,ride_hailing,com.ubercab,us,2026-08-16,442,3.7986,89,1,80,2026-09-20T16:43:15.055476+00:00
google_play_census,Uber,ride_hailing,com.ubercab,us,2026-08-17,465,3.8753,60,0,80,2026-09-20T16:43:15.055476+00:00
google_play_census,Uber,ride_hailing,com.ubercab,us,2026-08-18,473,3.8562,323,1,80,2026-09-20T16:43:15.055476+00:00
google_play_census,Uber,ride_hailing,com.ubercab,us,2026-08-19,453,3.7969,98,1,80,2026-09-20T16:43:15.055476+00:00
google_play_census,Uber,ride_hailing,com.ubercab,us,2026-08-20,436,3.7431,143,2,80,2026-09-20T16:43:15.055476+00:00
google_play_census,Uber,ride_hailing,com.ubercab,us,2026-08-21,442,3.9525,83,1,80,2026-09-20T16:43:15.055476+00:00
google_play_census,Uber,ride_hailing,com.ubercab,us,2026-08-22,499,3.9639,53,0,80,2026-09-20T16:43:15.055476+00:00
google_play_census,Uber,ride_hailing,com.ubercab,us,2026-08-23,506,4.0099,100,1,80,2026-09-20T16:43:15.055476+00:00
google_play_census,Uber,ride_hailing,com.ubercab,us,2026-08-24,517,3.7756,132,0,80,2026-09-20T16:43:15.055476+00:00
google_play_census,Uber,ride_hailing,com.ubercab,us,2026-08-25,437,3.8902,94,2,80,2026-09-20T16:43:15.055476+00:00
google_play_census,Uber,ride_hailing,com.ubercab,us,2026-08-26,440,3.7591,87,2,80,2026-09-20T16:43:15.055476+00:00
google_play_census,Uber,ride_hailing,com.ubercab,us,2026-08-27,599,3.6861,619,1,80,2026-09-20T16:43:15.055476+00:00
google_play_census,Uber,ride_hailing,com.ubercab,us,2026-08-28,572,3.799,105,0,80,2026-09-20T16:43:15.055476+00:00
google_play_census,Uber,ride_hailing,com.ubercab,us,2026-08-29,488,3.8238,94,0,80,2026-09-20T16:43:15.055476+00:00
google_play_census,Uber,ride_hailing,com.ubercab,us,2026-08-30,476,3.8824,90,0,80,2026-09-20T16:43:15.055476+00:00
google_play_census,Uber,ride_hailing,com.ubercab,us,2026-08-31,455,3.8044,84,2,80,2026-09-20T16:43:15.055476+00:00
google_play_census,Uber,ride_hailing,com.ubercab,us,2026-09-01,448,3.8929,91,0,80,2026-09-20T16:43:15.055476+00:00
google_play_census,Uber,ride_hailing,com.ubercab,us,2026-09-02,471,3.7919,110,0,80,2026-09-20T16:43:15.055476+00:00
google_play_census,Uber,ride_hailing,com.ubercab,us,2026-09-03,472,3.8581,87,0,80,2026-09-20T16:43:15.055476+00:00
google_play_census,Uber,ride_hailing,com.ubercab,us,2026-09-04,465,3.929,151,1,80,2026-09-20T16:43:15.055476+00:00
google_play_census,Uber,ride_hailing,com.ubercab,us,2026-09-05,526,3.8251,49,1,80,2026-09-20T16:43:15.055476+00:00
google_play_census,Uber,ride_hailing,com.ubercab,us,2026-09-06,531,3.9774,51,0,80,2026-09-20T16:43:15.055476+00:00
google_play_census,Uber,ride_hailing,com.ubercab,us,2026-09-07,486,3.8951,60,2,80,2026-09-20T16:43:15.055476+00:00
google_play_census,Uber,ride_hailing,com.ubercab,us,2026-09-08,460,3.7652,51,1,80,2026-09-20T16:43:15.055476+00:00
google_play_census,Uber,ride_hailing,com.ubercab,us,2026-09-09,462,3.881,41,0,80,2026-09-20T16:43:15.055476+00:00
google_play_census,Uber,ride_hailing,com.ubercab,us,2026-09-10,433,3.776,195,0,80,2026-09-20T16:43:15.055476+00:00
google_play_census,Uber,ride_hailing,com.ubercab,us,2026-09-11,476,3.855,258,1,80,2026-09-20T16:43:15.055476+00:00
google_play_census,Uber,ride_hailing,com.ubercab,us,2026-09-12,479,3.8079,23,0,80,2026-09-20T16:43:15.055476+00:00
google_play_census,Uber,ride_hailing,com.ubercab,us,2026-09-13,478,3.977,29,1,80,2026-09-20T16:43:15.055476+00:00
google_play_census,Uber,ride_hailing,com.ubercab,us,2026-09-14,485,3.7691,26,1,80,2026-09-20T16:43:15.055476+00:00
google_play_census,Uber,ride_hailing,com.ubercab,us,2026-09-15,438,3.7854,1227,0,80,2026-09-20T16:43:15.055476+00:00
google_play_census,Uber,ride_hailing,com.ubercab,us,2026-09-16,425,3.6988,61,1,80,2026-09-20T16:43:15.055476+00:00
google_play_census,Uber,ride_hailing,com.ubercab,us,2026-09-17,442,3.7873,28,0,80,2026-09-20T16:43:15.055476+00:00
google_play_census,Uber,ride_hailing,com.ubercab,us,2026-09-18,466,3.8627,129,2,80,2026-09-20T16:43:15.055476+00:00
google_play_census,Uber,ride_hailing,com.ubercab,us,2026-09-19,426,3.9718,40,0,80,2026-09-20T16:43:15.055476+00:00
google_play_census,Ola,ride_hailing,com.olacabs.customer,in,2026-08-06,39,2.1795,60,1,39,2026-09-20T16:44:11.493573+00:00
google_play_census,Ola,ride_hailing,com.olacabs.customer,in,2026-08-07,53,3.1321,17,1,53,2026-09-20T16:44:11.493573+00:00
google_play_census,Ola,ride_hailing,com.olacabs.customer,in,2026-08-08,57,3.0351,19,0,57,2026-09-20T16:44:11.493573+00:00
google_play_census,Ola,ride_hailing,com.olacabs.customer,in,2026-08-09,40,3.125,4,0,40,2026-09-20T16:44:11.493573+00:00
google_play_census,Ola,ride_hailing,com.olacabs.customer,in,2026-08-10,42,2.7619,5,0,42,2026-09-20T16:44:11.493573+00:00
google_play_census,Ola,ride_hailing,com.olacabs.customer,in,2026-08-11,50,2.72,11,1,50,2026-09-20T16:44:11.493573+00:00
google_play_census,Ola,ride_hailing,com.olacabs.customer,in,2026-08-12,41,2.6098,7,0,41,2026-09-20T16:44:11.493573+00:00
google_play_census,Ola,ride_hailing,com.olacabs.customer,in,2026-08-13,42,2.8571,3,0,42,2026-09-20T16:44:11.493573+00:00
google_play_census,Ola,ride_hailing,com.olacabs.customer,in,2026-08-14,51,2.8431,7,2,51,2026-09-20T16:44:11.493573+00:00
google_play_census,Ola,ride_hailing,com.olacabs.customer,in,2026-08-15,50,3.12,1,0,50,2026-09-20T16:44:11.493573+00:00
google_play_census,Ola,ride_hailing,com.olacabs.customer,in,2026-08-16,38,3.1842,5,1,38,2026-09-20T16:44:11.493573+00:00
google_play_census,Ola,ride_hailing,com.olacabs.customer,in,2026-08-17,42,2.881,8,0,42,2026-09-20T16:44:11.493573+00:00
google_play_census,Ola,ride_hailing,com.olacabs.customer,in,2026-08-18,44,2.5227,1,0,44,2026-09-20T16:44:11.493573+00:00
google_play_census,Ola,ride_hailing,com.olacabs.customer,in,2026-08-19,44,2.75,11,2,44,2026-09-20T16:44:11.493573+00:00
google_play_census,Ola,ride_hailing,com.olacabs.customer,in,2026-08-20,40,3.25,8,1,40,2026-09-20T16:44:11.493573+00:00
google_play_census,Ola,ride_hailing,com.olacabs.customer,in,2026-08-21,32,2.5938,12,2,32,2026-09-20T16:44:11.493573+00:00
google_play_census,Ola,ride_hailing,com.olacabs.customer,in,2026-08-22,41,1.8537,11,2,41,2026-09-20T16:44:11.493573+00:00
google_play_census,Ola,ride_hailing,com.olacabs.customer,in,2026-08-23,54,2.4074,32,0,54,2026-09-20T16:44:11.493573+00:00
google_play_census,Ola,ride_hailing,com.olacabs.customer,in,2026-08-24,45,2.3333,5,0,45,2026-09-20T16:44:11.493573+00:00
google_play_census,Ola,ride_hailing,com.olacabs.customer,in,2026-08-25,45,2.1111,10,2,45,2026-09-20T16:44:11.493573+00:00
google_play_census,Ola,ride_hailing,com.olacabs.customer,in,2026-08-26,38,3.0526,9,0,38,2026-09-20T16:44:11.493573+00:00
google_play_census,Ola,ride_hailing,com.olacabs.customer,in,2026-08-27,59,2.5254,17,2,59,2026-09-20T16:44:11.493573+00:00
google_play_census,Ola,ride_hailing,com.olacabs.customer,in,2026-08-28,62,2.5645,17,0,62,2026-09-20T16:44:11.493573+00:00
google_play_census,Ola,ride_hailing,com.olacabs.customer,in,2026-08-29,52,2.8269,6,1,52,2026-09-20T16:44:11.493573+00:00
google_play_census,Ola,ride_hailing,com.olacabs.customer,in,2026-08-30,52,2.9423,2,0,52,2026-09-20T16:44:11.493573+00:00
google_play_census,Ola,ride_hailing,com.olacabs.customer,in,2026-08-31,47,2.617,4,0,47,2026-09-20T16:44:11.493573+00:00
google_play_census,Ola,ride_hailing,com.olacabs.customer,in,2026-09-01,33,2.7576,2,0,33,2026-09-20T16:44:11.493573+00:00
google_play_census,Ola,ride_hailing,com.olacabs.customer,in,2026-09-02,43,2.7442,3,4,43,2026-09-20T16:44:11.493573+00:00
google_play_census,Ola,ride_hailing,com.olacabs.customer,in,2026-09-03,41,2.6098,31,0,41,2026-09-20T16:44:11.493573+00:00
google_play_census,Ola,ride_hailing,com.olacabs.customer,in,2026-09-04,39,2.0769,10,1,39,2026-09-20T16:44:11.493573+00:00
google_play_census,Ola,ride_hailing,com.olacabs.customer,in,2026-09-05,54,2.963,8,1,54,2026-09-20T16:44:11.493573+00:00
google_play_census,Ola,ride_hailing,com.olacabs.customer,in,2026-09-06,51,2.549,4,2,51,2026-09-20T16:44:11.493573+00:00
google_play_census,Ola,ride_hailing,com.olacabs.customer,in,2026-09-07,42,3.2143,10,2,42,2026-09-20T16:44:11.493573+00:00
google_play_census,Ola,ride_hailing,com.olacabs.customer,in,2026-09-08,35,3.1429,4,0,35,2026-09-20T16:44:11.493573+00:00
google_play_census,Ola,ride_hailing,com.olacabs.customer,in,2026-09-09,40,2.55,2,0,40,2026-09-20T16:44:11.493573+00:00
google_play_census,Ola,ride_hailing,com.olacabs.customer,in,2026-09-10,43,2.8837,1,1,43,2026-09-20T16:44:11.493573+00:00
google_play_census,Ola,ride_hailing,com.olacabs.customer,in,2026-09-11,43,2.6047,2,0,43,2026-09-20T16:44:11.493573+00:00
google_play_census,Ola,ride_hailing,com.olacabs.customer,in,2026-09-12,33,2.7273,2,0,33,2026-09-20T16:44:11.493573+00:00
google_play_census,Ola,ride_hailing,com.olacabs.customer,in,2026-09-13,52,2.6923,3,2,52,2026-09-20T16:44:11.493573+00:00
google_play_census,Ola,ride_hailing,com.olacabs.customer,in,2026-09-14,41,2.6829,0,0,41,2026-09-20T16:44:11.493573+00:00
google_play_census,Ola,ride_hailing,com.olacabs.customer,in,2026-09-15,33,2.697,8,1,33,2026-09-20T16:44:11.493573+00:00
google_play_census,Ola,ride_hailing,com.olacabs.customer,in,2026-09-16,49,2.449,9,1,49,2026-09-20T16:44:11.493573+00:00
google_play_census,Ola,ride_hailing,com.olacabs.customer,in,2026-09-17,37,2.7027,11,0,37,2026-09-20T16:44:11.493573+00:00
google_play_census,Ola,ride_hailing,com.olacabs.customer,in,2026-09-18,38,2.3684,10,1,38,2026-09-20T16:44:11.493573+00:00
google_play_census,Ola,ride_hailing,com.olacabs.customer,in,2026-09-19,43,2.7442,0,0,43,2026-09-20T16:44:11.493573+00:00
google_play_census,Lyft,ride_hailing,me.lyft.android,us,2026-08-06,33,3.5758,32,0,33,2026-09-20T16:44:15.168280+00:00
google_play_census,Lyft,ride_hailing,me.lyft.android,us,2026-08-07,35,2.8857,32,0,35,2026-09-20T16:44:15.168280+00:00
google_play_census,Lyft,ride_hailing,me.lyft.android,us,2026-08-08,18,3.2778,11,0,18,2026-09-20T16:44:15.168280+00:00
google_play_census,Lyft,ride_hailing,me.lyft.android,us,2026-08-09,27,2.7778,19,0,27,2026-09-20T16:44:15.168280+00:00
google_play_census,Lyft,ride_hailing,me.lyft.android,us,2026-08-10,26,2.9615,6,0,26,2026-09-20T16:44:15.168280+00:00
google_play_census,Lyft,ride_hailing,me.lyft.android,us,2026-08-11,26,3.5385,20,0,26,2026-09-20T16:44:15.168280+00:00
google_play_census,Lyft,ride_hailing,me.lyft.android,us,2026-08-12,22,2.6364,14,0,22,2026-09-20T16:44:15.168280+00:00
google_play_census,Lyft,ride_hailing,me.lyft.android,us,2026-08-13,25,3.52,28,0,25,2026-09-20T16:44:15.168280+00:00
google_play_census,Lyft,ride_hailing,me.lyft.android,us,2026-08-14,26,2.8462,17,0,26,2026-09-20T16:44:15.168280+00:00
google_play_census,Lyft,ride_hailing,me.lyft.android,us,2026-08-15,20,4.05,79,0,20,2026-09-20T16:44:15.168280+00:00
google_play_census,Lyft,ride_hailing,me.lyft.android,us,2026-08-16,23,3.2174,20,0,23,2026-09-20T16:44:15.168280+00:00
google_play_census,Lyft,ride_hailing,me.lyft.android,us,2026-08-17,20,2.6,145,0,20,2026-09-20T16:44:15.168280+00:00
google_play_census,Lyft,ride_hailing,me.lyft.android,us,2026-08-18,20,3.15,14,1,20,2026-09-20T16:44:15.168280+00:00
google_play_census,Lyft,ride_hailing,me.lyft.android,us,2026-08-19,30,2.9667,10,0,30,2026-09-20T16:44:15.168280+00:00
google_play_census,Lyft,ride_hailing,me.lyft.android,us,2026-08-20,18,2.5556,50,0,18,2026-09-20T16:44:15.168280+00:00
google_play_census,Lyft,ride_hailing,me.lyft.android,us,2026-08-21,28,2.3571,162,0,28,2026-09-20T16:44:15.168280+00:00
google_play_census,Lyft,ride_hailing,me.lyft.android,us,2026-08-22,25,3.0,3,0,25,2026-09-20T16:44:15.168280+00:00
google_play_census,Lyft,ride_hailing,me.lyft.android,us,2026-08-23,27,3.5556,4,0,27,2026-09-20T16:44:15.168280+00:00
google_play_census,Lyft,ride_hailing,me.lyft.android,us,2026-08-24,22,3.0,21,0,22,2026-09-20T16:44:15.168280+00:00
google_play_census,Lyft,ride_hailing,me.lyft.android,us,2026-08-25,33,3.0,23,0,33,2026-09-20T16:44:15.168280+00:00
google_play_census,Lyft,ride_hailing,me.lyft.android,us,2026-08-26,23,3.3478,21,0,23,2026-09-20T16:44:15.168280+00:00
google_play_census,Lyft,ride_hailing,me.lyft.android,us,2026-08-27,20,2.65,9,0,20,2026-09-20T16:44:15.168280+00:00
google_play_census,Lyft,ride_hailing,me.lyft.android,us,2026-08-28,33,3.2121,23,0,33,2026-09-20T16:44:15.168280+00:00
google_play_census,Lyft,ride_hailing,me.lyft.android,us,2026-08-29,26,3.0,9,0,26,2026-09-20T16:44:15.168280+00:00
google_play_census,Lyft,ride_hailing,me.lyft.android,us,2026-08-30,23,2.5217,18,0,23,2026-09-20T16:44:15.168280+00:00
google_play_census,Lyft,ride_hailing,me.lyft.android,us,2026-08-31,25,3.48,20,0,25,2026-09-20T16:44:15.168280+00:00
google_play_census,Lyft,ride_hailing,me.lyft.android,us,2026-09-01,17,3.1176,153,0,17,2026-09-20T16:44:15.168280+00:00
google_play_census,Lyft,ride_hailing,me.lyft.android,us,2026-09-02,23,3.4348,8,0,23,2026-09-20T16:44:15.168280+00:00
google_play_census,Lyft,ride_hailing,me.lyft.android,us,2026-09-03,26,2.8846,17,0,26,2026-09-20T16:44:15.168280+00:00
google_play_census,Lyft,ride_hailing,me.lyft.android,us,2026-09-04,32,2.7812,22,0,32,2026-09-20T16:44:15.168280+00:00
google_play_census,Lyft,ride_hailing,me.lyft.android,us,2026-09-05,33,2.1818,25,0,33,2026-09-20T16:44:15.168280+00:00
google_play_census,Lyft,ride_hailing,me.lyft.android,us,2026-09-06,31,2.5806,3,0,31,2026-09-20T16:44:15.168280+00:00
google_play_census,Lyft,ride_hailing,me.lyft.android,us,2026-09-07,19,2.3684,8,0,19,2026-09-20T16:44:15.168280+00:00
google_play_census,Lyft,ride_hailing,me.lyft.android,us,2026-09-08,25,2.04,42,0,25,2026-09-20T16:44:15.168280+00:00
google_play_census,Lyft,ride_hailing,me.lyft.android,us,2026-09-09,27,2.6667,29,0,27,2026-09-20T16:44:15.168280+00:00
google_play_census,Lyft,ride_hailing,me.lyft.android,us,2026-09-10,26,2.6154,7,0,26,2026-09-20T16:44:15.168280+00:00
google_play_census,Lyft,ride_hailing,me.lyft.android,us,2026-09-11,26,2.4615,9,0,26,2026-09-20T16:44:15.168280+00:00
google_play_census,Lyft,ride_hailing,me.lyft.android,us,2026-09-12,23,2.087,10,0,23,2026-09-20T16:44:15.168280+00:00
google_play_census,Lyft,ride_hailing,me.lyft.android,us,2026-09-13,31,2.4194,7,0,31,2026-09-20T16:44:15.168280+00:00
google_play_census,Lyft,ride_hailing,me.lyft.android,us,2026-09-14,35,2.8571,5,0,35,2026-09-20T16:44:15.168280+00:00
google_play_census,Lyft,ride_hailing,me.lyft.android,us,2026-09-15,27,2.0741,15,0,27,2026-09-20T16:44:15.168280+00:00
google_play_census,Lyft,ride_hailing,me.lyft.android,us,2026-09-16,27,2.4815,11,0,27,2026-09-20T16:44:15.168280+00:00
google_play_census,Lyft,ride_hailing,me.lyft.android,us,2026-09-17,21,2.8095,22,0,21,2026-09-20T16:44:15.168280+00:00
google_play_census,Lyft,ride_hailing,me.lyft.android,us,2026-09-18,35,1.9143,4,0,35,2026-09-20T16:44:15.168280+00:00
google_play_census,Lyft,ride_hailing,me.lyft.android,us,2026-09-19,24,2.25,13,0,24,2026-09-20T16:44:15.168280+00:00
google_play_census,Rapido,ride_hailing,com.rapido.passenger,in,2026-08-06,371,3.814,1021,333,80,2026-09-20T16:44:17.610563+00:00
google_play_census,Rapido,ride_hailing,com.rapido.passenger,in,2026-08-07,411,3.3114,91,366,80,2026-09-20T16:44:17.610563+00:00
google_play_census,Rapido,ride_hailing,com.rapido.passenger,in,2026-08-08,398,3.7638,287,343,80,2026-09-20T16:44:17.610563+00:00
google_play_census,Rapido,ride_hailing,com.rapido.passenger,in,2026-08-09,362,3.8867,85,329,80,2026-09-20T16:44:17.610563+00:00
google_play_census,Rapido,ride_hailing,com.rapido.passenger,in,2026-08-10,435,3.4414,101,393,80,2026-09-20T16:44:17.610563+00:00
google_play_census,Rapido,ride_hailing,com.rapido.passenger,in,2026-08-11,392,3.4388,50,366,80,2026-09-20T16:44:17.610563+00:00
google_play_census,Rapido,ride_hailing,com.rapido.passenger,in,2026-08-12,378,3.6772,64,358,80,2026-09-20T16:44:17.610563+00:00
google_play_census,Rapido,ride_hailing,com.rapido.passenger,in,2026-08-13,403,3.5558,66,349,80,2026-09-20T16:44:17.610563+00:00
google_play_census,Rapido,ride_hailing,com.rapido.passenger,in,2026-08-14,428,3.1589,181,378,80,2026-09-20T16:44:17.610563+00:00
google_play_census,Rapido,ride_hailing,com.rapido.passenger,in,2026-08-15,345,3.6957,48,306,80,2026-09-20T16:44:17.610563+00:00
google_play_census,Rapido,ride_hailing,com.rapido.passenger,in,2026-08-16,388,3.5206,145,325,80,2026-09-20T16:44:17.610563+00:00
google_play_census,Rapido,ride_hailing,com.rapido.passenger,in,2026-08-17,652,2.8942,47,418,80,2026-09-20T16:44:17.610563+00:00
google_play_census,Rapido,ride_hailing,com.rapido.passenger,in,2026-08-18,1028,2.2315,72,417,80,2026-09-20T16:44:17.610563+00:00
google_play_census,Rapido,ride_hailing,com.rapido.passenger,in,2026-08-19,880,2.0727,708,266,80,2026-09-20T16:44:17.610563+00:00
google_play_census,Rapido,ride_hailing,com.rapido.passenger,in,2026-08-20,555,2.645,50,256,80,2026-09-20T16:44:17.610563+00:00
google_play_census,Rapido,ride_hailing,com.rapido.passenger,in,2026-08-21,426,3.4437,84,281,80,2026-09-20T16:44:17.610563+00:00
google_play_census,Rapido,ride_hailing,com.rapido.passenger,in,2026-08-22,425,3.6235,92,369,80,2026-09-20T16:44:17.610563+00:00
google_play_census,Rapido,ride_hailing,com.rapido.passenger,in,2026-08-23,374,3.6283,99,301,80,2026-09-20T16:44:17.610563+00:00
google_play_census,Rapido,ride_hailing,com.rapido.passenger,in,2026-08-24,460,3.5239,57,362,80,2026-09-20T16:44:17.610563+00:00
google_play_census,Rapido,ride_hailing,com.rapido.passenger,in,2026-08-25,397,3.3501,79,288,80,2026-09-20T16:44:17.610563+00:00
google_play_census,Rapido,ride_hailing,com.rapido.passenger,in,2026-08-26,375,3.7973,110,286,80,2026-09-20T16:44:17.610563+00:00
google_play_census,Rapido,ride_hailing,com.rapido.passenger,in,2026-08-27,665,2.6617,138,310,80,2026-09-20T16:44:17.610563+00:00
google_play_census,Rapido,ride_hailing,com.rapido.passenger,in,2026-08-28,452,3.2279,81,345,80,2026-09-20T16:44:17.610563+00:00
google_play_census,Rapido,ride_hailing,com.rapido.passenger,in,2026-08-29,375,3.5733,52,326,80,2026-09-20T16:44:17.610563+00:00
google_play_census,Rapido,ride_hailing,com.rapido.passenger,in,2026-08-30,430,3.686,97,340,80,2026-09-20T16:44:17.610563+00:00
google_play_census,Rapido,ride_hailing,com.rapido.passenger,in,2026-08-31,432,3.706,67,343,80,2026-09-20T16:44:17.610563+00:00
google_play_census,Rapido,ride_hailing,com.rapido.passenger,in,2026-09-01,393,3.5191,49,287,80,2026-09-20T16:44:17.610563+00:00
google_play_census,Rapido,ride_hailing,com.rapido.passenger,in,2026-09-02,389,3.7121,75,307,80,2026-09-20T16:44:17.610563+00:00
google_play_census,Rapido,ride_hailing,com.rapido.passenger,in,2026-09-03,435,3.7011,60,351,80,2026-09-20T16:44:17.610563+00:00
google_play_census,Rapido,ride_hailing,com.rapido.passenger,in,2026-09-04,358,3.8436,63,280,80,2026-09-20T16:44:17.610563+00:00
google_play_census,Rapido,ride_hailing,com.rapido.passenger,in,2026-09-05,372,3.8091,72,295,80,2026-09-20T16:44:17.610563+00:00
google_play_census,Rapido,ride_hailing,com.rapido.passenger,in,2026-09-06,336,3.7619,61,258,80,2026-09-20T16:44:17.610563+00:00
google_play_census,Rapido,ride_hailing,com.rapido.passenger,in,2026-09-07,389,3.6067,79,294,80,2026-09-20T16:44:17.610563+00:00
google_play_census,Rapido,ride_hailing,com.rapido.passenger,in,2026-09-08,399,3.6491,49,283,80,2026-09-20T16:44:17.610563+00:00
google_play_census,Rapido,ride_hailing,com.rapido.passenger,in,2026-09-09,384,3.7578,48,285,80,2026-09-20T16:44:17.610563+00:00
google_play_census,Rapido,ride_hailing,com.rapido.passenger,in,2026-09-10,353,3.8442,58,251,80,2026-09-20T16:44:17.610563+00:00
google_play_census,Rapido,ride_hailing,com.rapido.passenger,in,2026-09-11,339,3.7139,49,252,80,2026-09-20T16:44:17.610563+00:00
google_play_census,Rapido,ride_hailing,com.rapido.passenger,in,2026-09-12,357,3.6527,31,260,80,2026-09-20T16:44:17.610563+00:00
google_play_census,Rapido,ride_hailing,com.rapido.passenger,in,2026-09-13,362,3.7155,65,242,80,2026-09-20T16:44:17.610563+00:00
google_play_census,Rapido,ride_hailing,com.rapido.passenger,in,2026-09-14,396,3.5909,22,257,80,2026-09-20T16:44:17.610563+00:00
google_play_census,Rapido,ride_hailing,com.rapido.passenger,in,2026-09-15,356,3.7865,29,267,80,2026-09-20T16:44:17.610563+00:00
google_play_census,Rapido,ride_hailing,com.rapido.passenger,in,2026-09-16,415,3.5494,19,291,80,2026-09-20T16:44:17.610563+00:00
google_play_census,Rapido,ride_hailing,com.rapido.passenger,in,2026-09-17,368,3.5842,17,272,80,2026-09-20T16:44:17.610563+00:00
google_play_census,Rapido,ride_hailing,com.rapido.passenger,in,2026-09-18,369,3.8022,15,286,80,2026-09-20T16:44:17.610563+00:00
google_play_census,Rapido,ride_hailing,com.rapido.passenger,in,2026-09-19,344,3.7384,16,266,80,2026-09-20T16:44:17.610563+00:00
google_play_census,IndiGo,airline,in.goindigo.android,in,2026-08-06,2,2.0,2,0,2,2026-09-20T16:45:11.716491+00:00
google_play_census,IndiGo,airline,in.goindigo.android,in,2026-08-07,6,1.1667,3,0,6,2026-09-20T16:45:11.716491+00:00
google_play_census,IndiGo,airline,in.goindigo.android,in,2026-08-08,2,1.0,0,0,2,2026-09-20T16:45:11.716491+00:00
google_play_census,IndiGo,airline,in.goindigo.android,in,2026-08-09,5,1.2,93,0,5,2026-09-20T16:45:11.716491+00:00
google_play_census,IndiGo,airline,in.goindigo.android,in,2026-08-11,1,1.0,177,0,1,2026-09-20T16:45:11.716491+00:00
google_play_census,IndiGo,airline,in.goindigo.android,in,2026-08-12,1,3.0,0,0,1,2026-09-20T16:45:11.716491+00:00
google_play_census,IndiGo,airline,in.goindigo.android,in,2026-08-13,3,1.0,18,0,3,2026-09-20T16:45:11.716491+00:00
google_play_census,IndiGo,airline,in.goindigo.android,in,2026-08-14,3,1.0,0,0,3,2026-09-20T16:45:11.716491+00:00
google_play_census,IndiGo,airline,in.goindigo.android,in,2026-08-15,1,1.0,0,0,1,2026-09-20T16:45:11.716491+00:00
google_play_census,IndiGo,airline,in.goindigo.android,in,2026-08-16,2,2.0,2,0,2,2026-09-20T16:45:11.716491+00:00
google_play_census,IndiGo,airline,in.goindigo.android,in,2026-08-17,4,2.0,1,0,4,2026-09-20T16:45:11.716491+00:00
google_play_census,IndiGo,airline,in.goindigo.android,in,2026-08-18,2,4.0,3,0,2,2026-09-20T16:45:11.716491+00:00
google_play_census,IndiGo,airline,in.goindigo.android,in,2026-08-19,9,1.3333,6,0,9,2026-09-20T16:45:11.716491+00:00
google_play_census,IndiGo,airline,in.goindigo.android,in,2026-08-20,1,1.0,2,0,1,2026-09-20T16:45:11.716491+00:00
google_play_census,IndiGo,airline,in.goindigo.android,in,2026-08-21,3,1.0,0,0,3,2026-09-20T16:45:11.716491+00:00
google_play_census,IndiGo,airline,in.goindigo.android,in,2026-08-22,4,1.0,3,0,4,2026-09-20T16:45:11.716491+00:00
google_play_census,IndiGo,airline,in.goindigo.android,in,2026-08-23,2,1.0,6,0,2,2026-09-20T16:45:11.716491+00:00
google_play_census,IndiGo,airline,in.goindigo.android,in,2026-08-24,5,1.2,18,0,5,2026-09-20T16:45:11.716491+00:00
google_play_census,IndiGo,airline,in.goindigo.android,in,2026-08-26,3,1.0,3,0,3,2026-09-20T16:45:11.716491+00:00
google_play_census,IndiGo,airline,in.goindigo.android,in,2026-08-27,1,2.0,3,0,1,2026-09-20T16:45:11.716491+00:00
google_play_census,IndiGo,airline,in.goindigo.android,in,2026-08-28,3,1.3333,7,0,3,2026-09-20T16:45:11.716491+00:00
google_play_census,IndiGo,airline,in.goindigo.android,in,2026-08-29,2,1.0,0,0,2,2026-09-20T16:45:11.716491+00:00
google_play_census,IndiGo,airline,in.goindigo.android,in,2026-08-30,1,1.0,0,0,1,2026-09-20T16:45:11.716491+00:00
google_play_census,IndiGo,airline,in.goindigo.android,in,2026-08-31,4,1.25,1,0,4,2026-09-20T16:45:11.716491+00:00
google_play_census,IndiGo,airline,in.goindigo.android,in,2026-09-01,3,1.3333,6,2,3,2026-09-20T16:45:11.716491+00:00
google_play_census,IndiGo,airline,in.goindigo.android,in,2026-09-02,2,2.5,0,0,2,2026-09-20T16:45:11.716491+00:00
google_play_census,IndiGo,airline,in.goindigo.android,in,2026-09-03,2,1.0,1,0,2,2026-09-20T16:45:11.716491+00:00
google_play_census,IndiGo,airline,in.goindigo.android,in,2026-09-06,3,2.0,0,0,3,2026-09-20T16:45:11.716491+00:00
google_play_census,IndiGo,airline,in.goindigo.android,in,2026-09-07,1,1.0,1,0,1,2026-09-20T16:45:11.716491+00:00
google_play_census,IndiGo,airline,in.goindigo.android,in,2026-09-08,1,5.0,0,0,1,2026-09-20T16:45:11.716491+00:00
google_play_census,IndiGo,airline,in.goindigo.android,in,2026-09-09,4,1.25,6,0,4,2026-09-20T16:45:11.716491+00:00
google_play_census,IndiGo,airline,in.goindigo.android,in,2026-09-10,3,1.0,4,0,3,2026-09-20T16:45:11.716491+00:00
google_play_census,IndiGo,airline,in.goindigo.android,in,2026-09-11,1,1.0,2,0,1,2026-09-20T16:45:11.716491+00:00
google_play_census,IndiGo,airline,in.goindigo.android,in,2026-09-12,2,1.5,2,0,2,2026-09-20T16:45:11.716491+00:00
google_play_census,IndiGo,airline,in.goindigo.android,in,2026-09-13,5,2.6,2,0,5,2026-09-20T16:45:11.716491+00:00
google_play_census,IndiGo,airline,in.goindigo.android,in,2026-09-14,5,2.0,3,0,5,2026-09-20T16:45:11.716491+00:00
google_play_census,IndiGo,airline,in.goindigo.android,in,2026-09-15,5,1.8,1,0,5,2026-09-20T16:45:11.716491+00:00
google_play_census,IndiGo,airline,in.goindigo.android,in,2026-09-16,1,1.0,0,0,1,2026-09-20T16:45:11.716491+00:00
google_play_census,IndiGo,airline,in.goindigo.android,in,2026-09-17,5,1.6,0,0,5,2026-09-20T16:45:11.716491+00:00
google_play_census,IndiGo,airline,in.goindigo.android,in,2026-09-18,1,1.0,0,0,1,2026-09-20T16:45:11.716491+00:00
google_play_census,IndiGo,airline,in.goindigo.android,in,2026-09-19,3,1.0,1,0,3,2026-09-20T16:45:11.716491+00:00
google_play_census,United,airline,com.united.mobile.android,us,2026-08-06,18,3.3889,1,0,18,2026-09-20T16:45:12.020116+00:00
google_play_census,United,airline,com.united.mobile.android,us,2026-08-07,21,3.7619,2,0,21,2026-09-20T16:45:12.020116+00:00
google_play_census,United,airline,com.united.mobile.android,us,2026-08-08,19,2.8421,16,0,19,2026-09-20T16:45:12.020116+00:00
google_play_census,United,airline,com.united.mobile.android,us,2026-08-09,16,2.1875,9,0,16,2026-09-20T16:45:12.020116+00:00
google_play_census,United,airline,com.united.mobile.android,us,2026-08-10,21,2.9048,15,0,21,2026-09-20T16:45:12.020116+00:00
google_play_census,United,airline,com.united.mobile.android,us,2026-08-11,23,2.913,25,0,23,2026-09-20T16:45:12.020116+00:00
google_play_census,United,airline,com.united.mobile.android,us,2026-08-12,16,4.0625,8,0,16,2026-09-20T16:45:12.020116+00:00
google_play_census,United,airline,com.united.mobile.android,us,2026-08-13,17,3.1765,5,0,17,2026-09-20T16:45:12.020116+00:00
google_play_census,United,airline,com.united.mobile.android,us,2026-08-14,25,3.76,4,0,25,2026-09-20T16:45:12.020116+00:00
google_play_census,United,airline,com.united.mobile.android,us,2026-08-15,17,2.9412,7,0,17,2026-09-20T16:45:12.020116+00:00
google_play_census,United,airline,com.united.mobile.android,us,2026-08-16,12,3.0833,6,0,12,2026-09-20T16:45:12.020116+00:00
google_play_census,United,airline,com.united.mobile.android,us,2026-08-17,24,3.0,13,0,24,2026-09-20T16:45:12.020116+00:00
google_play_census,United,airline,com.united.mobile.android,us,2026-08-18,16,3.0625,2,0,16,2026-09-20T16:45:12.020116+00:00
google_play_census,United,airline,com.united.mobile.android,us,2026-08-19,15,3.0667,3,0,15,2026-09-20T16:45:12.020116+00:00
google_play_census,United,airline,com.united.mobile.android,us,2026-08-20,18,2.8889,14,0,18,2026-09-20T16:45:12.020116+00:00
google_play_census,United,airline,com.united.mobile.android,us,2026-08-21,19,3.7368,7,0,19,2026-09-20T16:45:12.020116+00:00
google_play_census,United,airline,com.united.mobile.android,us,2026-08-22,22,2.8182,3,0,22,2026-09-20T16:45:12.020116+00:00
google_play_census,United,airline,com.united.mobile.android,us,2026-08-23,21,2.8095,7,0,21,2026-09-20T16:45:12.020116+00:00
google_play_census,United,airline,com.united.mobile.android,us,2026-08-24,20,3.6,6,0,20,2026-09-20T16:45:12.020116+00:00
google_play_census,United,airline,com.united.mobile.android,us,2026-08-25,8,2.625,5,0,8,2026-09-20T16:45:12.020116+00:00
google_play_census,United,airline,com.united.mobile.android,us,2026-08-26,8,2.25,4,0,8,2026-09-20T16:45:12.020116+00:00
google_play_census,United,airline,com.united.mobile.android,us,2026-08-27,25,3.72,6,0,25,2026-09-20T16:45:12.020116+00:00
google_play_census,United,airline,com.united.mobile.android,us,2026-08-28,22,2.4545,15,0,22,2026-09-20T16:45:12.020116+00:00
google_play_census,United,airline,com.united.mobile.android,us,2026-08-29,17,3.1176,10,0,17,2026-09-20T16:45:12.020116+00:00
google_play_census,United,airline,com.united.mobile.android,us,2026-08-30,16,3.75,5,0,16,2026-09-20T16:45:12.020116+00:00
google_play_census,United,airline,com.united.mobile.android,us,2026-08-31,16,3.4375,3,0,16,2026-09-20T16:45:12.020116+00:00
google_play_census,United,airline,com.united.mobile.android,us,2026-09-01,18,3.5556,3,0,18,2026-09-20T16:45:12.020116+00:00
google_play_census,United,airline,com.united.mobile.android,us,2026-09-02,15,3.1333,1,0,15,2026-09-20T16:45:12.020116+00:00
google_play_census,United,airline,com.united.mobile.android,us,2026-09-03,21,3.3333,4,0,21,2026-09-20T16:45:12.020116+00:00
google_play_census,United,airline,com.united.mobile.android,us,2026-09-04,20,3.5,2,0,20,2026-09-20T16:45:12.020116+00:00
google_play_census,United,airline,com.united.mobile.android,us,2026-09-05,22,2.8182,0,0,22,2026-09-20T16:45:12.020116+00:00
google_play_census,United,airline,com.united.mobile.android,us,2026-09-06,14,3.8571,0,0,14,2026-09-20T16:45:12.020116+00:00
google_play_census,United,airline,com.united.mobile.android,us,2026-09-07,17,3.3529,3,0,17,2026-09-20T16:45:12.020116+00:00
google_play_census,United,airline,com.united.mobile.android,us,2026-09-08,20,3.75,2,0,20,2026-09-20T16:45:12.020116+00:00
google_play_census,United,airline,com.united.mobile.android,us,2026-09-09,22,3.3636,0,0,22,2026-09-20T16:45:12.020116+00:00
google_play_census,United,airline,com.united.mobile.android,us,2026-09-10,21,3.0952,0,0,21,2026-09-20T16:45:12.020116+00:00
google_play_census,United,airline,com.united.mobile.android,us,2026-09-11,18,3.7778,1,0,18,2026-09-20T16:45:12.020116+00:00
google_play_census,United,airline,com.united.mobile.android,us,2026-09-12,15,3.8667,8,0,15,2026-09-20T16:45:12.020116+00:00
google_play_census,United,airline,com.united.mobile.android,us,2026-09-13,15,3.5333,1,0,15,2026-09-20T16:45:12.020116+00:00
google_play_census,United,airline,com.united.mobile.android,us,2026-09-14,21,4.0952,0,0,21,2026-09-20T16:45:12.020116+00:00
google_play_census,United,airline,com.united.mobile.android,us,2026-09-15,22,3.4091,0,0,22,2026-09-20T16:45:12.020116+00:00
google_play_census,United,airline,com.united.mobile.android,us,2026-09-16,21,4.1429,0,0,21,2026-09-20T16:45:12.020116+00:00
google_play_census,United,airline,com.united.mobile.android,us,2026-09-17,10,4.3,0,0,10,2026-09-20T16:45:12.020116+00:00
google_play_census,United,airline,com.united.mobile.android,us,2026-09-18,24,3.7917,2,0,24,2026-09-20T16:45:12.020116+00:00
google_play_census,United,airline,com.united.mobile.android,us,2026-09-19,25,3.76,0,0,25,2026-09-20T16:45:12.020116+00:00
google_play_census,Delta,airline,com.delta.mobile.android,us,2026-08-06,18,3.7778,3,0,18,2026-09-20T16:45:13.837610+00:00
google_play_census,Delta,airline,com.delta.mobile.android,us,2026-08-07,11,3.1818,1,0,11,2026-09-20T16:45:13.837610+00:00
google_play_census,Delta,airline,com.delta.mobile.android,us,2026-08-08,11,3.4545,1,0,11,2026-09-20T16:45:13.837610+00:00
google_play_census,Delta,airline,com.delta.mobile.android,us,2026-08-09,18,3.5,2,0,18,2026-09-20T16:45:13.837610+00:00
google_play_census,Delta,airline,com.delta.mobile.android,us,2026-08-10,9,3.7778,0,0,9,2026-09-20T16:45:13.837610+00:00
google_play_census,Delta,airline,com.delta.mobile.android,us,2026-08-11,9,3.6667,0,0,9,2026-09-20T16:45:13.837610+00:00
google_play_census,Delta,airline,com.delta.mobile.android,us,2026-08-12,10,3.1,0,0,10,2026-09-20T16:45:13.837610+00:00
google_play_census,Delta,airline,com.delta.mobile.android,us,2026-08-13,8,4.25,0,0,8,2026-09-20T16:45:13.837610+00:00
google_play_census,Delta,airline,com.delta.mobile.android,us,2026-08-14,16,3.8125,2,0,16,2026-09-20T16:45:13.837610+00:00
google_play_census,Delta,airline,com.delta.mobile.android,us,2026-08-15,11,3.3636,1,0,11,2026-09-20T16:45:13.837610+00:00
google_play_census,Delta,airline,com.delta.mobile.android,us,2026-08-16,17,2.8824,1,0,17,2026-09-20T16:45:13.837610+00:00
google_play_census,Delta,airline,com.delta.mobile.android,us,2026-08-17,9,3.6667,0,0,9,2026-09-20T16:45:13.837610+00:00
google_play_census,Delta,airline,com.delta.mobile.android,us,2026-08-18,19,2.8421,9,0,19,2026-09-20T16:45:13.837610+00:00
google_play_census,Delta,airline,com.delta.mobile.android,us,2026-08-19,13,3.6923,0,0,13,2026-09-20T16:45:13.837610+00:00
google_play_census,Delta,airline,com.delta.mobile.android,us,2026-08-20,17,3.2353,0,0,17,2026-09-20T16:45:13.837610+00:00
google_play_census,Delta,airline,com.delta.mobile.android,us,2026-08-21,19,3.0,10,0,19,2026-09-20T16:45:13.837610+00:00
google_play_census,Delta,airline,com.delta.mobile.android,us,2026-08-22,12,3.6667,0,0,12,2026-09-20T16:45:13.837610+00:00
google_play_census,Delta,airline,com.delta.mobile.android,us,2026-08-23,10,2.5,4,0,10,2026-09-20T16:45:13.837610+00:00
google_play_census,Delta,airline,com.delta.mobile.android,us,2026-08-24,19,3.2105,1,0,19,2026-09-20T16:45:13.837610+00:00
google_play_census,Delta,airline,com.delta.mobile.android,us,2026-08-25,9,3.3333,4,0,9,2026-09-20T16:45:13.837610+00:00
google_play_census,Delta,airline,com.delta.mobile.android,us,2026-08-26,17,3.7647,124,0,17,2026-09-20T16:45:13.837610+00:00
google_play_census,Delta,airline,com.delta.mobile.android,us,2026-08-27,12,2.0833,13,0,12,2026-09-20T16:45:13.837610+00:00
google_play_census,Delta,airline,com.delta.mobile.android,us,2026-08-28,17,3.1765,3,0,17,2026-09-20T16:45:13.837610+00:00
google_play_census,Delta,airline,com.delta.mobile.android,us,2026-08-29,9,4.5556,1,0,9,2026-09-20T16:45:13.837610+00:00
google_play_census,Delta,airline,com.delta.mobile.android,us,2026-08-30,13,4.4615,0,0,13,2026-09-20T16:45:13.837610+00:00
google_play_census,Delta,airline,com.delta.mobile.android,us,2026-08-31,13,3.6154,1,0,13,2026-09-20T16:45:13.837610+00:00
google_play_census,Delta,airline,com.delta.mobile.android,us,2026-09-01,12,3.0833,0,0,12,2026-09-20T16:45:13.837610+00:00
google_play_census,Delta,airline,com.delta.mobile.android,us,2026-09-02,11,2.6364,0,0,11,2026-09-20T16:45:13.837610+00:00
google_play_census,Delta,airline,com.delta.mobile.android,us,2026-09-03,10,2.8,0,0,10,2026-09-20T16:45:13.837610+00:00
google_play_census,Delta,airline,com.delta.mobile.android,us,2026-09-04,27,2.3704,0,0,27,2026-09-20T16:45:13.837610+00:00
google_play_census,Delta,airline,com.delta.mobile.android,us,2026-09-05,14,2.7857,3,0,14,2026-09-20T16:45:13.837610+00:00
google_play_census,Delta,airline,com.delta.mobile.android,us,2026-09-06,13,3.1538,1,0,13,2026-09-20T16:45:13.837610+00:00
google_play_census,Delta,airline,com.delta.mobile.android,us,2026-09-07,12,2.4167,0,0,12,2026-09-20T16:45:13.837610+00:00
google_play_census,Delta,airline,com.delta.mobile.android,us,2026-09-08,12,3.5,1,0,12,2026-09-20T16:45:13.837610+00:00
google_play_census,Delta,airline,com.delta.mobile.android,us,2026-09-09,16,2.9375,5,0,16,2026-09-20T16:45:13.837610+00:00
google_play_census,Delta,airline,com.delta.mobile.android,us,2026-09-10,14,3.2143,1,0,14,2026-09-20T16:45:13.837610+00:00
google_play_census,Delta,airline,com.delta.mobile.android,us,2026-09-11,19,3.7368,1,0,19,2026-09-20T16:45:13.837610+00:00
google_play_census,Delta,airline,com.delta.mobile.android,us,2026-09-12,16,3.625,0,0,16,2026-09-20T16:45:13.837610+00:00
google_play_census,Delta,airline,com.delta.mobile.android,us,2026-09-13,13,3.6154,0,0,13,2026-09-20T16:45:13.837610+00:00
google_play_census,Delta,airline,com.delta.mobile.android,us,2026-09-14,16,3.875,0,0,16,2026-09-20T16:45:13.837610+00:00
google_play_census,Delta,airline,com.delta.mobile.android,us,2026-09-15,16,3.25,3,0,16,2026-09-20T16:45:13.837610+00:00
google_play_census,Delta,airline,com.delta.mobile.android,us,2026-09-16,22,3.0455,0,0,22,2026-09-20T16:45:13.837610+00:00
google_play_census,Delta,airline,com.delta.mobile.android,us,2026-09-17,24,3.5833,0,0,24,2026-09-20T16:45:13.837610+00:00
google_play_census,Delta,airline,com.delta.mobile.android,us,2026-09-18,11,3.0909,1,0,11,2026-09-20T16:45:13.837610+00:00
google_play_census,Delta,airline,com.delta.mobile.android,us,2026-09-19,18,3.1667,0,0,18,2026-09-20T16:45:13.837610+00:00
google_play_census,American,airline,com.aa.android,us,2026-08-06,14,4.9286,1,0,14,2026-09-20T16:45:15.358220+00:00
google_play_census,American,airline,com.aa.android,us,2026-08-07,21,4.5714,0,0,21,2026-09-20T16:45:15.358220+00:00
google_play_census,American,airline,com.aa.android,us,2026-08-08,19,4.6316,7,0,19,2026-09-20T16:45:15.358220+00:00
google_play_census,American,airline,com.aa.android,us,2026-08-09,22,4.2273,0,0,22,2026-09-20T16:45:15.358220+00:00
google_play_census,American,airline,com.aa.android,us,2026-08-10,15,4.4667,0,0,15,2026-09-20T16:45:15.358220+00:00
google_play_census,American,airline,com.aa.android,us,2026-08-11,21,4.5714,1,0,21,2026-09-20T16:45:15.358220+00:00
google_play_census,American,airline,com.aa.android,us,2026-08-12,14,4.7143,2,0,14,2026-09-20T16:45:15.358220+00:00
google_play_census,American,airline,com.aa.android,us,2026-08-13,17,4.4706,4,0,17,2026-09-20T16:45:15.358220+00:00
google_play_census,American,airline,com.aa.android,us,2026-08-14,13,4.4615,1,0,13,2026-09-20T16:45:15.358220+00:00
google_play_census,American,airline,com.aa.android,us,2026-08-15,12,3.9167,0,0,12,2026-09-20T16:45:15.358220+00:00
google_play_census,American,airline,com.aa.android,us,2026-08-16,13,4.0,0,0,13,2026-09-20T16:45:15.358220+00:00
google_play_census,American,airline,com.aa.android,us,2026-08-17,15,4.6,0,0,15,2026-09-20T16:45:15.358220+00:00
google_play_census,American,airline,com.aa.android,us,2026-08-18,5,5.0,0,0,5,2026-09-20T16:45:15.358220+00:00
google_play_census,American,airline,com.aa.android,us,2026-08-19,19,4.6316,3,0,19,2026-09-20T16:45:15.358220+00:00
google_play_census,American,airline,com.aa.android,us,2026-08-20,14,4.7857,1,0,14,2026-09-20T16:45:15.358220+00:00
google_play_census,American,airline,com.aa.android,us,2026-08-21,19,4.6316,0,0,19,2026-09-20T16:45:15.358220+00:00
google_play_census,American,airline,com.aa.android,us,2026-08-22,16,4.375,0,0,16,2026-09-20T16:45:15.358220+00:00
google_play_census,American,airline,com.aa.android,us,2026-08-23,15,4.8667,0,0,15,2026-09-20T16:45:15.358220+00:00
google_play_census,American,airline,com.aa.android,us,2026-08-24,14,3.7857,5,0,14,2026-09-20T16:45:15.358220+00:00
google_play_census,American,airline,com.aa.android,us,2026-08-25,10,4.2,5,0,10,2026-09-20T16:45:15.358220+00:00
google_play_census,American,airline,com.aa.android,us,2026-08-26,17,4.7059,0,0,17,2026-09-20T16:45:15.358220+00:00
google_play_census,American,airline,com.aa.android,us,2026-08-27,8,4.75,0,0,8,2026-09-20T16:45:15.358220+00:00
google_play_census,American,airline,com.aa.android,us,2026-08-28,12,4.8333,2,0,12,2026-09-20T16:45:15.358220+00:00
google_play_census,American,airline,com.aa.android,us,2026-08-29,7,4.8571,0,0,7,2026-09-20T16:45:15.358220+00:00
google_play_census,American,airline,com.aa.android,us,2026-08-30,11,4.1818,1,0,11,2026-09-20T16:45:15.358220+00:00
google_play_census,American,airline,com.aa.android,us,2026-08-31,16,4.25,3,0,16,2026-09-20T16:45:15.358220+00:00
google_play_census,American,airline,com.aa.android,us,2026-09-01,16,4.5,1,0,16,2026-09-20T16:45:15.358220+00:00
google_play_census,American,airline,com.aa.android,us,2026-09-02,13,4.6923,0,0,13,2026-09-20T16:45:15.358220+00:00
google_play_census,American,airline,com.aa.android,us,2026-09-03,20,4.0,2,0,20,2026-09-20T16:45:15.358220+00:00
google_play_census,American,airline,com.aa.android,us,2026-09-04,20,4.4,0,0,20,2026-09-20T16:45:15.358220+00:00
google_play_census,American,airline,com.aa.android,us,2026-09-05,11,4.8182,0,0,11,2026-09-20T16:45:15.358220+00:00
google_play_census,American,airline,com.aa.android,us,2026-09-06,10,4.3,1,0,10,2026-09-20T16:45:15.358220+00:00
google_play_census,American,airline,com.aa.android,us,2026-09-07,8,4.0,1,0,8,2026-09-20T16:45:15.358220+00:00
google_play_census,American,airline,com.aa.android,us,2026-09-08,18,4.7778,3,0,18,2026-09-20T16:45:15.358220+00:00
google_play_census,American,airline,com.aa.android,us,2026-09-09,14,4.0,6,0,14,2026-09-20T16:45:15.358220+00:00
google_play_census,American,airline,com.aa.android,us,2026-09-10,9,4.4444,0,0,9,2026-09-20T16:45:15.358220+00:00
google_play_census,American,airline,com.aa.android,us,2026-09-11,8,3.375,0,0,8,2026-09-20T16:45:15.358220+00:00
google_play_census,American,airline,com.aa.android,us,2026-09-12,12,3.8333,1,0,12,2026-09-20T16:45:15.358220+00:00
google_play_census,American,airline,com.aa.android,us,2026-09-13,15,4.2667,0,0,15,2026-09-20T16:45:15.358220+00:00
google_play_census,American,airline,com.aa.android,us,2026-09-14,19,4.5263,0,0,19,2026-09-20T16:45:15.358220+00:00
google_play_census,American,airline,com.aa.android,us,2026-09-15,9,4.4444,0,0,9,2026-09-20T16:45:15.358220+00:00
google_play_census,American,airline,com.aa.android,us,2026-09-16,11,4.8182,1,0,11,2026-09-20T16:45:15.358220+00:00
google_play_census,American,airline,com.aa.android,us,2026-09-17,19,4.1579,0,0,19,2026-09-20T16:45:15.358220+00:00
google_play_census,American,airline,com.aa.android,us,2026-09-18,9,4.7778,0,0,9,2026-09-20T16:45:15.358220+00:00
google_play_census,American,airline,com.aa.android,us,2026-09-19,14,3.6429,1,0,14,2026-09-20T16:45:15.358220+00:00
google_play_census,Southwest,airline,com.southwestairlines.mobile,us,2026-08-06,2,1.0,3,2,2,2026-09-20T16:45:16.806137+00:00
google_play_census,Southwest,airline,com.southwestairlines.mobile,us,2026-08-07,2,1.0,7,2,2,2026-09-20T16:45:16.806137+00:00
google_play_census,Southwest,airline,com.southwestairlines.mobile,us,2026-08-08,1,1.0,1,1,1,2026-09-20T16:45:16.806137+00:00
google_play_census,Southwest,airline,com.southwestairlines.mobile,us,2026-08-10,4,3.75,4,4,4,2026-09-20T16:45:16.806137+00:00
google_play_census,Southwest,airline,com.southwestairlines.mobile,us,2026-08-13,3,1.3333,5,3,3,2026-09-20T16:45:16.806137+00:00
google_play_census,Southwest,airline,com.southwestairlines.mobile,us,2026-08-14,1,1.0,1,1,1,2026-09-20T16:45:16.806137+00:00
google_play_census,Southwest,airline,com.southwestairlines.mobile,us,2026-08-15,2,1.5,4,2,2,2026-09-20T16:45:16.806137+00:00
google_play_census,Southwest,airline,com.southwestairlines.mobile,us,2026-08-16,1,5.0,0,1,1,2026-09-20T16:45:16.806137+00:00
google_play_census,Southwest,airline,com.southwestairlines.mobile,us,2026-08-17,3,1.6667,2,3,3,2026-09-20T16:45:16.806137+00:00
google_play_census,Southwest,airline,com.southwestairlines.mobile,us,2026-08-18,2,5.0,0,2,2,2026-09-20T16:45:16.806137+00:00
google_play_census,Southwest,airline,com.southwestairlines.mobile,us,2026-08-19,1,3.0,1,1,1,2026-09-20T16:45:16.806137+00:00
google_play_census,Southwest,airline,com.southwestairlines.mobile,us,2026-08-21,3,2.3333,1,3,3,2026-09-20T16:45:16.806137+00:00
google_play_census,Southwest,airline,com.southwestairlines.mobile,us,2026-08-23,4,2.0,2,4,4,2026-09-20T16:45:16.806137+00:00
google_play_census,Southwest,airline,com.southwestairlines.mobile,us,2026-08-26,1,1.0,0,1,1,2026-09-20T16:45:16.806137+00:00
google_play_census,Southwest,airline,com.southwestairlines.mobile,us,2026-08-27,3,2.3333,1,3,3,2026-09-20T16:45:16.806137+00:00
google_play_census,Southwest,airline,com.southwestairlines.mobile,us,2026-08-28,3,3.0,0,3,3,2026-09-20T16:45:16.806137+00:00
google_play_census,Southwest,airline,com.southwestairlines.mobile,us,2026-08-29,3,3.3333,0,3,3,2026-09-20T16:45:16.806137+00:00
google_play_census,Southwest,airline,com.southwestairlines.mobile,us,2026-08-30,4,2.0,0,4,4,2026-09-20T16:45:16.806137+00:00
google_play_census,Southwest,airline,com.southwestairlines.mobile,us,2026-08-31,2,5.0,0,2,2,2026-09-20T16:45:16.806137+00:00
google_play_census,Southwest,airline,com.southwestairlines.mobile,us,2026-09-01,1,1.0,0,1,1,2026-09-20T16:45:16.806137+00:00
google_play_census,Southwest,airline,com.southwestairlines.mobile,us,2026-09-03,1,1.0,0,1,1,2026-09-20T16:45:16.806137+00:00
google_play_census,Southwest,airline,com.southwestairlines.mobile,us,2026-09-04,2,1.0,2,0,2,2026-09-20T16:45:16.806137+00:00
google_play_census,Southwest,airline,com.southwestairlines.mobile,us,2026-09-06,1,1.0,0,0,1,2026-09-20T16:45:16.806137+00:00
google_play_census,Southwest,airline,com.southwestairlines.mobile,us,2026-09-07,3,3.6667,0,0,3,2026-09-20T16:45:16.806137+00:00
google_play_census,Southwest,airline,com.southwestairlines.mobile,us,2026-09-08,1,1.0,0,0,1,2026-09-20T16:45:16.806137+00:00
google_play_census,Southwest,airline,com.southwestairlines.mobile,us,2026-09-09,5,2.4,3,0,5,2026-09-20T16:45:16.806137+00:00
google_play_census,Southwest,airline,com.southwestairlines.mobile,us,2026-09-10,1,1.0,1,0,1,2026-09-20T16:45:16.806137+00:00
google_play_census,Southwest,airline,com.southwestairlines.mobile,us,2026-09-12,2,3.0,1,0,2,2026-09-20T16:45:16.806137+00:00
google_play_census,Southwest,airline,com.southwestairlines.mobile,us,2026-09-14,2,3.5,1,0,2,2026-09-20T16:45:16.806137+00:00
google_play_census,Southwest,airline,com.southwestairlines.mobile,us,2026-09-17,2,1.0,0,0,2,2026-09-20T16:45:16.806137+00:00
google_play_census,Southwest,airline,com.southwestairlines.mobile,us,2026-09-19,1,2.0,0,0,1,2026-09-20T16:45:16.806137+00:00
google_play_census,Ryanair,airline,com.ryanair.cheapflights,gb,2026-08-06,8,1.25,7,0,8,2026-09-20T16:45:17.124634+00:00
google_play_census,Ryanair,airline,com.ryanair.cheapflights,gb,2026-08-07,4,2.75,2,0,4,2026-09-20T16:45:17.124634+00:00
google_play_census,Ryanair,airline,com.ryanair.cheapflights,gb,2026-08-08,6,1.6667,8,0,6,2026-09-20T16:45:17.124634+00:00
google_play_census,Ryanair,airline,com.ryanair.cheapflights,gb,2026-08-09,3,1.0,4,0,3,2026-09-20T16:45:17.124634+00:00
google_play_census,Ryanair,airline,com.ryanair.cheapflights,gb,2026-08-10,3,2.0,5,0,3,2026-09-20T16:45:17.124634+00:00
google_play_census,Ryanair,airline,com.ryanair.cheapflights,gb,2026-08-11,10,1.8,5,0,10,2026-09-20T16:45:17.124634+00:00
google_play_census,Ryanair,airline,com.ryanair.cheapflights,gb,2026-08-12,9,1.6667,5,0,9,2026-09-20T16:45:17.124634+00:00
google_play_census,Ryanair,airline,com.ryanair.cheapflights,gb,2026-08-13,3,1.0,2,0,3,2026-09-20T16:45:17.124634+00:00
google_play_census,Ryanair,airline,com.ryanair.cheapflights,gb,2026-08-14,4,2.0,2,0,4,2026-09-20T16:45:17.124634+00:00
google_play_census,Ryanair,airline,com.ryanair.cheapflights,gb,2026-08-15,2,1.5,3,0,2,2026-09-20T16:45:17.124634+00:00
google_play_census,Ryanair,airline,com.ryanair.cheapflights,gb,2026-08-16,4,1.0,2,0,4,2026-09-20T16:45:17.124634+00:00
google_play_census,Ryanair,airline,com.ryanair.cheapflights,gb,2026-08-17,7,2.2857,7,0,7,2026-09-20T16:45:17.124634+00:00
google_play_census,Ryanair,airline,com.ryanair.cheapflights,gb,2026-08-18,8,2.0,4,0,8,2026-09-20T16:45:17.124634+00:00
google_play_census,Ryanair,airline,com.ryanair.cheapflights,gb,2026-08-19,13,1.0769,15,0,13,2026-09-20T16:45:17.124634+00:00
google_play_census,Ryanair,airline,com.ryanair.cheapflights,gb,2026-08-20,3,2.3333,3,0,3,2026-09-20T16:45:17.124634+00:00
google_play_census,Ryanair,airline,com.ryanair.cheapflights,gb,2026-08-21,8,2.0,5,0,8,2026-09-20T16:45:17.124634+00:00
google_play_census,Ryanair,airline,com.ryanair.cheapflights,gb,2026-08-22,3,1.0,2,0,3,2026-09-20T16:45:17.124634+00:00
google_play_census,Ryanair,airline,com.ryanair.cheapflights,gb,2026-08-23,4,1.75,6,0,4,2026-09-20T16:45:17.124634+00:00
google_play_census,Ryanair,airline,com.ryanair.cheapflights,gb,2026-08-24,6,1.6667,9,0,6,2026-09-20T16:45:17.124634+00:00
google_play_census,Ryanair,airline,com.ryanair.cheapflights,gb,2026-08-25,5,1.0,7,0,5,2026-09-20T16:45:17.124634+00:00
google_play_census,Ryanair,airline,com.ryanair.cheapflights,gb,2026-08-26,4,2.0,6,0,4,2026-09-20T16:45:17.124634+00:00
google_play_census,Ryanair,airline,com.ryanair.cheapflights,gb,2026-08-27,5,1.8,3,0,5,2026-09-20T16:45:17.124634+00:00
google_play_census,Ryanair,airline,com.ryanair.cheapflights,gb,2026-08-28,3,2.3333,0,0,3,2026-09-20T16:45:17.124634+00:00
google_play_census,Ryanair,airline,com.ryanair.cheapflights,gb,2026-08-29,3,1.3333,3,0,3,2026-09-20T16:45:17.124634+00:00
google_play_census,Ryanair,airline,com.ryanair.cheapflights,gb,2026-08-30,5,1.4,6,0,5,2026-09-20T16:45:17.124634+00:00
google_play_census,Ryanair,airline,com.ryanair.cheapflights,gb,2026-08-31,6,3.0,1,0,6,2026-09-20T16:45:17.124634+00:00
google_play_census,Ryanair,airline,com.ryanair.cheapflights,gb,2026-09-01,7,2.0,2,0,7,2026-09-20T16:45:17.124634+00:00
google_play_census,Ryanair,airline,com.ryanair.cheapflights,gb,2026-09-02,11,1.9091,8,0,11,2026-09-20T16:45:17.124634+00:00
google_play_census,Ryanair,airline,com.ryanair.cheapflights,gb,2026-09-03,5,1.8,0,0,5,2026-09-20T16:45:17.124634+00:00
google_play_census,Ryanair,airline,com.ryanair.cheapflights,gb,2026-09-04,7,1.2857,3,0,7,2026-09-20T16:45:17.124634+00:00
google_play_census,Ryanair,airline,com.ryanair.cheapflights,gb,2026-09-05,4,2.0,2,0,4,2026-09-20T16:45:17.124634+00:00
google_play_census,Ryanair,airline,com.ryanair.cheapflights,gb,2026-09-06,3,1.0,0,0,3,2026-09-20T16:45:17.124634+00:00
google_play_census,Ryanair,airline,com.ryanair.cheapflights,gb,2026-09-07,6,1.1667,1,0,6,2026-09-20T16:45:17.124634+00:00
google_play_census,Ryanair,airline,com.ryanair.cheapflights,gb,2026-09-08,4,1.0,0,0,4,2026-09-20T16:45:17.124634+00:00
google_play_census,Ryanair,airline,com.ryanair.cheapflights,gb,2026-09-09,5,2.0,0,0,5,2026-09-20T16:45:17.124634+00:00
google_play_census,Ryanair,airline,com.ryanair.cheapflights,gb,2026-09-10,7,1.0,4,0,7,2026-09-20T16:45:17.124634+00:00
google_play_census,Ryanair,airline,com.ryanair.cheapflights,gb,2026-09-11,4,3.25,1,0,4,2026-09-20T16:45:17.124634+00:00
google_play_census,Ryanair,airline,com.ryanair.cheapflights,gb,2026-09-12,3,2.6667,1,0,3,2026-09-20T16:45:17.124634+00:00
google_play_census,Ryanair,airline,com.ryanair.cheapflights,gb,2026-09-13,8,1.0,3,0,8,2026-09-20T16:45:17.124634+00:00
google_play_census,Ryanair,airline,com.ryanair.cheapflights,gb,2026-09-14,8,1.125,1,0,8,2026-09-20T16:45:17.124634+00:00
google_play_census,Ryanair,airline,com.ryanair.cheapflights,gb,2026-09-15,5,1.6,0,0,5,2026-09-20T16:45:17.124634+00:00
google_play_census,Ryanair,airline,com.ryanair.cheapflights,gb,2026-09-16,8,1.75,1,0,8,2026-09-20T16:45:17.124634+00:00
google_play_census,Ryanair,airline,com.ryanair.cheapflights,gb,2026-09-17,6,1.0,0,0,6,2026-09-20T16:45:17.124634+00:00
google_play_census,Ryanair,airline,com.ryanair.cheapflights,gb,2026-09-18,9,1.1111,1,0,9,2026-09-20T16:45:17.124634+00:00
google_play_census,Ryanair,airline,com.ryanair.cheapflights,gb,2026-09-19,7,1.7143,33,0,7,2026-09-20T16:45:17.124634+00:00
google_play_census,Jio,telecom_isp,com.jio.myjio,in,2026-08-06,387,4.031,46,171,80,2026-09-20T16:45:17.758692+00:00
google_play_census,Jio,telecom_isp,com.jio.myjio,in,2026-08-07,361,4.1136,46,149,80,2026-09-20T16:45:17.758692+00:00
google_play_census,Jio,telecom_isp,com.jio.myjio,in,2026-08-08,379,4.0343,66,138,80,2026-09-20T16:45:17.758692+00:00
google_play_census,Jio,telecom_isp,com.jio.myjio,in,2026-08-09,380,4.0526,319,98,80,2026-09-20T16:45:17.758692+00:00
google_play_census,Jio,telecom_isp,com.jio.myjio,in,2026-08-10,409,3.9633,90,166,80,2026-09-20T16:45:17.758692+00:00
google_play_census,Jio,telecom_isp,com.jio.myjio,in,2026-08-11,392,3.9056,432,114,80,2026-09-20T16:45:17.758692+00:00
google_play_census,Jio,telecom_isp,com.jio.myjio,in,2026-08-12,427,3.9227,74,122,80,2026-09-20T16:45:17.758692+00:00
google_play_census,Jio,telecom_isp,com.jio.myjio,in,2026-08-13,354,3.9181,1391,120,80,2026-09-20T16:45:17.758692+00:00
google_play_census,Jio,telecom_isp,com.jio.myjio,in,2026-08-14,327,3.9939,170,72,80,2026-09-20T16:45:17.758692+00:00
google_play_census,Jio,telecom_isp,com.jio.myjio,in,2026-08-15,326,3.8098,347,118,80,2026-09-20T16:45:17.758692+00:00
google_play_census,Jio,telecom_isp,com.jio.myjio,in,2026-08-16,295,3.8814,70,129,80,2026-09-20T16:45:17.758692+00:00
google_play_census,Jio,telecom_isp,com.jio.myjio,in,2026-08-17,354,4.0989,42,147,80,2026-09-20T16:45:17.758692+00:00
google_play_census,Jio,telecom_isp,com.jio.myjio,in,2026-08-18,320,3.8312,34,93,80,2026-09-20T16:45:17.758692+00:00
google_play_census,Jio,telecom_isp,com.jio.myjio,in,2026-08-19,316,3.9873,72,133,80,2026-09-20T16:45:17.758692+00:00
google_play_census,Jio,telecom_isp,com.jio.myjio,in,2026-08-20,331,4.0997,40,138,80,2026-09-20T16:45:17.758692+00:00
google_play_census,Jio,telecom_isp,com.jio.myjio,in,2026-08-21,287,4.0279,68,160,80,2026-09-20T16:45:17.758692+00:00
google_play_census,Jio,telecom_isp,com.jio.myjio,in,2026-08-22,363,4.0248,34,115,80,2026-09-20T16:45:17.758692+00:00
google_play_census,Jio,telecom_isp,com.jio.myjio,in,2026-08-23,353,3.9632,15,180,80,2026-09-20T16:45:17.758692+00:00
google_play_census,Jio,telecom_isp,com.jio.myjio,in,2026-08-24,312,3.9615,12,72,80,2026-09-20T16:45:17.758692+00:00
google_play_census,Jio,telecom_isp,com.jio.myjio,in,2026-08-25,353,4.0425,28,193,80,2026-09-20T16:45:17.758692+00:00
google_play_census,Jio,telecom_isp,com.jio.myjio,in,2026-08-26,341,3.9707,155,136,80,2026-09-20T16:45:17.758692+00:00
google_play_census,Jio,telecom_isp,com.jio.myjio,in,2026-08-27,325,4.0338,20,161,80,2026-09-20T16:45:17.758692+00:00
google_play_census,Jio,telecom_isp,com.jio.myjio,in,2026-08-28,288,4.0972,34,146,80,2026-09-20T16:45:17.758692+00:00
google_play_census,Jio,telecom_isp,com.jio.myjio,in,2026-08-29,323,3.9721,21,85,80,2026-09-20T16:45:17.758692+00:00
google_play_census,Jio,telecom_isp,com.jio.myjio,in,2026-08-30,384,4.0755,122,98,80,2026-09-20T16:45:17.758692+00:00
google_play_census,Jio,telecom_isp,com.jio.myjio,in,2026-08-31,382,4.089,39,120,80,2026-09-20T16:45:17.758692+00:00
google_play_census,Jio,telecom_isp,com.jio.myjio,in,2026-09-01,385,4.0675,44,76,80,2026-09-20T16:45:17.758692+00:00
google_play_census,Jio,telecom_isp,com.jio.myjio,in,2026-09-02,351,4.0769,122,66,80,2026-09-20T16:45:17.758692+00:00
google_play_census,Jio,telecom_isp,com.jio.myjio,in,2026-09-03,343,3.8338,77,88,80,2026-09-20T16:45:17.758692+00:00
google_play_census,Jio,telecom_isp,com.jio.myjio,in,2026-09-04,352,3.8778,90,107,80,2026-09-20T16:45:17.758692+00:00
google_play_census,Jio,telecom_isp,com.jio.myjio,in,2026-09-05,380,3.9553,51,139,80,2026-09-20T16:45:17.758692+00:00
google_play_census,Jio,telecom_isp,com.jio.myjio,in,2026-09-06,377,3.8143,68,139,80,2026-09-20T16:45:17.758692+00:00
google_play_census,Jio,telecom_isp,com.jio.myjio,in,2026-09-07,328,3.9573,44,90,80,2026-09-20T16:45:17.758692+00:00
google_play_census,Jio,telecom_isp,com.jio.myjio,in,2026-09-08,411,3.8929,197,171,80,2026-09-20T16:45:17.758692+00:00
google_play_census,Jio,telecom_isp,com.jio.myjio,in,2026-09-09,368,3.8288,12,158,80,2026-09-20T16:45:17.758692+00:00
google_play_census,Jio,telecom_isp,com.jio.myjio,in,2026-09-10,395,3.881,16,161,80,2026-09-20T16:45:17.758692+00:00
google_play_census,Jio,telecom_isp,com.jio.myjio,in,2026-09-11,364,3.9313,66,78,80,2026-09-20T16:45:17.758692+00:00
google_play_census,Jio,telecom_isp,com.jio.myjio,in,2026-09-12,418,4.0215,395,102,80,2026-09-20T16:45:17.758692+00:00
google_play_census,Jio,telecom_isp,com.jio.myjio,in,2026-09-13,386,4.044,15,167,80,2026-09-20T16:45:17.758692+00:00
google_play_census,Jio,telecom_isp,com.jio.myjio,in,2026-09-14,359,4.0474,18,164,80,2026-09-20T16:45:17.758692+00:00
google_play_census,Jio,telecom_isp,com.jio.myjio,in,2026-09-15,387,3.9897,25,96,80,2026-09-20T16:45:17.758692+00:00
google_play_census,Jio,telecom_isp,com.jio.myjio,in,2026-09-16,375,3.8747,388,179,80,2026-09-20T16:45:17.758692+00:00
google_play_census,Jio,telecom_isp,com.jio.myjio,in,2026-09-17,348,3.7155,29,176,80,2026-09-20T16:45:17.758692+00:00
google_play_census,Jio,telecom_isp,com.jio.myjio,in,2026-09-18,317,3.7382,50,102,80,2026-09-20T16:45:17.758692+00:00
google_play_census,Jio,telecom_isp,com.jio.myjio,in,2026-09-19,308,3.8442,26,145,80,2026-09-20T16:45:17.758692+00:00
google_play_census,Airtel,telecom_isp,com.myairtelapp,in,2026-08-06,158,2.3734,85,154,80,2026-09-20T16:45:54.252858+00:00
google_play_census,Airtel,telecom_isp,com.myairtelapp,in,2026-08-07,126,2.5159,142,121,80,2026-09-20T16:45:54.252858+00:00
google_play_census,Airtel,telecom_isp,com.myairtelapp,in,2026-08-08,154,2.2662,77,142,80,2026-09-20T16:45:54.252858+00:00
google_play_census,Airtel,telecom_isp,com.myairtelapp,in,2026-08-09,148,2.1284,188,143,80,2026-09-20T16:45:54.252858+00:00
google_play_census,Airtel,telecom_isp,com.myairtelapp,in,2026-08-10,159,2.3711,74,153,80,2026-09-20T16:45:54.252858+00:00
google_play_census,Airtel,telecom_isp,com.myairtelapp,in,2026-08-11,147,2.1088,97,139,80,2026-09-20T16:45:54.252858+00:00
google_play_census,Airtel,telecom_isp,com.myairtelapp,in,2026-08-12,168,2.6131,132,163,80,2026-09-20T16:45:54.252858+00:00
google_play_census,Airtel,telecom_isp,com.myairtelapp,in,2026-08-13,166,2.3494,77,156,80,2026-09-20T16:45:54.252858+00:00
google_play_census,Airtel,telecom_isp,com.myairtelapp,in,2026-08-14,177,2.1751,65,157,80,2026-09-20T16:45:54.252858+00:00
google_play_census,Airtel,telecom_isp,com.myairtelapp,in,2026-08-15,142,1.8944,42,127,80,2026-09-20T16:45:54.252858+00:00
google_play_census,Airtel,telecom_isp,com.myairtelapp,in,2026-08-16,166,2.1988,87,145,80,2026-09-20T16:45:54.252858+00:00
google_play_census,Airtel,telecom_isp,com.myairtelapp,in,2026-08-17,138,2.5797,55,127,80,2026-09-20T16:45:54.252858+00:00
google_play_census,Airtel,telecom_isp,com.myairtelapp,in,2026-08-18,148,2.0,39,128,80,2026-09-20T16:45:54.252858+00:00
google_play_census,Airtel,telecom_isp,com.myairtelapp,in,2026-08-19,139,2.5683,44,127,80,2026-09-20T16:45:54.252858+00:00
google_play_census,Airtel,telecom_isp,com.myairtelapp,in,2026-08-20,159,2.239,90,150,80,2026-09-20T16:45:54.252858+00:00
google_play_census,Airtel,telecom_isp,com.myairtelapp,in,2026-08-21,127,2.6378,60,119,80,2026-09-20T16:45:54.252858+00:00
google_play_census,Airtel,telecom_isp,com.myairtelapp,in,2026-08-22,130,2.6538,61,126,80,2026-09-20T16:45:54.252858+00:00
google_play_census,Airtel,telecom_isp,com.myairtelapp,in,2026-08-23,152,2.4934,67,141,80,2026-09-20T16:45:54.252858+00:00
google_play_census,Airtel,telecom_isp,com.myairtelapp,in,2026-08-24,133,2.4737,161,124,80,2026-09-20T16:45:54.252858+00:00
google_play_census,Airtel,telecom_isp,com.myairtelapp,in,2026-08-25,139,2.5324,50,135,80,2026-09-20T16:45:54.252858+00:00
google_play_census,Airtel,telecom_isp,com.myairtelapp,in,2026-08-26,115,2.0609,68,98,80,2026-09-20T16:45:54.252858+00:00
google_play_census,Airtel,telecom_isp,com.myairtelapp,in,2026-08-27,127,2.1811,111,120,80,2026-09-20T16:45:54.252858+00:00
google_play_census,Airtel,telecom_isp,com.myairtelapp,in,2026-08-28,122,2.459,58,112,80,2026-09-20T16:45:54.252858+00:00
google_play_census,Airtel,telecom_isp,com.myairtelapp,in,2026-08-29,125,2.176,98,107,80,2026-09-20T16:45:54.252858+00:00
google_play_census,Airtel,telecom_isp,com.myairtelapp,in,2026-08-30,139,2.2086,117,125,80,2026-09-20T16:45:54.252858+00:00
google_play_census,Airtel,telecom_isp,com.myairtelapp,in,2026-08-31,127,2.1654,75,113,80,2026-09-20T16:45:54.252858+00:00
google_play_census,Airtel,telecom_isp,com.myairtelapp,in,2026-09-01,147,2.6463,49,135,80,2026-09-20T16:45:54.252858+00:00
google_play_census,Airtel,telecom_isp,com.myairtelapp,in,2026-09-02,149,2.4631,47,137,80,2026-09-20T16:45:54.252858+00:00
google_play_census,Airtel,telecom_isp,com.myairtelapp,in,2026-09-03,152,2.3947,43,132,80,2026-09-20T16:45:54.252858+00:00
google_play_census,Airtel,telecom_isp,com.myairtelapp,in,2026-09-04,156,2.4167,35,140,80,2026-09-20T16:45:54.252858+00:00
google_play_census,Airtel,telecom_isp,com.myairtelapp,in,2026-09-05,151,2.1722,33,119,80,2026-09-20T16:45:54.252858+00:00
google_play_census,Airtel,telecom_isp,com.myairtelapp,in,2026-09-06,173,2.1908,37,148,80,2026-09-20T16:45:54.252858+00:00
google_play_census,Airtel,telecom_isp,com.myairtelapp,in,2026-09-07,142,2.4296,48,127,80,2026-09-20T16:45:54.252858+00:00
google_play_census,Airtel,telecom_isp,com.myairtelapp,in,2026-09-08,144,2.0556,43,128,80,2026-09-20T16:45:54.252858+00:00
google_play_census,Airtel,telecom_isp,com.myairtelapp,in,2026-09-09,137,2.5766,95,120,80,2026-09-20T16:45:54.252858+00:00
google_play_census,Airtel,telecom_isp,com.myairtelapp,in,2026-09-10,159,2.1824,72,144,80,2026-09-20T16:45:54.252858+00:00
google_play_census,Airtel,telecom_isp,com.myairtelapp,in,2026-09-11,121,2.4215,33,113,80,2026-09-20T16:45:54.252858+00:00
google_play_census,Airtel,telecom_isp,com.myairtelapp,in,2026-09-12,138,2.3261,30,119,80,2026-09-20T16:45:54.252858+00:00
google_play_census,Airtel,telecom_isp,com.myairtelapp,in,2026-09-13,150,2.4867,66,140,80,2026-09-20T16:45:54.252858+00:00
google_play_census,Airtel,telecom_isp,com.myairtelapp,in,2026-09-14,124,2.3629,31,116,80,2026-09-20T16:45:54.252858+00:00
google_play_census,Airtel,telecom_isp,com.myairtelapp,in,2026-09-15,136,2.4853,36,120,80,2026-09-20T16:45:54.252858+00:00
google_play_census,Airtel,telecom_isp,com.myairtelapp,in,2026-09-16,123,2.3984,68,110,80,2026-09-20T16:45:54.252858+00:00
google_play_census,Airtel,telecom_isp,com.myairtelapp,in,2026-09-17,143,2.3007,31,132,80,2026-09-20T16:45:54.252858+00:00
google_play_census,Airtel,telecom_isp,com.myairtelapp,in,2026-09-18,138,2.5217,46,121,80,2026-09-20T16:45:54.252858+00:00
google_play_census,Airtel,telecom_isp,com.myairtelapp,in,2026-09-19,123,2.7561,13,108,80,2026-09-20T16:45:54.252858+00:00
google_play_census,Xfinity,telecom_isp,com.xfinity.digitalhome,us,2026-08-06,47,1.8298,69,8,47,2026-09-20T16:46:07.726678+00:00
google_play_census,Xfinity,telecom_isp,com.xfinity.digitalhome,us,2026-08-07,29,1.9655,50,13,29,2026-09-20T16:46:07.726678+00:00
google_play_census,Xfinity,telecom_isp,com.xfinity.digitalhome,us,2026-08-08,34,2.0588,34,15,34,2026-09-20T16:46:07.726678+00:00
google_play_census,Xfinity,telecom_isp,com.xfinity.digitalhome,us,2026-08-09,27,1.7407,233,7,27,2026-09-20T16:46:07.726678+00:00
google_play_census,Xfinity,telecom_isp,com.xfinity.digitalhome,us,2026-08-10,32,1.6875,31,7,32,2026-09-20T16:46:07.726678+00:00
google_play_census,Xfinity,telecom_isp,com.xfinity.digitalhome,us,2026-08-11,24,1.5833,21,6,24,2026-09-20T16:46:07.726678+00:00
google_play_census,Xfinity,telecom_isp,com.xfinity.digitalhome,us,2026-08-12,32,1.625,20,7,32,2026-09-20T16:46:07.726678+00:00
google_play_census,Xfinity,telecom_isp,com.xfinity.digitalhome,us,2026-08-13,44,1.8864,33,10,44,2026-09-20T16:46:07.726678+00:00
google_play_census,Xfinity,telecom_isp,com.xfinity.digitalhome,us,2026-08-14,26,1.7308,30,5,26,2026-09-20T16:46:07.726678+00:00
google_play_census,Xfinity,telecom_isp,com.xfinity.digitalhome,us,2026-08-15,23,2.3478,14,6,23,2026-09-20T16:46:07.726678+00:00
google_play_census,Xfinity,telecom_isp,com.xfinity.digitalhome,us,2026-08-16,22,1.7273,14,9,22,2026-09-20T16:46:07.726678+00:00
google_play_census,Xfinity,telecom_isp,com.xfinity.digitalhome,us,2026-08-17,28,2.5714,13,5,28,2026-09-20T16:46:07.726678+00:00
google_play_census,Xfinity,telecom_isp,com.xfinity.digitalhome,us,2026-08-18,40,1.6,38,7,40,2026-09-20T16:46:07.726678+00:00
google_play_census,Xfinity,telecom_isp,com.xfinity.digitalhome,us,2026-08-19,56,1.5893,64,14,56,2026-09-20T16:46:07.726678+00:00
google_play_census,Xfinity,telecom_isp,com.xfinity.digitalhome,us,2026-08-20,35,1.7143,30,8,35,2026-09-20T16:46:07.726678+00:00
google_play_census,Xfinity,telecom_isp,com.xfinity.digitalhome,us,2026-08-21,40,2.2,175,9,40,2026-09-20T16:46:07.726678+00:00
google_play_census,Xfinity,telecom_isp,com.xfinity.digitalhome,us,2026-08-22,40,1.5,15,8,40,2026-09-20T16:46:07.726678+00:00
google_play_census,Xfinity,telecom_isp,com.xfinity.digitalhome,us,2026-08-23,26,2.1538,26,7,26,2026-09-20T16:46:07.726678+00:00
google_play_census,Xfinity,telecom_isp,com.xfinity.digitalhome,us,2026-08-24,30,1.5,97,11,30,2026-09-20T16:46:07.726678+00:00
google_play_census,Xfinity,telecom_isp,com.xfinity.digitalhome,us,2026-08-25,34,1.9706,197,10,34,2026-09-20T16:46:07.726678+00:00
google_play_census,Xfinity,telecom_isp,com.xfinity.digitalhome,us,2026-08-26,28,1.7143,70,6,28,2026-09-20T16:46:07.726678+00:00
google_play_census,Xfinity,telecom_isp,com.xfinity.digitalhome,us,2026-08-27,30,1.9333,50,10,30,2026-09-20T16:46:07.726678+00:00
google_play_census,Xfinity,telecom_isp,com.xfinity.digitalhome,us,2026-08-28,35,2.1429,39,10,35,2026-09-20T16:46:07.726678+00:00
google_play_census,Xfinity,telecom_isp,com.xfinity.digitalhome,us,2026-08-29,27,1.5556,35,2,27,2026-09-20T16:46:07.726678+00:00
google_play_census,Xfinity,telecom_isp,com.xfinity.digitalhome,us,2026-08-30,26,1.9615,55,9,26,2026-09-20T16:46:07.726678+00:00
google_play_census,Xfinity,telecom_isp,com.xfinity.digitalhome,us,2026-08-31,17,1.6471,143,5,17,2026-09-20T16:46:07.726678+00:00
google_play_census,Xfinity,telecom_isp,com.xfinity.digitalhome,us,2026-09-01,30,1.9,25,8,30,2026-09-20T16:46:07.726678+00:00
google_play_census,Xfinity,telecom_isp,com.xfinity.digitalhome,us,2026-09-02,16,1.9375,18,4,16,2026-09-20T16:46:07.726678+00:00
google_play_census,Xfinity,telecom_isp,com.xfinity.digitalhome,us,2026-09-03,32,1.75,37,10,32,2026-09-20T16:46:07.726678+00:00
google_play_census,Xfinity,telecom_isp,com.xfinity.digitalhome,us,2026-09-04,53,2.0755,190,11,53,2026-09-20T16:46:07.726678+00:00
google_play_census,Xfinity,telecom_isp,com.xfinity.digitalhome,us,2026-09-05,25,1.84,31,5,25,2026-09-20T16:46:07.726678+00:00
google_play_census,Xfinity,telecom_isp,com.xfinity.digitalhome,us,2026-09-06,21,1.9048,26,6,21,2026-09-20T16:46:07.726678+00:00
google_play_census,Xfinity,telecom_isp,com.xfinity.digitalhome,us,2026-09-07,23,2.2609,37,2,23,2026-09-20T16:46:07.726678+00:00
google_play_census,Xfinity,telecom_isp,com.xfinity.digitalhome,us,2026-09-08,31,1.9355,73,6,31,2026-09-20T16:46:07.726678+00:00
google_play_census,Xfinity,telecom_isp,com.xfinity.digitalhome,us,2026-09-09,24,1.7083,54,9,24,2026-09-20T16:46:07.726678+00:00
google_play_census,Xfinity,telecom_isp,com.xfinity.digitalhome,us,2026-09-10,33,1.9697,41,5,33,2026-09-20T16:46:07.726678+00:00
google_play_census,Xfinity,telecom_isp,com.xfinity.digitalhome,us,2026-09-11,34,1.5,63,8,34,2026-09-20T16:46:07.726678+00:00
google_play_census,Xfinity,telecom_isp,com.xfinity.digitalhome,us,2026-09-12,16,1.875,24,5,16,2026-09-20T16:46:07.726678+00:00
google_play_census,Xfinity,telecom_isp,com.xfinity.digitalhome,us,2026-09-13,21,2.1905,37,4,21,2026-09-20T16:46:07.726678+00:00
google_play_census,Xfinity,telecom_isp,com.xfinity.digitalhome,us,2026-09-14,18,1.3889,18,5,18,2026-09-20T16:46:07.726678+00:00
google_play_census,Xfinity,telecom_isp,com.xfinity.digitalhome,us,2026-09-15,14,2.4286,9,3,14,2026-09-20T16:46:07.726678+00:00
google_play_census,Xfinity,telecom_isp,com.xfinity.digitalhome,us,2026-09-16,31,1.5484,37,12,31,2026-09-20T16:46:07.726678+00:00
google_play_census,Xfinity,telecom_isp,com.xfinity.digitalhome,us,2026-09-17,48,1.9583,139,15,48,2026-09-20T16:46:07.726678+00:00
google_play_census,Xfinity,telecom_isp,com.xfinity.digitalhome,us,2026-09-18,33,2.4242,18,12,33,2026-09-20T16:46:07.726678+00:00
google_play_census,Xfinity,telecom_isp,com.xfinity.digitalhome,us,2026-09-19,26,2.0,1,8,26,2026-09-20T16:46:07.726678+00:00
