brand,date,sampled_n,flagged_n,sample_rating,sample_sentiment,census_n,census_rating,census_thumbs,share,estimated_n,estimated_se,sampling_fraction
AfterShip,2026-08-06,1,0,5.0,-1.0,3,5.0,2,0.0,0.0,0.0,0.333
AfterShip,2026-08-07,3,0,4.0,0.0,3,4.0,0,0.0,0.0,0.0,1.0
AfterShip,2026-08-08,1,0,5.0,1.0,1,5.0,0,0.0,0.0,0.0,1.0
AfterShip,2026-08-09,6,0,3.5,-0.3333333333333333,6,3.5,2,0.0,0.0,0.0,1.0
AfterShip,2026-08-10,3,0,3.6666666666666665,0.0,3,3.6667,0,0.0,0.0,0.0,1.0
AfterShip,2026-08-11,3,0,4.666666666666667,1.0,3,4.6667,0,0.0,0.0,0.0,1.0
AfterShip,2026-08-12,4,0,5.0,0.75,4,5.0,0,0.0,0.0,0.0,1.0
AfterShip,2026-08-13,4,0,3.0,-0.25,4,3.0,0,0.0,0.0,0.0,1.0
AfterShip,2026-08-14,4,0,4.25,0.5,4,4.25,0,0.0,0.0,0.0,1.0
AfterShip,2026-08-15,3,0,5.0,1.0,3,5.0,0,0.0,0.0,0.0,1.0
AfterShip,2026-08-16,6,0,3.3333333333333335,0.0,6,3.3333,1,0.0,0.0,0.0,1.0
AfterShip,2026-08-17,2,0,5.0,1.0,2,5.0,0,0.0,0.0,0.0,1.0
AfterShip,2026-08-18,5,0,3.8,-0.4,5,3.8,7,0.0,0.0,0.0,1.0
AfterShip,2026-08-19,3,0,4.0,0.3333333333333333,3,4.0,0,0.0,0.0,0.0,1.0
AfterShip,2026-08-20,7,0,4.285714285714286,0.8571428571428571,7,4.2857,0,0.0,0.0,0.0,1.0
AfterShip,2026-08-21,2,0,5.0,1.0,2,5.0,0,0.0,0.0,0.0,1.0
AfterShip,2026-08-22,4,1,4.5,0.25,4,4.5,0,0.25,1.0,0.0,1.0
AfterShip,2026-08-23,7,0,4.428571428571429,0.2857142857142857,7,4.4286,0,0.0,0.0,0.0,1.0
AfterShip,2026-08-24,3,0,5.0,1.0,3,5.0,0,0.0,0.0,0.0,1.0
AfterShip,2026-08-25,2,1,3.0,-0.5,2,3.0,0,0.5,1.0,0.0,1.0
AfterShip,2026-08-26,5,1,4.2,0.2,5,4.2,1,0.2,1.0,0.0,1.0
AfterShip,2026-08-27,4,0,4.25,0.25,5,4.4,0,0.0,0.0,0.0,0.8
AfterShip,2026-08-28,4,0,5.0,1.0,4,5.0,1,0.0,0.0,0.0,1.0
AfterShip,2026-08-29,5,0,5.0,0.6,5,5.0,0,0.0,0.0,0.0,1.0
AfterShip,2026-08-30,2,0,4.0,0.0,2,4.0,0,0.0,0.0,0.0,1.0
AfterShip,2026-08-31,1,0,5.0,1.0,1,5.0,0,0.0,0.0,0.0,1.0
AfterShip,2026-09-01,4,0,4.75,0.75,4,4.75,0,0.0,0.0,0.0,1.0
AfterShip,2026-09-02,3,0,5.0,1.0,3,5.0,0,0.0,0.0,0.0,1.0
AfterShip,2026-09-03,9,0,4.111111111111111,0.1111111111111111,9,4.1111,12,0.0,0.0,0.0,1.0
AfterShip,2026-09-04,8,0,3.5,-0.125,9,3.6667,2,0.0,0.0,0.0,0.889
AfterShip,2026-09-05,2,0,5.0,0.0,2,5.0,0,0.0,0.0,0.0,1.0
AfterShip,2026-09-06,1,0,5.0,-1.0,1,5.0,0,0.0,0.0,0.0,1.0
AfterShip,2026-09-07,5,0,4.2,0.8,5,4.2,0,0.0,0.0,0.0,1.0
AfterShip,2026-09-08,4,0,5.0,0.5,4,5.0,0,0.0,0.0,0.0,1.0
AfterShip,2026-09-09,3,0,5.0,0.6666666666666666,3,5.0,0,0.0,0.0,0.0,1.0
AfterShip,2026-09-10,1,0,5.0,1.0,1,5.0,0,0.0,0.0,0.0,1.0
AfterShip,2026-09-11,6,0,5.0,0.5,6,5.0,1,0.0,0.0,0.0,1.0
AfterShip,2026-09-12,2,0,5.0,1.0,2,5.0,0,0.0,0.0,0.0,1.0
AfterShip,2026-09-13,2,0,3.0,0.0,2,3.0,0,0.0,0.0,0.0,1.0
AfterShip,2026-09-14,3,0,4.666666666666667,0.3333333333333333,3,4.6667,0,0.0,0.0,0.0,1.0
AfterShip,2026-09-15,1,0,5.0,1.0,1,5.0,0,0.0,0.0,0.0,1.0
AfterShip,2026-09-16,5,0,4.6,0.4,5,4.6,2,0.0,0.0,0.0,1.0
AfterShip,2026-09-17,6,0,4.166666666666667,0.0,6,4.1667,14,0.0,0.0,0.0,1.0
AfterShip,2026-09-18,6,0,2.6666666666666665,-0.3333333333333333,6,2.6667,7,0.0,0.0,0.0,1.0
AfterShip,2026-09-19,3,0,3.6666666666666665,-0.3333333333333333,3,3.6667,0,0.0,0.0,0.0,1.0
Airtel,2026-08-06,38,2,1.631578947368421,-0.6052631578947368,158,2.3734,85,0.05263157894736842,8.3,5.0,0.241
Airtel,2026-08-07,78,12,2.4615384615384617,-0.14102564102564102,126,2.5159,142,0.15384615384615385,19.4,3.2,0.619
Airtel,2026-08-08,77,12,2.142857142857143,-0.22077922077922077,154,2.2662,77,0.15584415584415584,24.0,4.5,0.5
Airtel,2026-08-09,79,16,2.0,-0.3924050632911392,148,2.1284,188,0.20253164556962025,30.0,4.6,0.534
Airtel,2026-08-10,77,7,2.1948051948051948,-0.24675324675324675,159,2.3711,74,0.09090909090909091,14.5,3.8,0.484
Airtel,2026-08-11,79,14,2.2658227848101267,-0.22784810126582278,147,2.1088,97,0.17721518987341772,26.1,4.3,0.537
Airtel,2026-08-12,80,12,2.6,-0.1625,168,2.6131,132,0.15,25.2,4.9,0.476
Airtel,2026-08-13,80,8,2.375,-0.175,166,2.3494,77,0.1,16.6,4.0,0.482
Airtel,2026-08-14,79,6,2.1012658227848102,-0.24050632911392406,177,2.1751,65,0.0759493670886076,13.4,3.9,0.446
Airtel,2026-08-15,79,14,1.9493670886075949,-0.35443037974683544,142,1.8944,42,0.17721518987341772,25.2,4.1,0.556
Airtel,2026-08-16,79,10,2.1139240506329116,-0.22784810126582278,166,2.1988,87,0.12658227848101267,21.0,4.5,0.476
Airtel,2026-08-17,77,9,2.324675324675325,-0.35064935064935066,138,2.5797,55,0.11688311688311688,16.1,3.4,0.558
Airtel,2026-08-18,79,5,2.0253164556962027,-0.3291139240506329,148,2.0,39,0.06329113924050633,9.4,2.8,0.534
Airtel,2026-08-19,80,11,2.35,-0.25,139,2.5683,44,0.1375,19.1,3.5,0.576
Airtel,2026-08-20,78,12,1.8974358974358974,-0.32051282051282054,159,2.239,90,0.15384615384615385,24.5,4.7,0.491
Airtel,2026-08-21,77,10,2.8701298701298703,-0.12987012987012986,127,2.6378,60,0.12987012987012986,16.5,3.1,0.606
Airtel,2026-08-22,77,6,2.675324675324675,-0.15584415584415584,130,2.6538,61,0.07792207792207792,10.1,2.5,0.592
Airtel,2026-08-23,77,6,2.5064935064935066,-0.12987012987012986,152,2.4934,67,0.07792207792207792,11.8,3.3,0.507
Airtel,2026-08-24,80,6,2.525,-0.2625,133,2.4737,161,0.075,10.0,2.5,0.602
Airtel,2026-08-25,79,11,2.569620253164557,-0.05063291139240506,139,2.5324,50,0.13924050632911392,19.4,3.6,0.568
Airtel,2026-08-26,78,15,1.8461538461538463,-0.34615384615384615,115,2.0609,68,0.19230769230769232,22.1,2.9,0.678
Airtel,2026-08-27,79,9,2.0126582278481013,-0.4936708860759494,127,2.1811,111,0.11392405063291139,14.5,2.8,0.622
Airtel,2026-08-28,79,12,2.3544303797468356,-0.16455696202531644,122,2.459,58,0.1518987341772152,18.5,2.9,0.648
Airtel,2026-08-29,79,11,2.1772151898734178,-0.379746835443038,125,2.176,98,0.13924050632911392,17.4,3.0,0.632
Airtel,2026-08-30,79,7,2.1265822784810124,-0.24050632911392406,139,2.2086,117,0.08860759493670886,12.3,2.9,0.568
Airtel,2026-08-31,80,5,2.2875,-0.225,127,2.1654,75,0.0625,7.9,2.1,0.63
Airtel,2026-09-01,77,6,2.5064935064935066,-0.06493506493506493,147,2.6463,49,0.07792207792207792,11.5,3.1,0.524
Airtel,2026-09-02,79,10,2.3797468354430378,-0.16455696202531644,149,2.4631,47,0.12658227848101267,18.9,3.8,0.53
Airtel,2026-09-03,76,10,2.1710526315789473,-0.2894736842105263,152,2.3947,43,0.13157894736842105,20.0,4.2,0.5
Airtel,2026-09-04,80,6,2.4125,-0.2,156,2.4167,35,0.075,11.7,3.2,0.513
Airtel,2026-09-05,78,14,2.051282051282051,-0.34615384615384615,151,2.1722,33,0.1794871794871795,27.1,4.6,0.517
Airtel,2026-09-06,76,13,1.7236842105263157,-0.5394736842105263,173,2.1908,37,0.17105263157894737,29.6,5.6,0.439
Airtel,2026-09-07,80,7,2.2875,-0.3,142,2.4296,48,0.0875,12.4,3.0,0.563
Airtel,2026-09-08,79,8,2.0632911392405062,-0.26582278481012656,144,2.0556,43,0.10126582278481013,14.6,3.3,0.549
Airtel,2026-09-09,77,9,2.5194805194805197,-0.2077922077922078,137,2.5766,95,0.11688311688311688,16.0,3.3,0.562
Airtel,2026-09-10,77,11,2.2337662337662336,-0.16883116883116883,159,2.1824,72,0.14285714285714285,22.7,4.6,0.484
Airtel,2026-09-11,79,9,2.4936708860759493,-0.12658227848101267,121,2.4215,33,0.11392405063291139,13.8,2.6,0.653
Airtel,2026-09-12,79,6,2.6455696202531644,-0.16455696202531644,138,2.3261,30,0.0759493670886076,10.5,2.7,0.572
Airtel,2026-09-13,80,1,2.575,-0.1625,150,2.4867,66,0.0125,1.9,1.3,0.533
Airtel,2026-09-14,78,14,2.4871794871794872,-0.24358974358974358,124,2.3629,31,0.1794871794871795,22.3,3.3,0.629
Airtel,2026-09-15,76,6,2.3815789473684212,-0.21052631578947367,136,2.4853,36,0.07894736842105263,10.7,2.8,0.559
Airtel,2026-09-16,80,5,2.2875,-0.275,123,2.3984,68,0.0625,7.7,2.0,0.65
Airtel,2026-09-17,80,13,2.2125,-0.3875,143,2.3007,31,0.1625,23.2,3.9,0.559
Airtel,2026-09-18,77,9,2.4805194805194803,-0.12987012987012986,138,2.5217,46,0.11688311688311688,16.1,3.4,0.558
Airtel,2026-09-19,78,12,2.9615384615384617,0.038461538461538464,123,2.7561,13,0.15384615384615385,18.9,3.1,0.634
AliExpress,2026-08-06,14,2,2.4285714285714284,-0.21428571428571427,37,2.0,54,0.14285714285714285,5.3,2.8,0.378
AliExpress,2026-08-07,29,6,2.103448275862069,-0.4827586206896552,29,2.1034,22,0.20689655172413793,6.0,0.0,1.0
AliExpress,2026-08-08,28,9,2.5357142857142856,-0.07142857142857142,28,2.5357,23,0.32142857142857145,9.0,0.0,1.0
AliExpress,2026-08-09,15,2,2.1333333333333333,-0.5333333333333333,15,2.1333,11,0.13333333333333333,2.0,0.0,1.0
AliExpress,2026-08-10,22,5,2.227272727272727,-0.5454545454545454,22,2.2273,43,0.22727272727272727,5.0,0.0,1.0
AliExpress,2026-08-11,36,6,2.4444444444444446,-0.6111111111111112,36,2.4444,19,0.16666666666666666,6.0,0.0,1.0
AliExpress,2026-08-12,31,4,2.7096774193548385,-0.1935483870967742,31,2.7097,18,0.12903225806451613,4.0,0.0,1.0
AliExpress,2026-08-13,24,2,1.875,-0.5,24,1.875,21,0.08333333333333333,2.0,0.0,1.0
AliExpress,2026-08-14,27,7,1.9259259259259258,-0.48148148148148145,27,1.9259,55,0.25925925925925924,7.0,0.0,1.0
AliExpress,2026-08-15,32,8,2.03125,-0.5625,32,2.0312,44,0.25,8.0,0.0,1.0
AliExpress,2026-08-16,33,5,2.3636363636363638,-0.24242424242424243,33,2.3636,858,0.15151515151515152,5.0,0.0,1.0
AliExpress,2026-08-17,34,5,2.6470588235294117,-0.23529411764705882,34,2.6471,48,0.14705882352941177,5.0,0.0,1.0
AliExpress,2026-08-18,31,9,2.6129032258064515,-0.2903225806451613,31,2.6129,17,0.2903225806451613,9.0,0.0,1.0
AliExpress,2026-08-19,34,4,2.8823529411764706,-0.08823529411764706,34,2.8824,24,0.11764705882352941,4.0,0.0,1.0
AliExpress,2026-08-20,35,14,2.057142857142857,-0.34285714285714286,36,2.1389,69,0.4,14.4,0.5,0.972
AliExpress,2026-08-21,32,3,2.625,-0.25,32,2.625,21,0.09375,3.0,0.0,1.0
AliExpress,2026-08-22,32,7,2.34375,-0.28125,32,2.3438,485,0.21875,7.0,0.0,1.0
AliExpress,2026-08-23,30,5,2.466666666666667,-0.23333333333333334,30,2.4667,45,0.16666666666666666,5.0,0.0,1.0
AliExpress,2026-08-24,38,5,2.4473684210526314,-0.3684210526315789,38,2.4474,14,0.13157894736842105,5.0,0.0,1.0
AliExpress,2026-08-25,33,10,2.212121212121212,-0.5757575757575758,33,2.2121,29,0.30303030303030304,10.0,0.0,1.0
AliExpress,2026-08-26,38,7,2.6052631578947367,-0.15789473684210525,39,2.6667,22,0.18421052631578946,7.2,0.4,0.974
AliExpress,2026-08-27,43,9,2.2093023255813953,-0.4883720930232558,43,2.2093,23,0.20930232558139536,9.0,0.0,1.0
AliExpress,2026-08-28,28,6,2.5357142857142856,-0.2857142857142857,28,2.5357,270,0.21428571428571427,6.0,0.0,1.0
AliExpress,2026-08-29,15,3,2.933333333333333,-0.06666666666666667,15,2.9333,12,0.2,3.0,0.0,1.0
AliExpress,2026-08-30,23,4,2.9130434782608696,-0.2608695652173913,23,2.913,9,0.17391304347826086,4.0,0.0,1.0
AliExpress,2026-08-31,30,7,2.7,-0.36666666666666664,30,2.7,80,0.23333333333333334,7.0,0.0,1.0
AliExpress,2026-09-01,29,4,2.4482758620689653,-0.1724137931034483,29,2.4483,27,0.13793103448275862,4.0,0.0,1.0
AliExpress,2026-09-02,29,5,2.310344827586207,-0.3793103448275862,29,2.3103,95,0.1724137931034483,5.0,0.0,1.0
AliExpress,2026-09-03,31,9,2.129032258064516,-0.5483870967741935,31,2.129,18,0.2903225806451613,9.0,0.0,1.0
AliExpress,2026-09-04,44,14,2.3863636363636362,-0.4772727272727273,44,2.3864,25,0.3181818181818182,14.0,0.0,1.0
AliExpress,2026-09-05,18,3,2.5,-0.2777777777777778,18,2.5,2,0.16666666666666666,3.0,0.0,1.0
AliExpress,2026-09-06,36,7,2.3333333333333335,-0.2777777777777778,36,2.3333,38,0.19444444444444445,7.0,0.0,1.0
AliExpress,2026-09-07,30,6,1.9333333333333333,-0.4,30,1.9333,161,0.2,6.0,0.0,1.0
AliExpress,2026-09-08,20,4,2.7,-0.15,20,2.7,7,0.2,4.0,0.0,1.0
AliExpress,2026-09-09,36,11,2.1944444444444446,-0.3055555555555556,36,2.1944,27,0.3055555555555556,11.0,0.0,1.0
AliExpress,2026-09-10,33,8,1.9090909090909092,-0.48484848484848486,33,1.9091,25,0.24242424242424243,8.0,0.0,1.0
AliExpress,2026-09-11,28,1,2.6785714285714284,-0.35714285714285715,28,2.6786,24,0.03571428571428571,1.0,0.0,1.0
AliExpress,2026-09-12,32,6,2.1875,-0.65625,33,2.2121,28,0.1875,6.2,0.4,0.97
AliExpress,2026-09-13,22,4,2.5,-0.36363636363636365,22,2.5,33,0.18181818181818182,4.0,0.0,1.0
AliExpress,2026-09-14,35,10,2.085714285714286,-0.5428571428571428,35,2.0857,12,0.2857142857142857,10.0,0.0,1.0
AliExpress,2026-09-15,32,5,2.4375,-0.53125,32,2.4375,13,0.15625,5.0,0.0,1.0
AliExpress,2026-09-16,18,2,2.388888888888889,-0.2222222222222222,18,2.3889,11,0.1111111111111111,2.0,0.0,1.0
AliExpress,2026-09-17,37,9,2.2972972972972974,-0.21621621621621623,37,2.2973,6,0.24324324324324326,9.0,0.0,1.0
AliExpress,2026-09-18,37,10,1.7567567567567568,-0.5675675675675675,38,1.8421,7,0.2702702702702703,10.3,0.5,0.974
AliExpress,2026-09-19,25,8,3.0,-0.12,26,3.0769,10,0.32,8.3,0.5,0.962
Amazon,2026-08-06,28,3,2.392857142857143,-0.32142857142857145,97,2.4227,146,0.10714285714285714,10.4,4.8,0.289
Amazon,2026-08-07,80,8,2.8,-0.325,113,2.6106,137,0.1,11.3,2.1,0.708
Amazon,2026-08-08,80,16,2.625,-0.2875,124,2.5968,170,0.2,24.8,3.3,0.645
Amazon,2026-08-09,80,11,2.325,-0.3875,134,2.1567,157,0.1375,18.4,3.3,0.597
Amazon,2026-08-10,80,11,2.5,-0.3625,119,2.5378,259,0.1375,16.4,2.6,0.672
Amazon,2026-08-11,80,16,2.375,-0.35,136,2.4265,373,0.2,27.2,3.9,0.588
Amazon,2026-08-12,80,16,2.65,-0.2625,117,2.7265,96,0.2,23.4,3.0,0.684
Amazon,2026-08-13,79,16,2.569620253164557,-0.34177215189873417,98,2.6531,116,0.20253164556962025,19.8,2.0,0.806
Amazon,2026-08-14,80,14,2.2625,-0.5125,99,2.2323,169,0.175,17.3,1.9,0.808
Amazon,2026-08-15,80,13,2.7125,-0.2625,105,2.7143,82,0.1625,17.1,2.1,0.762
Amazon,2026-08-16,79,14,3.088607594936709,-0.16455696202531644,105,3.0857,143,0.17721518987341772,18.6,2.3,0.752
Amazon,2026-08-17,79,15,2.4936708860759493,-0.34177215189873417,92,2.4565,370,0.189873417721519,17.5,1.5,0.859
Amazon,2026-08-18,79,14,2.9873417721518987,-0.189873417721519,88,3.0114,160,0.17721518987341772,15.6,1.2,0.898
Amazon,2026-08-19,80,13,2.7875,-0.3375,94,2.6702,129,0.1625,15.3,1.5,0.851
Amazon,2026-08-20,79,12,2.9367088607594938,-0.12658227848101267,97,2.8969,503,0.1518987341772152,14.7,1.7,0.814
Amazon,2026-08-21,80,10,2.4375,-0.225,96,2.4271,599,0.125,12.0,1.5,0.833
Amazon,2026-08-22,80,6,2.5875,-0.2875,113,2.6195,129,0.075,8.5,1.8,0.708
Amazon,2026-08-23,80,12,2.6375,-0.2,108,2.5278,129,0.15,16.2,2.2,0.741
Amazon,2026-08-24,80,11,2.575,-0.2375,107,2.5607,263,0.1375,14.7,2.1,0.748
Amazon,2026-08-25,79,19,2.240506329113924,-0.5316455696202531,112,2.3393,138,0.24050632911392406,26.9,2.9,0.705
Amazon,2026-08-26,79,11,2.7974683544303796,-0.20253164556962025,110,2.7,764,0.13924050632911392,15.3,2.3,0.718
Amazon,2026-08-27,80,9,2.6625,-0.3,108,2.713,444,0.1125,12.2,2.0,0.741
Amazon,2026-08-28,80,9,2.1,-0.4375,103,2.2816,114,0.1125,11.6,1.7,0.777
Amazon,2026-08-29,80,8,2.275,-0.475,107,2.2991,301,0.1,10.7,1.8,0.748
Amazon,2026-08-30,80,17,2.5375,-0.2625,113,2.531,194,0.2125,24.0,2.8,0.708
Amazon,2026-08-31,80,9,2.7625,-0.1125,109,2.633,125,0.1125,12.3,2.0,0.734
Amazon,2026-09-01,80,17,2.4875,-0.325,124,2.4597,689,0.2125,26.4,3.4,0.645
Amazon,2026-09-02,80,11,2.6375,-0.1875,132,2.6061,341,0.1375,18.2,3.2,0.606
Amazon,2026-09-03,80,11,2.5375,-0.3375,103,2.6117,79,0.1375,14.2,1.9,0.777
Amazon,2026-09-04,80,23,2.5625,-0.425,127,2.5433,189,0.2875,36.5,3.9,0.63
Amazon,2026-09-05,80,18,2.5625,-0.275,111,2.6667,217,0.225,25.0,2.8,0.721
Amazon,2026-09-06,79,13,2.670886075949367,-0.189873417721519,103,2.6796,142,0.16455696202531644,16.9,2.1,0.767
Amazon,2026-09-07,78,12,2.230769230769231,-0.5,95,2.3474,248,0.15384615384615385,14.6,1.7,0.821
Amazon,2026-09-08,80,16,2.65,-0.1375,95,2.6421,399,0.2,19.0,1.7,0.842
Amazon,2026-09-09,79,15,2.5822784810126582,-0.3670886075949367,113,2.4602,318,0.189873417721519,21.5,2.7,0.699
Amazon,2026-09-10,78,10,2.6794871794871793,-0.20512820512820512,117,2.4957,273,0.1282051282051282,15.0,2.6,0.667
Amazon,2026-09-11,80,10,2.35,-0.3625,95,2.2211,131,0.125,11.9,1.4,0.842
Amazon,2026-09-12,79,19,2.430379746835443,-0.5189873417721519,99,2.4949,229,0.24050632911392406,23.8,2.2,0.798
Amazon,2026-09-13,79,8,2.8607594936708862,-0.3924050632911392,133,2.8045,243,0.10126582278481013,13.5,2.9,0.594
Amazon,2026-09-14,80,6,2.825,-0.125,114,2.8246,65,0.075,8.5,1.8,0.702
Amazon,2026-09-15,80,8,2.725,-0.2375,97,2.732,74,0.1,9.7,1.4,0.825
Amazon,2026-09-16,80,10,2.35,-0.4125,87,2.3678,157,0.125,10.9,0.9,0.92
Amazon,2026-09-17,80,9,2.85,-0.2125,93,2.7204,31,0.1125,10.5,1.2,0.86
Amazon,2026-09-18,79,8,2.9873417721518987,-0.13924050632911392,103,2.8641,353,0.10126582278481013,10.4,1.7,0.767
Amazon,2026-09-19,80,9,2.8375,-0.175,87,2.7816,23,0.1125,9.8,0.9,0.92
Amazon IN,2026-08-06,26,5,2.923076923076923,-0.19230769230769232,175,2.5714,130,0.19230769230769232,33.7,12.5,0.149
Amazon IN,2026-08-07,78,14,2.551282051282051,-0.32051282051282054,226,2.5531,118,0.1794871794871795,40.6,8.0,0.345
Amazon IN,2026-08-08,78,10,2.769230769230769,-0.07692307692307693,266,2.7368,177,0.1282051282051282,34.1,8.5,0.293
Amazon IN,2026-08-09,80,22,2.8625,-0.0625,213,2.5634,124,0.275,58.6,8.4,0.376
Amazon IN,2026-08-10,79,19,2.5443037974683542,-0.22784810126582278,225,2.7556,70,0.24050632911392406,54.1,8.7,0.351
Amazon IN,2026-08-11,77,17,2.272727272727273,-0.33766233766233766,218,2.4908,91,0.22077922077922077,48.1,8.3,0.353
Amazon IN,2026-08-12,78,20,2.551282051282051,-0.2564102564102564,210,2.5524,79,0.2564102564102564,53.8,8.3,0.371
Amazon IN,2026-08-13,79,22,2.3797468354430378,-0.2911392405063291,193,2.4249,72,0.27848101265822783,53.7,7.5,0.409
Amazon IN,2026-08-14,79,16,2.6582278481012658,-0.0379746835443038,179,2.3799,149,0.20253164556962025,36.3,6.1,0.441
Amazon IN,2026-08-15,77,22,2.5064935064935066,-0.22077922077922077,182,2.6044,121,0.2857142857142857,52.0,7.1,0.423
Amazon IN,2026-08-16,79,23,2.848101265822785,-0.13924050632911392,205,2.7073,854,0.2911392405063291,59.7,8.2,0.385
Amazon IN,2026-08-17,79,18,2.3544303797468356,-0.24050632911392406,180,2.5333,130,0.22784810126582278,41.0,6.4,0.439
Amazon IN,2026-08-18,79,17,2.670886075949367,-0.11392405063291139,211,2.5403,936,0.21518987341772153,45.4,7.7,0.374
Amazon IN,2026-08-19,78,15,2.4743589743589745,-0.21794871794871795,185,2.5676,361,0.19230769230769232,35.6,6.3,0.422
Amazon IN,2026-08-20,78,17,2.5,-0.20512820512820512,183,2.224,182,0.21794871794871795,39.9,6.5,0.426
Amazon IN,2026-08-21,79,15,2.670886075949367,-0.189873417721519,177,2.5989,110,0.189873417721519,33.6,5.8,0.446
Amazon IN,2026-08-22,79,23,2.4177215189873418,-0.2911392405063291,184,2.375,155,0.2911392405063291,53.6,7.1,0.429
Amazon IN,2026-08-23,77,30,2.311688311688312,-0.18181818181818182,224,2.3795,174,0.38961038961038963,87.3,10.1,0.344
Amazon IN,2026-08-24,77,16,2.4675324675324677,-0.2727272727272727,223,2.5381,118,0.2077922077922078,46.3,8.4,0.345
Amazon IN,2026-08-25,78,15,2.551282051282051,-0.21794871794871795,190,2.5474,111,0.19230769230769232,36.5,6.5,0.411
Amazon IN,2026-08-26,80,17,2.5875,-0.1375,197,2.5381,157,0.2125,41.9,7.0,0.406
Amazon IN,2026-08-27,79,22,2.240506329113924,-0.3291139240506329,181,2.116,69,0.27848101265822783,50.4,6.9,0.436
Amazon IN,2026-08-28,79,19,2.3797468354430378,-0.25316455696202533,200,2.445,113,0.24050632911392406,48.1,7.5,0.395
Amazon IN,2026-08-29,79,22,2.151898734177215,-0.3670886075949367,179,2.2291,151,0.27848101265822783,49.8,6.8,0.441
Amazon IN,2026-08-30,78,20,2.551282051282051,-0.3333333333333333,193,2.7202,174,0.2564102564102564,49.5,7.4,0.404
Amazon IN,2026-08-31,79,18,2.4050632911392404,-0.20253164556962025,172,2.4651,169,0.22784810126582278,39.2,6.0,0.459
Amazon IN,2026-09-01,78,16,2.41025641025641,-0.2948717948717949,163,2.2638,156,0.20512820512820512,33.4,5.4,0.479
Amazon IN,2026-09-02,80,15,2.825,-0.1875,202,2.7129,166,0.1875,37.9,6.9,0.396
Amazon IN,2026-09-03,79,16,2.2658227848101267,-0.3291139240506329,202,2.6386,132,0.20253164556962025,40.9,7.1,0.391
Amazon IN,2026-09-04,78,20,2.4358974358974357,-0.2692307692307692,220,2.3273,96,0.2564102564102564,56.4,8.8,0.355
Amazon IN,2026-09-05,78,14,2.448717948717949,-0.24358974358974358,189,2.6296,95,0.1794871794871795,33.9,6.3,0.413
Amazon IN,2026-09-06,80,15,2.5625,-0.3,200,2.75,413,0.1875,37.5,6.8,0.4
Amazon IN,2026-09-07,78,21,2.2948717948717947,-0.3974358974358974,180,2.4222,86,0.2692307692307692,48.5,6.8,0.433
Amazon IN,2026-09-08,77,18,2.5974025974025974,-0.22077922077922077,181,2.4751,104,0.23376623376623376,42.3,6.6,0.425
Amazon IN,2026-09-09,80,13,2.6375,-0.2,183,2.623,234,0.1625,29.7,5.7,0.437
Amazon IN,2026-09-10,79,16,2.329113924050633,-0.20253164556962025,185,2.6162,77,0.20253164556962025,37.5,6.3,0.427
Amazon IN,2026-09-11,79,18,2.430379746835443,-0.20253164556962025,200,2.63,129,0.22784810126582278,45.6,7.4,0.395
Amazon IN,2026-09-12,79,20,2.518987341772152,-0.27848101265822783,178,2.5393,35,0.25316455696202533,45.1,6.5,0.444
Amazon IN,2026-09-13,79,25,2.3164556962025316,-0.31645569620253167,197,2.5431,119,0.31645569620253167,62.3,8.0,0.401
Amazon IN,2026-09-14,80,13,2.5,-0.1375,194,2.6856,1496,0.1625,31.5,6.1,0.412
Amazon IN,2026-09-15,78,17,2.217948717948718,-0.3333333333333333,159,2.3648,189,0.21794871794871795,34.7,5.3,0.491
Amazon IN,2026-09-16,76,13,2.6578947368421053,-0.25,171,2.9708,85,0.17105263157894737,29.2,5.5,0.444
Amazon IN,2026-09-17,79,20,2.6202531645569622,-0.22784810126582278,171,2.7135,138,0.25316455696202533,43.3,6.2,0.462
Amazon IN,2026-09-18,77,17,2.688311688311688,-0.12987012987012986,206,2.5777,54,0.22077922077922077,45.5,7.7,0.374
Amazon IN,2026-09-19,79,16,2.5949367088607596,-0.21518987341772153,174,2.569,29,0.20253164556962025,35.2,5.8,0.454
American,2026-08-06,8,1,4.875,0.625,14,4.9286,1,0.125,1.8,1.1,0.571
American,2026-08-07,21,1,4.571428571428571,0.23809523809523808,21,4.5714,0,0.047619047619047616,1.0,0.0,1.0
American,2026-08-08,19,0,4.631578947368421,0.21052631578947367,19,4.6316,7,0.0,0.0,0.0,1.0
American,2026-08-09,22,2,4.2272727272727275,-0.22727272727272727,22,4.2273,0,0.09090909090909091,2.0,0.0,1.0
American,2026-08-10,15,1,4.466666666666667,0.13333333333333333,15,4.4667,0,0.06666666666666667,1.0,0.0,1.0
American,2026-08-11,21,1,4.571428571428571,0.19047619047619047,21,4.5714,1,0.047619047619047616,1.0,0.0,1.0
American,2026-08-12,14,2,4.714285714285714,0.5714285714285714,14,4.7143,2,0.14285714285714285,2.0,0.0,1.0
American,2026-08-13,16,0,4.5,0.375,17,4.4706,4,0.0,0.0,0.0,0.941
American,2026-08-14,13,0,4.461538461538462,0.23076923076923078,13,4.4615,1,0.0,0.0,0.0,1.0
American,2026-08-15,12,0,3.9166666666666665,0.25,12,3.9167,0,0.0,0.0,0.0,1.0
American,2026-08-16,13,2,4.0,0.38461538461538464,13,4.0,0,0.15384615384615385,2.0,0.0,1.0
American,2026-08-17,15,0,4.6,0.2,15,4.6,0,0.0,0.0,0.0,1.0
American,2026-08-18,5,0,5.0,1.0,5,5.0,0,0.0,0.0,0.0,1.0
American,2026-08-19,19,1,4.631578947368421,0.3157894736842105,19,4.6316,3,0.05263157894736842,1.0,0.0,1.0
American,2026-08-20,14,0,4.785714285714286,0.5,14,4.7857,1,0.0,0.0,0.0,1.0
American,2026-08-21,19,0,4.631578947368421,0.47368421052631576,19,4.6316,0,0.0,0.0,0.0,1.0
American,2026-08-22,16,2,4.375,0.375,16,4.375,0,0.125,2.0,0.0,1.0
American,2026-08-23,15,0,4.866666666666666,0.26666666666666666,15,4.8667,0,0.0,0.0,0.0,1.0
American,2026-08-24,14,0,3.7857142857142856,0.07142857142857142,14,3.7857,5,0.0,0.0,0.0,1.0
American,2026-08-25,10,0,4.2,0.3,10,4.2,5,0.0,0.0,0.0,1.0
American,2026-08-26,17,0,4.705882352941177,0.35294117647058826,17,4.7059,0,0.0,0.0,0.0,1.0
American,2026-08-27,8,0,4.75,0.625,8,4.75,0,0.0,0.0,0.0,1.0
American,2026-08-28,12,1,4.833333333333333,0.5,12,4.8333,2,0.08333333333333333,1.0,0.0,1.0
American,2026-08-29,7,1,4.857142857142857,0.42857142857142855,7,4.8571,0,0.14285714285714285,1.0,0.0,1.0
American,2026-08-30,11,1,4.181818181818182,0.5454545454545454,11,4.1818,1,0.09090909090909091,1.0,0.0,1.0
American,2026-08-31,16,0,4.25,0.0625,16,4.25,3,0.0,0.0,0.0,1.0
American,2026-09-01,16,1,4.5,0.375,16,4.5,1,0.0625,1.0,0.0,1.0
American,2026-09-02,13,0,4.6923076923076925,0.3076923076923077,13,4.6923,0,0.0,0.0,0.0,1.0
American,2026-09-03,20,2,4.0,0.3,20,4.0,2,0.1,2.0,0.0,1.0
American,2026-09-04,20,3,4.4,0.4,20,4.4,0,0.15,3.0,0.0,1.0
American,2026-09-05,11,0,4.818181818181818,0.0,11,4.8182,0,0.0,0.0,0.0,1.0
American,2026-09-06,10,1,4.3,0.1,10,4.3,1,0.1,1.0,0.0,1.0
American,2026-09-07,8,0,4.0,0.0,8,4.0,1,0.0,0.0,0.0,1.0
American,2026-09-08,18,1,4.777777777777778,0.4444444444444444,18,4.7778,3,0.05555555555555555,1.0,0.0,1.0
American,2026-09-09,14,0,4.0,0.07142857142857142,14,4.0,6,0.0,0.0,0.0,1.0
American,2026-09-10,9,0,4.444444444444445,0.4444444444444444,9,4.4444,0,0.0,0.0,0.0,1.0
American,2026-09-11,8,0,3.375,-0.125,8,3.375,0,0.0,0.0,0.0,1.0
American,2026-09-12,12,1,3.8333333333333335,0.5,12,3.8333,1,0.08333333333333333,1.0,0.0,1.0
American,2026-09-13,15,0,4.266666666666667,0.4,15,4.2667,0,0.0,0.0,0.0,1.0
American,2026-09-14,18,0,4.5,0.16666666666666666,19,4.5263,0,0.0,0.0,0.0,0.947
American,2026-09-15,9,0,4.444444444444445,0.3333333333333333,9,4.4444,0,0.0,0.0,0.0,1.0
American,2026-09-16,11,0,4.818181818181818,0.5454545454545454,11,4.8182,1,0.0,0.0,0.0,1.0
American,2026-09-17,19,1,4.157894736842105,0.05263157894736842,19,4.1579,0,0.05263157894736842,1.0,0.0,1.0
American,2026-09-18,9,0,4.777777777777778,0.6666666666666666,9,4.7778,0,0.0,0.0,0.0,1.0
American,2026-09-19,14,0,3.642857142857143,0.0,14,3.6429,1,0.0,0.0,0.0,1.0
Blinkit,2026-08-06,33,1,4.212121212121212,0.45454545454545453,1326,4.0935,70,0.030303030303030304,40.2,39.1,0.025
Blinkit,2026-08-07,78,1,4.371794871794871,0.6282051282051282,1188,4.1338,96,0.01282051282051282,15.2,14.6,0.066
Blinkit,2026-08-08,77,3,4.376623376623376,0.5324675324675324,1355,4.1336,163,0.03896103896103896,52.8,29.0,0.057
Blinkit,2026-08-09,76,7,3.776315789473684,0.4868421052631579,1635,4.1303,163,0.09210526315789473,150.6,53.0,0.046
Blinkit,2026-08-10,75,3,4.2,0.5866666666666667,1318,4.0698,151,0.04,52.7,29.0,0.057
Blinkit,2026-08-11,78,4,4.128205128205129,0.5256410256410257,1368,4.1045,190,0.05128205128205128,70.2,33.2,0.057
Blinkit,2026-08-12,73,2,3.835616438356164,0.4931506849315068,1314,4.1035,213,0.0273972602739726,36.0,24.4,0.056
Blinkit,2026-08-13,80,3,3.975,0.5125,1322,4.0363,138,0.0375,49.6,27.2,0.061
Blinkit,2026-08-14,78,2,4.076923076923077,0.6794871794871795,1237,4.0711,56,0.02564102564102564,31.7,21.4,0.063
Blinkit,2026-08-15,76,4,3.9342105263157894,0.6447368421052632,1535,4.099,104,0.05263157894736842,80.8,38.3,0.05
Blinkit,2026-08-16,78,0,4.32051282051282,0.7051282051282052,1590,4.0516,129,0.0,0.0,0.0,0.049
Blinkit,2026-08-17,79,1,4.253164556962025,0.620253164556962,1340,4.0933,96,0.012658227848101266,17.0,16.4,0.059
Blinkit,2026-08-18,79,3,3.8987341772151898,0.5063291139240507,1301,4.0538,60,0.0379746835443038,49.4,27.1,0.061
Blinkit,2026-08-19,79,6,4.050632911392405,0.3924050632911392,1344,4.0908,126,0.0759493670886076,102.1,38.9,0.059
Blinkit,2026-08-20,79,4,4.30379746835443,0.620253164556962,1273,4.0683,138,0.05063291139240506,64.5,30.4,0.062
Blinkit,2026-08-21,78,8,3.6153846153846154,0.3076923076923077,1283,4.0896,110,0.10256410256410256,131.6,42.7,0.061
Blinkit,2026-08-22,76,2,4.118421052631579,0.6052631578947368,1375,4.0945,86,0.02631578947368421,36.2,24.5,0.055
Blinkit,2026-08-23,75,5,4.093333333333334,0.6133333333333333,1667,4.0978,91,0.06666666666666667,111.1,46.9,0.045
Blinkit,2026-08-24,75,6,3.7333333333333334,0.4,1323,4.0514,67,0.08,105.8,40.3,0.057
Blinkit,2026-08-25,78,6,4.205128205128205,0.5897435897435898,1284,4.1558,101,0.07692307692307693,98.8,37.6,0.061
Blinkit,2026-08-26,76,1,4.355263157894737,0.5131578947368421,1599,4.0969,123,0.013157894736842105,21.0,20.4,0.048
Blinkit,2026-08-27,79,5,3.8987341772151898,0.5063291139240507,1851,4.0681,219,0.06329113924050633,117.2,49.6,0.043
Blinkit,2026-08-28,77,2,3.5844155844155843,0.37662337662337664,1874,3.9888,79,0.025974025974025976,48.7,33.3,0.041
Blinkit,2026-08-29,78,5,3.8846153846153846,0.4230769230769231,1286,4.021,78,0.0641025641025641,82.4,34.6,0.061
Blinkit,2026-08-30,76,3,3.986842105263158,0.4868421052631579,1625,4.0622,113,0.039473684210526314,64.1,35.4,0.047
Blinkit,2026-08-31,79,3,4.291139240506329,0.5949367088607594,1226,4.1525,95,0.0379746835443038,46.6,25.5,0.064
Blinkit,2026-09-01,78,3,3.730769230769231,0.5256410256410257,1246,4.0201,148,0.038461538461538464,47.9,26.3,0.063
Blinkit,2026-09-02,78,4,4.115384615384615,0.4358974358974359,1375,4.0676,113,0.05128205128205128,70.5,33.4,0.057
Blinkit,2026-09-03,77,4,4.12987012987013,0.4935064935064935,1371,4.1065,119,0.05194805194805195,71.2,33.7,0.056
Blinkit,2026-09-04,78,1,3.948717948717949,0.6025641025641025,1686,4.0718,92,0.01282051282051282,21.6,21.0,0.046
Blinkit,2026-09-05,77,5,3.896103896103896,0.5324675324675324,1326,3.9992,171,0.06493506493506493,86.1,36.2,0.058
Blinkit,2026-09-06,76,3,4.2368421052631575,0.6578947368421053,1627,4.0615,226,0.039473684210526314,64.2,35.5,0.047
Blinkit,2026-09-07,79,2,4.177215189873418,0.379746835443038,1334,4.099,140,0.02531645569620253,33.8,22.9,0.059
Blinkit,2026-09-08,79,2,4.113924050632911,0.6075949367088608,1384,4.1272,81,0.02531645569620253,35.0,23.8,0.057
Blinkit,2026-09-09,78,3,3.9743589743589745,0.48717948717948717,1419,4.0937,76,0.038461538461538464,54.6,30.0,0.055
Blinkit,2026-09-10,78,6,4.153846153846154,0.5,1414,4.0587,55,0.07692307692307693,108.8,41.5,0.055
Blinkit,2026-09-11,76,2,4.223684210526316,0.5657894736842105,1451,4.0882,94,0.02631578947368421,38.2,25.9,0.052
Blinkit,2026-09-12,77,5,3.987012987012987,0.5324675324675324,1516,4.1029,86,0.06493506493506493,98.4,41.5,0.051
Blinkit,2026-09-13,77,4,3.844155844155844,0.5324675324675324,1833,4.0824,106,0.05194805194805195,95.2,45.4,0.042
Blinkit,2026-09-14,79,7,3.848101265822785,0.25316455696202533,1551,4.0832,82,0.08860759493670886,137.4,48.3,0.051
Blinkit,2026-09-15,77,4,3.857142857142857,0.4675324675324675,1293,4.0008,90,0.05194805194805195,67.2,31.7,0.06
Blinkit,2026-09-16,76,3,4.0131578947368425,0.5131578947368421,1221,4.1376,58,0.039473684210526314,48.2,26.4,0.062
Blinkit,2026-09-17,78,3,4.217948717948718,0.46153846153846156,1331,4.0428,39,0.038461538461538464,51.2,28.1,0.059
Blinkit,2026-09-18,76,4,3.8947368421052633,0.47368421052631576,1259,4.0921,55,0.05263157894736842,66.3,31.3,0.06
Blinkit,2026-09-19,78,4,4.128205128205129,0.5128205128205128,1136,4.1259,53,0.05128205128205128,58.3,27.4,0.069
Bluedart,2026-08-07,1,0,1.0,0.0,1,1.0,5,0.0,0.0,0.0,1.0
Bluedart,2026-08-09,1,1,1.0,-1.0,1,1.0,8,1.0,1.0,0.0,1.0
Bluedart,2026-08-10,1,0,1.0,-1.0,1,1.0,4,0.0,0.0,0.0,1.0
Bluedart,2026-08-11,2,0,1.0,-1.0,2,1.0,15,0.0,0.0,0.0,1.0
Bluedart,2026-08-14,1,0,1.0,-1.0,1,1.0,2,0.0,0.0,0.0,1.0
Bluedart,2026-08-17,2,0,1.5,-1.0,2,1.5,4,0.0,0.0,0.0,1.0
Bluedart,2026-08-18,3,1,1.0,-1.0,3,1.0,9,0.3333333333333333,1.0,0.0,1.0
Bluedart,2026-08-19,2,0,1.0,-0.5,2,1.0,6,0.0,0.0,0.0,1.0
Bluedart,2026-08-20,3,1,1.0,-0.6666666666666666,3,1.0,10,0.3333333333333333,1.0,0.0,1.0
Bluedart,2026-08-21,3,2,1.0,-1.0,3,1.0,21,0.6666666666666666,2.0,0.0,1.0
Bluedart,2026-08-22,3,0,1.0,-1.0,3,1.0,9,0.0,0.0,0.0,1.0
Bluedart,2026-08-25,1,1,1.0,-1.0,1,1.0,9,1.0,1.0,0.0,1.0
Bluedart,2026-08-26,2,0,1.0,-1.0,2,1.0,3,0.0,0.0,0.0,1.0
Bluedart,2026-08-27,3,0,2.0,-0.6666666666666666,3,2.0,7,0.0,0.0,0.0,1.0
Bluedart,2026-08-29,1,0,1.0,0.0,1,1.0,2,0.0,0.0,0.0,1.0
Bluedart,2026-08-30,1,0,1.0,0.0,1,1.0,3,0.0,0.0,0.0,1.0
Bluedart,2026-08-31,1,0,5.0,1.0,1,5.0,0,0.0,0.0,0.0,1.0
Bluedart,2026-09-03,4,0,1.0,-1.0,4,1.0,4,0.0,0.0,0.0,1.0
Bluedart,2026-09-04,1,0,1.0,-1.0,1,1.0,3,0.0,0.0,0.0,1.0
Bluedart,2026-09-05,2,0,1.0,-1.0,2,1.0,3,0.0,0.0,0.0,1.0
Bluedart,2026-09-07,2,1,1.0,-0.5,2,1.0,1,0.5,1.0,0.0,1.0
Bluedart,2026-09-08,2,0,2.0,-1.0,2,2.0,3,0.0,0.0,0.0,1.0
Bluedart,2026-09-09,2,1,1.0,-0.5,2,1.0,2,0.5,1.0,0.0,1.0
Bluedart,2026-09-10,5,1,1.0,-0.8,5,1.0,1,0.2,1.0,0.0,1.0
Bluedart,2026-09-11,5,2,1.0,-0.6,5,1.0,1,0.4,2.0,0.0,1.0
Bluedart,2026-09-12,1,0,3.0,1.0,1,3.0,0,0.0,0.0,0.0,1.0
Bluedart,2026-09-13,1,0,1.0,-1.0,1,1.0,0,0.0,0.0,0.0,1.0
Bluedart,2026-09-15,3,2,1.0,-0.6666666666666666,3,1.0,2,0.6666666666666666,2.0,0.0,1.0
Bluedart,2026-09-16,2,1,1.0,-1.0,2,1.0,2,0.5,1.0,0.0,1.0
Bluedart,2026-09-17,1,0,1.0,0.0,1,1.0,0,0.0,0.0,0.0,1.0
Bluedart,2026-09-18,2,0,1.0,-1.0,2,1.0,0,0.0,0.0,0.0,1.0
Bluedart,2026-09-19,2,1,1.0,-1.0,2,1.0,0,0.5,1.0,0.0,1.0
DHL,2026-08-07,3,1,2.3333333333333335,-0.3333333333333333,3,2.3333,0,0.3333333333333333,1.0,0.0,1.0
DHL,2026-08-08,2,1,3.0,-1.0,2,3.0,0,0.5,1.0,0.0,1.0
DHL,2026-08-09,1,0,1.0,-1.0,1,1.0,5,0.0,0.0,0.0,1.0
DHL,2026-08-10,1,0,1.0,-1.0,1,1.0,0,0.0,0.0,0.0,1.0
DHL,2026-08-11,2,2,1.0,-1.0,2,1.0,1,1.0,2.0,0.0,1.0
DHL,2026-08-12,2,1,2.0,-0.5,2,2.0,0,0.5,1.0,0.0,1.0
DHL,2026-08-13,3,0,1.0,-0.3333333333333333,3,1.0,0,0.0,0.0,0.0,1.0
DHL,2026-08-14,1,0,4.0,0.0,1,4.0,0,0.0,0.0,0.0,1.0
DHL,2026-08-16,1,0,1.0,0.0,1,1.0,0,0.0,0.0,0.0,1.0
DHL,2026-08-17,2,0,1.0,-1.0,2,1.0,1,0.0,0.0,0.0,1.0
DHL,2026-08-18,1,0,5.0,1.0,1,5.0,0,0.0,0.0,0.0,1.0
DHL,2026-08-19,3,1,2.3333333333333335,0.3333333333333333,3,2.3333,0,0.3333333333333333,1.0,0.0,1.0
DHL,2026-08-20,4,2,1.75,-1.0,4,1.75,0,0.5,2.0,0.0,1.0
DHL,2026-08-21,1,0,5.0,1.0,1,5.0,0,0.0,0.0,0.0,1.0
DHL,2026-08-22,1,0,1.0,-1.0,1,1.0,0,0.0,0.0,0.0,1.0
DHL,2026-08-23,1,0,1.0,0.0,1,1.0,0,0.0,0.0,0.0,1.0
DHL,2026-08-24,1,0,1.0,0.0,1,1.0,0,0.0,0.0,0.0,1.0
DHL,2026-08-25,4,1,2.25,-0.75,4,2.25,0,0.25,1.0,0.0,1.0
DHL,2026-08-26,1,0,4.0,1.0,1,4.0,0,0.0,0.0,0.0,1.0
DHL,2026-08-27,2,0,1.0,-0.5,2,1.0,4,0.0,0.0,0.0,1.0
DHL,2026-08-28,3,0,1.0,0.0,3,1.0,0,0.0,0.0,0.0,1.0
DHL,2026-08-29,2,0,1.0,-0.5,2,1.0,0,0.0,0.0,0.0,1.0
DHL,2026-08-31,1,0,4.0,1.0,1,4.0,0,0.0,0.0,0.0,1.0
DHL,2026-09-02,4,0,2.0,-0.75,4,2.0,3,0.0,0.0,0.0,1.0
DHL,2026-09-03,3,0,2.3333333333333335,-0.6666666666666666,3,2.3333,0,0.0,0.0,0.0,1.0
DHL,2026-09-04,2,0,3.0,-0.5,2,3.0,1,0.0,0.0,0.0,1.0
DHL,2026-09-06,1,0,1.0,-1.0,1,1.0,0,0.0,0.0,0.0,1.0
DHL,2026-09-07,1,0,5.0,1.0,1,5.0,0,0.0,0.0,0.0,1.0
DHL,2026-09-08,1,0,3.0,0.0,1,3.0,0,0.0,0.0,0.0,1.0
DHL,2026-09-09,6,1,2.6666666666666665,-0.5,6,2.6667,0,0.16666666666666666,1.0,0.0,1.0
DHL,2026-09-10,3,0,1.0,-0.6666666666666666,3,1.0,2,0.0,0.0,0.0,1.0
DHL,2026-09-11,5,1,2.2,-0.2,5,2.2,3,0.2,1.0,0.0,1.0
DHL,2026-09-12,1,0,1.0,-1.0,1,1.0,0,0.0,0.0,0.0,1.0
DHL,2026-09-13,2,0,1.0,-0.5,2,1.0,7,0.0,0.0,0.0,1.0
DHL,2026-09-15,2,0,1.0,-1.0,2,1.0,0,0.0,0.0,0.0,1.0
DHL,2026-09-16,2,1,1.5,-1.0,2,1.5,0,0.5,1.0,0.0,1.0
DHL,2026-09-17,5,0,1.4,-0.6,5,1.4,0,0.0,0.0,0.0,1.0
DHL,2026-09-18,1,0,3.0,0.0,1,3.0,0,0.0,0.0,0.0,1.0
DHL,2026-09-19,1,0,5.0,0.0,1,5.0,0,0.0,0.0,0.0,1.0
Deliveroo,2026-08-06,4,0,4.25,0.5,9,3.7778,5,0.0,0.0,0.0,0.444
Deliveroo,2026-08-07,5,1,3.6,0.0,5,3.6,3,0.2,1.0,0.0,1.0
Deliveroo,2026-08-08,13,2,2.5384615384615383,-0.3076923076923077,13,2.5385,3,0.15384615384615385,2.0,0.0,1.0
Deliveroo,2026-08-09,15,2,2.066666666666667,-0.3333333333333333,15,2.0667,11,0.13333333333333333,2.0,0.0,1.0
Deliveroo,2026-08-10,10,1,2.9,0.0,10,2.9,19,0.1,1.0,0.0,1.0
Deliveroo,2026-08-11,13,4,2.8461538461538463,0.07692307692307693,13,2.8462,2,0.3076923076923077,4.0,0.0,1.0
Deliveroo,2026-08-12,6,1,2.0,-0.3333333333333333,6,2.0,1,0.16666666666666666,1.0,0.0,1.0
Deliveroo,2026-08-13,9,2,1.8888888888888888,-0.4444444444444444,9,1.8889,0,0.2222222222222222,2.0,0.0,1.0
Deliveroo,2026-08-14,11,3,2.8181818181818183,-0.18181818181818182,11,2.8182,0,0.2727272727272727,3.0,0.0,1.0
Deliveroo,2026-08-15,10,2,2.6,-0.2,10,2.6,2,0.2,2.0,0.0,1.0
Deliveroo,2026-08-16,7,1,3.857142857142857,0.42857142857142855,7,3.8571,0,0.14285714285714285,1.0,0.0,1.0
Deliveroo,2026-08-17,5,1,3.0,-0.2,5,3.0,0,0.2,1.0,0.0,1.0
Deliveroo,2026-08-18,13,5,2.8461538461538463,-0.07692307692307693,13,2.8462,0,0.38461538461538464,5.0,0.0,1.0
Deliveroo,2026-08-19,12,1,3.25,0.0,12,3.25,5,0.08333333333333333,1.0,0.0,1.0
Deliveroo,2026-08-20,16,4,1.6875,-0.375,16,1.6875,4,0.25,4.0,0.0,1.0
Deliveroo,2026-08-21,13,2,3.5384615384615383,0.23076923076923078,13,3.5385,20,0.15384615384615385,2.0,0.0,1.0
Deliveroo,2026-08-22,12,2,2.8333333333333335,-0.3333333333333333,12,2.8333,1,0.16666666666666666,2.0,0.0,1.0
Deliveroo,2026-08-23,7,0,2.7142857142857144,-0.42857142857142855,7,2.7143,0,0.0,0.0,0.0,1.0
Deliveroo,2026-08-24,8,3,3.25,-0.5,8,3.25,8,0.375,3.0,0.0,1.0
Deliveroo,2026-08-25,8,3,2.375,-0.5,8,2.375,2,0.375,3.0,0.0,1.0
Deliveroo,2026-08-26,11,4,2.272727272727273,-0.36363636363636365,11,2.2727,2,0.36363636363636365,4.0,0.0,1.0
Deliveroo,2026-08-27,22,3,2.409090909090909,-0.22727272727272727,22,2.4091,1,0.13636363636363635,3.0,0.0,1.0
Deliveroo,2026-08-28,16,3,2.5625,-0.125,16,2.5625,2,0.1875,3.0,0.0,1.0
Deliveroo,2026-08-29,12,4,2.25,-0.16666666666666666,13,2.4615,2,0.3333333333333333,4.3,0.5,0.923
Deliveroo,2026-08-30,8,2,3.25,0.125,8,3.25,4,0.25,2.0,0.0,1.0
Deliveroo,2026-08-31,10,4,2.9,0.1,10,2.9,5,0.4,4.0,0.0,1.0
Deliveroo,2026-09-01,6,0,4.666666666666667,0.16666666666666666,6,4.6667,0,0.0,0.0,0.0,1.0
Deliveroo,2026-09-02,8,0,3.875,0.5,8,3.875,2,0.0,0.0,0.0,1.0
Deliveroo,2026-09-03,12,3,2.8333333333333335,0.0,12,2.8333,2,0.25,3.0,0.0,1.0
Deliveroo,2026-09-04,11,3,3.0,-0.18181818181818182,11,3.0,0,0.2727272727272727,3.0,0.0,1.0
Deliveroo,2026-09-05,15,5,2.933333333333333,-0.06666666666666667,15,2.9333,2,0.3333333333333333,5.0,0.0,1.0
Deliveroo,2026-09-06,14,4,1.8571428571428572,-0.5714285714285714,14,1.8571,7,0.2857142857142857,4.0,0.0,1.0
Deliveroo,2026-09-07,7,0,2.4285714285714284,-0.42857142857142855,7,2.4286,0,0.0,0.0,0.0,1.0
Deliveroo,2026-09-08,7,3,1.7142857142857142,-0.42857142857142855,7,1.7143,2,0.42857142857142855,3.0,0.0,1.0
Deliveroo,2026-09-09,10,3,3.4,-0.2,10,3.4,4,0.3,3.0,0.0,1.0
Deliveroo,2026-09-10,19,2,2.789473684210526,-0.15789473684210525,19,2.7895,4,0.10526315789473684,2.0,0.0,1.0
Deliveroo,2026-09-11,11,1,3.0,0.2727272727272727,11,3.0,0,0.09090909090909091,1.0,0.0,1.0
Deliveroo,2026-09-12,14,4,3.357142857142857,-0.21428571428571427,14,3.3571,0,0.2857142857142857,4.0,0.0,1.0
Deliveroo,2026-09-13,14,2,3.642857142857143,0.0,14,3.6429,0,0.14285714285714285,2.0,0.0,1.0
Deliveroo,2026-09-14,8,1,2.5,-0.375,9,2.7778,0,0.125,1.1,0.4,0.889
Deliveroo,2026-09-15,10,3,3.0,-0.1,10,3.0,4,0.3,3.0,0.0,1.0
Deliveroo,2026-09-16,7,0,4.428571428571429,0.42857142857142855,7,4.4286,0,0.0,0.0,0.0,1.0
Deliveroo,2026-09-17,10,1,2.7,-0.1,10,2.7,5,0.1,1.0,0.0,1.0
Deliveroo,2026-09-18,14,2,1.6428571428571428,-0.6428571428571429,14,1.6429,5,0.14285714285714285,2.0,0.0,1.0
Deliveroo,2026-09-19,10,1,3.2,-0.1,10,3.2,1,0.1,1.0,0.0,1.0
Delta,2026-08-06,8,0,4.5,0.5,18,3.7778,3,0.0,0.0,0.0,0.444
Delta,2026-08-07,11,0,3.1818181818181817,-0.36363636363636365,11,3.1818,1,0.0,0.0,0.0,1.0
Delta,2026-08-08,11,1,3.4545454545454546,0.09090909090909091,11,3.4545,1,0.09090909090909091,1.0,0.0,1.0
Delta,2026-08-09,17,1,3.411764705882353,0.35294117647058826,18,3.5,2,0.058823529411764705,1.1,0.2,0.944
Delta,2026-08-10,9,0,3.7777777777777777,0.0,9,3.7778,0,0.0,0.0,0.0,1.0
Delta,2026-08-11,9,0,3.6666666666666665,0.1111111111111111,9,3.6667,0,0.0,0.0,0.0,1.0
Delta,2026-08-12,9,0,2.888888888888889,0.2222222222222222,10,3.1,0,0.0,0.0,0.0,0.9
Delta,2026-08-13,8,0,4.25,0.75,8,4.25,0,0.0,0.0,0.0,1.0
Delta,2026-08-14,16,0,3.8125,0.125,16,3.8125,2,0.0,0.0,0.0,1.0
Delta,2026-08-15,11,1,3.3636363636363638,0.36363636363636365,11,3.3636,1,0.09090909090909091,1.0,0.0,1.0
Delta,2026-08-16,17,3,2.8823529411764706,-0.17647058823529413,17,2.8824,1,0.17647058823529413,3.0,0.0,1.0
Delta,2026-08-17,9,2,3.6666666666666665,-0.4444444444444444,9,3.6667,0,0.2222222222222222,2.0,0.0,1.0
Delta,2026-08-18,19,2,2.8421052631578947,-0.10526315789473684,19,2.8421,9,0.10526315789473684,2.0,0.0,1.0
Delta,2026-08-19,13,0,3.6923076923076925,0.15384615384615385,13,3.6923,0,0.0,0.0,0.0,1.0
Delta,2026-08-20,17,1,3.235294117647059,0.17647058823529413,17,3.2353,0,0.058823529411764705,1.0,0.0,1.0
Delta,2026-08-21,19,1,3.0,0.0,19,3.0,10,0.05263157894736842,1.0,0.0,1.0
Delta,2026-08-22,12,0,3.6666666666666665,0.25,12,3.6667,0,0.0,0.0,0.0,1.0
Delta,2026-08-23,10,3,2.5,-0.2,10,2.5,4,0.3,3.0,0.0,1.0
Delta,2026-08-24,19,1,3.210526315789474,0.05263157894736842,19,3.2105,1,0.05263157894736842,1.0,0.0,1.0
Delta,2026-08-25,9,0,3.3333333333333335,-0.1111111111111111,9,3.3333,4,0.0,0.0,0.0,1.0
Delta,2026-08-26,17,2,3.764705882352941,0.35294117647058826,17,3.7647,124,0.11764705882352941,2.0,0.0,1.0
Delta,2026-08-27,12,0,2.0833333333333335,-0.16666666666666666,12,2.0833,13,0.0,0.0,0.0,1.0
Delta,2026-08-28,17,0,3.176470588235294,0.17647058823529413,17,3.1765,3,0.0,0.0,0.0,1.0
Delta,2026-08-29,9,0,4.555555555555555,0.4444444444444444,9,4.5556,1,0.0,0.0,0.0,1.0
Delta,2026-08-30,13,0,4.461538461538462,0.3076923076923077,13,4.4615,0,0.0,0.0,0.0,1.0
Delta,2026-08-31,13,0,3.6153846153846154,0.0,13,3.6154,1,0.0,0.0,0.0,1.0
Delta,2026-09-01,12,2,3.0833333333333335,-0.08333333333333333,12,3.0833,0,0.16666666666666666,2.0,0.0,1.0
Delta,2026-09-02,11,1,2.6363636363636362,0.0,11,2.6364,0,0.09090909090909091,1.0,0.0,1.0
Delta,2026-09-03,10,1,2.8,0.2,10,2.8,0,0.1,1.0,0.0,1.0
Delta,2026-09-04,27,2,2.3703703703703702,-0.14814814814814814,27,2.3704,0,0.07407407407407407,2.0,0.0,1.0
Delta,2026-09-05,14,0,2.7857142857142856,-0.14285714285714285,14,2.7857,3,0.0,0.0,0.0,1.0
Delta,2026-09-06,12,1,3.0,-0.25,13,3.1538,1,0.08333333333333333,1.1,0.3,0.923
Delta,2026-09-07,12,2,2.4166666666666665,-0.75,12,2.4167,0,0.16666666666666666,2.0,0.0,1.0
Delta,2026-09-08,12,0,3.5,0.3333333333333333,12,3.5,1,0.0,0.0,0.0,1.0
Delta,2026-09-09,16,1,2.9375,0.0,16,2.9375,5,0.0625,1.0,0.0,1.0
Delta,2026-09-10,14,3,3.2142857142857144,-0.2857142857142857,14,3.2143,1,0.21428571428571427,3.0,0.0,1.0
Delta,2026-09-11,19,1,3.736842105263158,0.3157894736842105,19,3.7368,1,0.05263157894736842,1.0,0.0,1.0
Delta,2026-09-12,16,1,3.625,0.1875,16,3.625,0,0.0625,1.0,0.0,1.0
Delta,2026-09-13,13,1,3.6153846153846154,0.23076923076923078,13,3.6154,0,0.07692307692307693,1.0,0.0,1.0
Delta,2026-09-14,16,0,3.875,0.4375,16,3.875,0,0.0,0.0,0.0,1.0
Delta,2026-09-15,16,1,3.25,0.125,16,3.25,3,0.0625,1.0,0.0,1.0
Delta,2026-09-16,22,1,3.0454545454545454,0.045454545454545456,22,3.0455,0,0.045454545454545456,1.0,0.0,1.0
Delta,2026-09-17,24,2,3.5833333333333335,-0.16666666666666666,24,3.5833,0,0.08333333333333333,2.0,0.0,1.0
Delta,2026-09-18,11,1,3.090909090909091,0.0,11,3.0909,1,0.09090909090909091,1.0,0.0,1.0
Delta,2026-09-19,18,2,3.1666666666666665,-0.2222222222222222,18,3.1667,0,0.1111111111111111,2.0,0.0,1.0
Domino's,2026-08-06,33,1,4.0,0.6666666666666666,211,3.8294,10,0.030303030303030304,6.4,5.8,0.156
Domino's,2026-08-07,72,12,3.3194444444444446,0.25,195,3.5949,32,0.16666666666666666,32.5,6.8,0.369
Domino's,2026-08-08,76,8,3.5657894736842106,0.3157894736842105,282,3.8652,14,0.10526315789473684,29.7,8.5,0.27
Domino's,2026-08-09,75,7,3.5866666666666664,0.37333333333333335,284,3.5986,20,0.09333333333333334,26.5,8.2,0.264
Domino's,2026-08-10,75,4,4.1466666666666665,0.5333333333333333,222,4.036,5,0.05333333333333334,11.8,4.7,0.338
Domino's,2026-08-11,75,5,3.8933333333333335,0.49333333333333335,278,3.9532,19,0.06666666666666667,18.5,6.9,0.27
Domino's,2026-08-12,78,3,4.038461538461538,0.4358974358974359,266,3.8346,27,0.038461538461538464,10.2,4.9,0.293
Domino's,2026-08-13,75,6,3.6933333333333334,0.29333333333333333,297,4.0707,24,0.08,23.8,8.1,0.253
Domino's,2026-08-14,74,6,4.202702702702703,0.6351351351351351,413,3.9685,45,0.08108108108108109,33.5,11.9,0.179
Domino's,2026-08-15,79,2,3.8734177215189876,0.4050632911392405,884,3.8937,96,0.02531645569620253,22.4,14.9,0.089
Domino's,2026-08-16,77,3,3.935064935064935,0.5584415584415584,433,3.9723,422,0.03896103896103896,16.9,8.7,0.178
Domino's,2026-08-17,76,2,4.105263157894737,0.5657894736842105,187,4.1497,5,0.02631578947368421,4.9,2.7,0.406
Domino's,2026-08-18,77,4,4.246753246753247,0.6233766233766234,208,4.1154,9,0.05194805194805195,10.8,4.2,0.37
Domino's,2026-08-19,77,2,4.233766233766234,0.6753246753246753,179,4.1676,6,0.025974025974025976,4.6,2.5,0.43
Domino's,2026-08-20,79,3,3.7721518987341773,0.5949367088607594,228,3.9693,11,0.0379746835443038,8.7,4.0,0.346
Domino's,2026-08-21,78,3,4.128205128205129,0.6025641025641025,197,4.198,7,0.038461538461538464,7.6,3.3,0.396
Domino's,2026-08-22,78,6,3.9871794871794872,0.5128205128205128,268,3.8918,13,0.07692307692307693,20.6,6.8,0.291
Domino's,2026-08-23,76,7,4.118421052631579,0.5263157894736842,332,4.0542,48,0.09210526315789473,30.6,9.7,0.229
Domino's,2026-08-24,76,6,4.026315789473684,0.5263157894736842,210,4.1286,14,0.07894736842105263,16.6,5.2,0.362
Domino's,2026-08-25,77,2,4.246753246753247,0.6493506493506493,210,4.1238,6,0.025974025974025976,5.5,3.0,0.367
Domino's,2026-08-26,76,2,4.065789473684211,0.5263157894736842,275,4.0873,3,0.02631578947368421,7.2,4.3,0.276
Domino's,2026-08-27,76,5,3.986842105263158,0.5789473684210527,212,4.0519,10,0.06578947368421052,13.9,4.8,0.358
Domino's,2026-08-28,78,8,3.641025641025641,0.34615384615384615,562,3.8399,21,0.10256410256410256,57.6,17.9,0.139
Domino's,2026-08-29,78,6,3.9615384615384617,0.5384615384615384,345,4.0261,13,0.07692307692307693,26.5,9.2,0.226
Domino's,2026-08-30,76,4,4.0131578947368425,0.5,324,4.0185,6,0.05263157894736842,17.1,7.3,0.235
Domino's,2026-08-31,77,5,3.9220779220779223,0.5324675324675324,248,4.0323,14,0.06493506493506493,16.1,5.8,0.31
Domino's,2026-09-01,74,7,3.77027027027027,0.5405405405405406,214,3.8832,25,0.0945945945945946,20.2,5.9,0.346
Domino's,2026-09-02,74,4,4.27027027027027,0.5945945945945946,229,4.1703,11,0.05405405405405406,12.4,5.0,0.323
Domino's,2026-09-03,79,3,4.037974683544304,0.46835443037974683,222,4.0676,12,0.0379746835443038,8.4,3.8,0.356
Domino's,2026-09-04,73,3,4.0,0.5616438356164384,264,4.1629,12,0.0410958904109589,10.8,5.2,0.277
Domino's,2026-09-05,70,4,3.857142857142857,0.3142857142857143,330,3.9212,26,0.05714285714285714,18.9,8.1,0.212
Domino's,2026-09-06,76,5,3.8026315789473686,0.47368421052631576,301,3.7874,6,0.06578947368421052,19.8,7.4,0.252
Domino's,2026-09-07,78,2,3.8846153846153846,0.48717948717948717,188,3.9521,7,0.02564102564102564,4.8,2.6,0.415
Domino's,2026-09-08,80,5,3.9,0.45,169,3.9112,11,0.0625,10.6,3.3,0.473
Domino's,2026-09-09,74,3,3.972972972972973,0.4189189189189189,212,4.1981,1,0.04054054054054054,8.6,3.9,0.349
Domino's,2026-09-10,77,2,4.038961038961039,0.5064935064935064,222,3.9369,5,0.025974025974025976,5.8,3.3,0.347
Domino's,2026-09-11,76,2,4.184210526315789,0.5394736842105263,235,4.2468,5,0.02631578947368421,6.2,3.6,0.323
Domino's,2026-09-12,74,5,4.094594594594595,0.581081081081081,281,4.0676,6,0.06756756756756757,19.0,7.0,0.263
Domino's,2026-09-13,73,6,3.808219178082192,0.4383561643835616,371,4.0108,4,0.0821917808219178,30.5,10.7,0.197
Domino's,2026-09-14,79,8,3.6455696202531644,0.35443037974683544,411,3.8127,12,0.10126582278481013,41.6,12.6,0.192
Domino's,2026-09-15,77,5,4.0,0.5064935064935064,278,4.0971,65,0.06493506493506493,18.1,6.6,0.277
Domino's,2026-09-16,76,1,4.2105263157894735,0.5789473684210527,229,4.0,8,0.013157894736842105,3.0,2.5,0.332
Domino's,2026-09-17,73,5,3.8493150684931505,0.5342465753424658,232,4.0,3,0.0684931506849315,15.9,5.7,0.315
Domino's,2026-09-18,77,6,3.935064935064935,0.42857142857142855,256,3.9727,25,0.07792207792207792,19.9,6.6,0.301
Domino's,2026-09-19,75,2,3.986666666666667,0.4666666666666667,249,3.9598,10,0.02666666666666667,6.6,3.9,0.301
DoorDash,2026-08-06,14,2,2.2857142857142856,-0.21428571428571427,146,3.1918,49,0.14285714285714285,20.9,13.0,0.096
DoorDash,2026-08-07,79,14,2.6962025316455698,-0.27848101265822783,123,2.748,121,0.17721518987341772,21.8,3.2,0.642
DoorDash,2026-08-08,80,19,3.05,-0.2,133,2.8496,106,0.2375,31.6,4.0,0.602
DoorDash,2026-08-09,80,15,2.95,-0.2625,144,2.8472,89,0.1875,27.0,4.2,0.556
DoorDash,2026-08-10,80,17,2.5125,-0.325,94,2.6489,46,0.2125,20.0,1.7,0.851
DoorDash,2026-08-11,79,19,2.7088607594936707,-0.31645569620253167,88,2.7614,48,0.24050632911392406,21.2,1.4,0.898
DoorDash,2026-08-12,80,12,3.4875,0.075,98,3.4082,31,0.15,14.7,1.7,0.816
DoorDash,2026-08-13,80,18,3.175,0.025,103,3.0874,69,0.225,23.2,2.3,0.777
DoorDash,2026-08-14,80,21,2.825,-0.3125,124,3.0081,112,0.2625,32.6,3.6,0.645
DoorDash,2026-08-15,80,11,2.925,-0.0625,132,2.8636,86,0.1375,18.2,3.2,0.606
DoorDash,2026-08-16,76,12,2.8026315789473686,-0.11842105263157894,149,2.9195,167,0.15789473684210525,23.5,4.4,0.51
DoorDash,2026-08-17,80,13,3.0,-0.1875,111,3.0721,89,0.1625,18.0,2.4,0.721
DoorDash,2026-08-18,80,18,2.6625,-0.1875,96,2.7917,47,0.225,21.6,1.8,0.833
DoorDash,2026-08-19,80,18,2.9125,-0.3,89,2.9663,41,0.225,20.0,1.3,0.899
DoorDash,2026-08-20,80,15,2.925,-0.15,110,2.8091,28,0.1875,20.6,2.5,0.727
DoorDash,2026-08-21,80,16,3.025,-0.1625,113,2.9381,43,0.2,22.6,2.7,0.708
DoorDash,2026-08-22,79,18,2.9873417721518987,-0.189873417721519,144,3.0556,36,0.22784810126582278,32.8,4.6,0.549
DoorDash,2026-08-23,80,11,2.975,-0.1125,114,3.0702,40,0.1375,15.7,2.4,0.702
DoorDash,2026-08-24,80,23,2.725,-0.2375,98,2.7653,33,0.2875,28.2,2.1,0.816
DoorDash,2026-08-25,80,18,3.05,-0.1,91,2.989,19,0.225,20.5,1.5,0.879
DoorDash,2026-08-26,80,14,3.2375,-0.0375,83,3.2048,115,0.175,14.5,0.7,0.964
DoorDash,2026-08-27,80,13,2.8375,-0.1625,106,3.0,56,0.1625,17.2,2.2,0.755
DoorDash,2026-08-28,79,20,2.9240506329113924,-0.22784810126582278,110,2.8182,70,0.25316455696202533,27.8,2.9,0.718
DoorDash,2026-08-29,80,11,3.0125,-0.1125,147,3.1361,69,0.1375,20.2,3.8,0.544
DoorDash,2026-08-30,80,16,3.225,-0.1,125,3.232,49,0.2,25.0,3.4,0.64
DoorDash,2026-08-31,79,15,2.9746835443037973,-0.1518987341772152,105,2.8857,44,0.189873417721519,19.9,2.3,0.752
DoorDash,2026-09-01,80,21,2.875,-0.15,112,2.8304,244,0.2625,29.4,3.0,0.714
DoorDash,2026-09-02,79,20,3.1645569620253164,-0.11392405063291139,131,3.2061,85,0.25316455696202533,33.2,4.1,0.603
DoorDash,2026-09-03,79,15,3.0,-0.02531645569620253,136,2.9632,67,0.189873417721519,25.8,3.9,0.581
DoorDash,2026-09-04,80,17,3.2125,-0.1375,121,3.1983,52,0.2125,25.7,3.2,0.661
DoorDash,2026-09-05,79,17,2.962025316455696,-0.20253164556962025,131,3.0153,32,0.21518987341772153,28.2,3.8,0.603
DoorDash,2026-09-06,79,11,2.962025316455696,-0.0379746835443038,139,2.6978,48,0.13924050632911392,19.4,3.6,0.568
DoorDash,2026-09-07,80,19,2.5375,-0.2125,120,2.7583,27,0.2375,28.5,3.3,0.667
DoorDash,2026-09-08,79,15,2.8607594936708862,-0.08860759493670886,93,2.8065,26,0.189873417721519,17.7,1.6,0.849
DoorDash,2026-09-09,77,11,2.896103896103896,-0.23376623376623376,90,2.9333,39,0.14285714285714285,12.9,1.4,0.856
DoorDash,2026-09-10,80,16,2.475,-0.3625,131,2.7939,44,0.2,26.2,3.7,0.611
DoorDash,2026-09-11,79,16,2.7468354430379747,-0.1518987341772152,95,2.7263,56,0.20253164556962025,19.2,1.8,0.832
DoorDash,2026-09-12,80,19,2.8875,-0.1,122,2.7295,16,0.2375,29.0,3.4,0.656
DoorDash,2026-09-13,78,17,2.769230769230769,-0.1794871794871795,114,2.807,53,0.21794871794871795,24.8,3.0,0.684
DoorDash,2026-09-14,80,21,2.475,-0.25,122,2.582,20,0.2625,32.0,3.5,0.656
DoorDash,2026-09-15,79,16,2.9873417721518987,-0.21518987341772153,95,3.0316,22,0.20253164556962025,19.2,1.8,0.832
DoorDash,2026-09-16,80,16,2.9,-0.2625,110,3.0455,14,0.2,22.0,2.6,0.727
DoorDash,2026-09-17,80,18,2.7375,-0.175,100,2.85,6,0.225,22.5,2.1,0.8
DoorDash,2026-09-18,79,18,2.5443037974683542,-0.21518987341772153,111,2.7027,18,0.22784810126582278,25.3,2.8,0.712
DoorDash,2026-09-19,80,18,2.575,-0.2375,130,2.6385,18,0.225,29.2,3.8,0.615
FedEx,2026-08-06,5,0,1.8,-0.4,19,2.3158,16,0.0,0.0,0.0,0.263
FedEx,2026-08-07,14,2,1.7142857142857142,-0.5714285714285714,14,1.7143,11,0.14285714285714285,2.0,0.0,1.0
FedEx,2026-08-08,13,2,2.230769230769231,-0.46153846153846156,13,2.2308,13,0.15384615384615385,2.0,0.0,1.0
FedEx,2026-08-09,8,0,1.5,-0.625,8,1.5,11,0.0,0.0,0.0,1.0
FedEx,2026-08-10,14,1,1.9285714285714286,-0.8571428571428571,14,1.9286,76,0.07142857142857142,1.0,0.0,1.0
FedEx,2026-08-11,17,4,1.411764705882353,-0.47058823529411764,17,1.4118,40,0.23529411764705882,4.0,0.0,1.0
FedEx,2026-08-12,19,3,2.210526315789474,-0.21052631578947367,19,2.2105,34,0.15789473684210525,3.0,0.0,1.0
FedEx,2026-08-13,36,7,1.5277777777777777,-0.5,36,1.5278,51,0.19444444444444445,7.0,0.0,1.0
FedEx,2026-08-14,57,15,1.263157894736842,-0.6666666666666666,57,1.2632,59,0.2631578947368421,15.0,0.0,1.0
FedEx,2026-08-15,34,2,1.4705882352941178,-0.7352941176470589,34,1.4706,101,0.058823529411764705,2.0,0.0,1.0
FedEx,2026-08-16,9,3,1.3333333333333333,-0.5555555555555556,9,1.3333,27,0.3333333333333333,3.0,0.0,1.0
FedEx,2026-08-17,8,1,1.375,-0.75,8,1.375,6,0.125,1.0,0.0,1.0
FedEx,2026-08-18,16,1,2.4375,-0.3125,16,2.4375,16,0.0625,1.0,0.0,1.0
FedEx,2026-08-19,11,1,1.5454545454545454,-0.18181818181818182,11,1.5455,113,0.09090909090909091,1.0,0.0,1.0
FedEx,2026-08-20,21,7,1.619047619047619,-0.5714285714285714,21,1.619,6,0.3333333333333333,7.0,0.0,1.0
FedEx,2026-08-21,15,2,1.7333333333333334,-0.3333333333333333,15,1.7333,7,0.13333333333333333,2.0,0.0,1.0
FedEx,2026-08-22,10,1,2.6,-0.2,10,2.6,2,0.1,1.0,0.0,1.0
FedEx,2026-08-23,6,1,2.6666666666666665,-0.6666666666666666,6,2.6667,10,0.16666666666666666,1.0,0.0,1.0
FedEx,2026-08-24,7,1,2.142857142857143,0.0,7,2.1429,5,0.14285714285714285,1.0,0.0,1.0
FedEx,2026-08-25,16,3,1.75,-0.6875,16,1.75,10,0.1875,3.0,0.0,1.0
FedEx,2026-08-26,14,4,2.2142857142857144,-0.2857142857142857,14,2.2143,17,0.2857142857142857,4.0,0.0,1.0
FedEx,2026-08-27,17,4,1.8235294117647058,-0.5882352941176471,17,1.8235,22,0.23529411764705882,4.0,0.0,1.0
FedEx,2026-08-28,16,4,1.4375,-0.75,16,1.4375,71,0.25,4.0,0.0,1.0
FedEx,2026-08-29,8,1,1.0,-0.75,8,1.0,0,0.125,1.0,0.0,1.0
FedEx,2026-08-30,13,2,1.3846153846153846,-0.9230769230769231,13,1.3846,22,0.15384615384615385,2.0,0.0,1.0
FedEx,2026-08-31,12,3,1.8333333333333333,-0.3333333333333333,12,1.8333,61,0.25,3.0,0.0,1.0
FedEx,2026-09-01,15,4,1.2,-1.0,15,1.2,9,0.26666666666666666,4.0,0.0,1.0
FedEx,2026-09-02,21,4,2.0476190476190474,-0.5238095238095238,21,2.0476,8,0.19047619047619047,4.0,0.0,1.0
FedEx,2026-09-03,25,4,1.6,-0.76,25,1.6,14,0.16,4.0,0.0,1.0
FedEx,2026-09-04,13,3,2.230769230769231,-0.3076923076923077,13,2.2308,4,0.23076923076923078,3.0,0.0,1.0
FedEx,2026-09-05,7,0,1.5714285714285714,-0.8571428571428571,7,1.5714,2,0.0,0.0,0.0,1.0
FedEx,2026-09-06,9,1,2.5555555555555554,-0.4444444444444444,9,2.5556,4,0.1111111111111111,1.0,0.0,1.0
FedEx,2026-09-07,5,1,1.6,-1.0,5,1.6,5,0.2,1.0,0.0,1.0
FedEx,2026-09-08,10,1,1.4,-0.7,10,1.4,17,0.1,1.0,0.0,1.0
FedEx,2026-09-09,27,6,1.5185185185185186,-0.4444444444444444,27,1.5185,5,0.2222222222222222,6.0,0.0,1.0
FedEx,2026-09-10,18,3,1.5555555555555556,-0.6666666666666666,18,1.5556,8,0.16666666666666666,3.0,0.0,1.0
FedEx,2026-09-11,23,6,1.9130434782608696,-0.4782608695652174,23,1.913,33,0.2608695652173913,6.0,0.0,1.0
FedEx,2026-09-12,26,5,2.0,-0.5384615384615384,26,2.0,12,0.19230769230769232,5.0,0.0,1.0
FedEx,2026-09-13,14,3,2.142857142857143,0.0,14,2.1429,9,0.21428571428571427,3.0,0.0,1.0
FedEx,2026-09-14,6,0,2.6666666666666665,-0.3333333333333333,6,2.6667,4,0.0,0.0,0.0,1.0
FedEx,2026-09-15,18,1,2.2777777777777777,-0.3888888888888889,18,2.2778,12,0.05555555555555555,1.0,0.0,1.0
FedEx,2026-09-16,13,4,2.076923076923077,-0.7692307692307693,13,2.0769,14,0.3076923076923077,4.0,0.0,1.0
FedEx,2026-09-17,18,3,2.2777777777777777,-0.2777777777777778,18,2.2778,24,0.16666666666666666,3.0,0.0,1.0
FedEx,2026-09-18,13,2,2.1538461538461537,-0.5384615384615384,13,2.1538,9,0.15384615384615385,2.0,0.0,1.0
FedEx,2026-09-19,7,2,1.5714285714285714,-0.42857142857142855,7,1.5714,0,0.2857142857142857,2.0,0.0,1.0
Flipkart,2026-08-06,31,2,4.032258064516129,0.5483870967741935,1784,4.1547,153,0.06451612903225806,115.1,78.1,0.017
Flipkart,2026-08-07,75,3,4.0,0.5466666666666666,2281,4.199,218,0.04,91.2,50.8,0.033
Flipkart,2026-08-08,72,2,4.527777777777778,0.6527777777777778,2724,4.2184,206,0.027777777777777776,75.7,52.1,0.026
Flipkart,2026-08-09,74,2,3.9864864864864864,0.6081081081081081,2487,4.1825,103,0.02702702702702703,67.2,46.2,0.03
Flipkart,2026-08-10,76,1,4.144736842105263,0.6973684210526315,2158,4.1376,196,0.013157894736842105,28.4,27.7,0.035
Flipkart,2026-08-11,77,2,4.259740259740259,0.6233766233766234,1982,4.0858,198,0.025974025974025976,51.5,35.2,0.039
Flipkart,2026-08-12,78,2,4.346153846153846,0.6794871794871795,2046,4.0934,462,0.02564102564102564,52.5,35.9,0.038
Flipkart,2026-08-13,77,5,4.194805194805195,0.5714285714285714,1919,4.0344,942,0.06493506493506493,124.6,52.8,0.04
Flipkart,2026-08-14,71,5,3.8732394366197185,0.4647887323943662,1938,3.9902,293,0.07042253521126761,136.5,57.8,0.037
Flipkart,2026-08-15,73,4,3.9178082191780823,0.547945205479452,2038,4.0604,182,0.0547945205479452,111.7,53.3,0.036
Flipkart,2026-08-16,77,6,4.207792207792208,0.6233766233766234,2280,4.1219,134,0.07792207792207792,177.7,68.5,0.034
Flipkart,2026-08-17,77,5,3.857142857142857,0.5454545454545454,1670,3.9275,526,0.06493506493506493,108.4,45.8,0.046
Flipkart,2026-08-18,77,6,3.5844155844155843,0.42857142857142855,1679,3.9065,197,0.07792207792207792,130.8,50.1,0.046
Flipkart,2026-08-19,78,6,3.9615384615384617,0.48717948717948717,1664,3.9417,268,0.07692307692307693,128.0,49.0,0.047
Flipkart,2026-08-20,77,6,4.0519480519480515,0.5194805194805194,1553,3.9099,186,0.07792207792207792,121.0,46.3,0.05
Flipkart,2026-08-21,79,10,3.6202531645569622,0.43037974683544306,1529,3.8862,187,0.12658227848101267,193.5,55.7,0.052
Flipkart,2026-08-22,78,7,3.7948717948717947,0.5256410256410257,1623,3.849,127,0.08974358974358974,145.7,51.3,0.048
Flipkart,2026-08-23,77,10,3.7662337662337664,0.45454545454545453,1633,3.9504,173,0.12987012987012986,212.1,61.1,0.047
Flipkart,2026-08-24,76,9,3.526315789473684,0.3815789473684211,1448,3.8515,156,0.11842105263157894,171.5,52.3,0.052
Flipkart,2026-08-25,78,5,3.769230769230769,0.5384615384615384,1494,3.9284,155,0.0641025641025641,95.8,40.4,0.052
Flipkart,2026-08-26,72,7,3.75,0.4861111111111111,1446,3.9129,136,0.09722222222222222,140.6,49.2,0.05
Flipkart,2026-08-27,74,1,4.121621621621622,0.6216216216216216,1279,3.8546,105,0.013513513513513514,17.3,16.7,0.058
Flipkart,2026-08-28,73,4,4.273972602739726,0.684931506849315,1331,3.9301,173,0.0547945205479452,72.9,34.5,0.055
Flipkart,2026-08-29,76,7,4.065789473684211,0.5789473684210527,1440,4.0417,61,0.09210526315789473,132.6,46.5,0.053
Flipkart,2026-08-30,72,7,3.8472222222222223,0.5416666666666666,1526,4.0131,2297,0.09722222222222222,148.4,52.0,0.047
Flipkart,2026-08-31,74,4,4.216216216216216,0.5405405405405406,1322,3.9312,105,0.05405405405405406,71.5,33.8,0.056
Flipkart,2026-09-01,77,3,4.038961038961039,0.5714285714285714,1598,4.0307,109,0.03896103896103896,62.3,34.4,0.048
Flipkart,2026-09-02,72,7,3.8333333333333335,0.4166666666666667,1610,4.0839,105,0.09722222222222222,156.5,55.0,0.045
Flipkart,2026-09-03,76,4,3.8289473684210527,0.4868421052631579,1692,4.0538,321,0.05263157894736842,89.1,42.4,0.045
Flipkart,2026-09-04,77,6,4.0,0.5064935064935064,1580,3.9968,119,0.07792207792207792,123.1,47.1,0.049
Flipkart,2026-09-05,73,1,4.027397260273973,0.6164383561643836,1525,4.0033,67,0.0136986301369863,20.9,20.3,0.048
Flipkart,2026-09-06,73,6,3.9178082191780823,0.547945205479452,1747,4.1208,2856,0.0821917808219178,143.6,55.0,0.042
Flipkart,2026-09-07,76,4,4.0394736842105265,0.47368421052631576,1548,3.9929,120,0.05263157894736842,81.5,38.7,0.049
Flipkart,2026-09-08,75,8,3.7066666666666666,0.37333333333333335,1550,3.9606,374,0.10666666666666667,165.3,53.9,0.048
Flipkart,2026-09-09,73,5,4.205479452054795,0.6027397260273972,1561,4.0179,112,0.0684931506849315,106.9,45.1,0.047
Flipkart,2026-09-10,74,7,3.77027027027027,0.47297297297297297,1426,4.0358,22,0.0945945945945946,134.9,47.3,0.052
Flipkart,2026-09-11,76,3,3.8815789473684212,0.618421052631579,1421,4.0746,61,0.039473684210526314,56.1,30.9,0.053
Flipkart,2026-09-12,72,5,3.986111111111111,0.5416666666666666,1474,3.9844,89,0.06944444444444445,102.4,43.1,0.049
Flipkart,2026-09-13,75,6,3.6133333333333333,0.28,1560,4.0429,89,0.08,124.8,47.7,0.048
Flipkart,2026-09-14,74,5,3.8378378378378377,0.527027027027027,1508,4.0106,62,0.06756756756756757,101.9,42.9,0.049
Flipkart,2026-09-15,75,2,3.92,0.6933333333333334,1427,3.9418,70,0.02666666666666667,38.1,25.8,0.053
Flipkart,2026-09-16,70,2,4.0285714285714285,0.44285714285714284,1550,4.0142,26,0.02857142857142857,44.3,30.2,0.045
Flipkart,2026-09-17,71,5,4.098591549295775,0.5633802816901409,1494,4.002,52,0.07042253521126761,105.2,44.3,0.048
Flipkart,2026-09-18,77,3,4.12987012987013,0.6623376623376623,1366,4.0469,158,0.03896103896103896,53.2,29.3,0.056
Flipkart,2026-09-19,78,5,4.243589743589744,0.6153846153846154,1374,4.0378,17,0.0641025641025641,88.1,37.0,0.057
Glovo,2026-08-06,9,1,3.7777777777777777,0.5555555555555556,20,3.75,4,0.1111111111111111,2.2,1.6,0.45
Glovo,2026-08-07,15,1,3.6666666666666665,0.3333333333333333,17,3.8235,8,0.06666666666666667,1.1,0.4,0.882
Glovo,2026-08-08,19,2,3.263157894736842,0.3684210526315789,19,3.2632,5,0.10526315789473684,2.0,0.0,1.0
Glovo,2026-08-09,13,0,4.384615384615385,0.3076923076923077,13,4.3846,1,0.0,0.0,0.0,1.0
Glovo,2026-08-10,9,3,3.3333333333333335,0.1111111111111111,9,3.3333,0,0.3333333333333333,3.0,0.0,1.0
Glovo,2026-08-11,24,2,3.625,0.08333333333333333,24,3.625,4,0.08333333333333333,2.0,0.0,1.0
Glovo,2026-08-12,16,0,2.75,0.0625,16,2.75,4,0.0,0.0,0.0,1.0
Glovo,2026-08-13,22,1,3.5,0.0,22,3.5,3,0.045454545454545456,1.0,0.0,1.0
Glovo,2026-08-14,17,4,2.8823529411764706,-0.23529411764705882,17,2.8824,16,0.23529411764705882,4.0,0.0,1.0
Glovo,2026-08-15,18,0,3.4444444444444446,0.16666666666666666,19,3.5263,14,0.0,0.0,0.0,0.947
Glovo,2026-08-16,15,0,2.2666666666666666,0.06666666666666667,15,2.2667,16,0.0,0.0,0.0,1.0
Glovo,2026-08-17,19,3,4.052631578947368,0.3157894736842105,19,4.0526,8,0.15789473684210525,3.0,0.0,1.0
Glovo,2026-08-18,15,1,3.3333333333333335,-0.13333333333333333,15,3.3333,7,0.06666666666666667,1.0,0.0,1.0
Glovo,2026-08-19,17,4,3.176470588235294,0.058823529411764705,17,3.1765,14,0.23529411764705882,4.0,0.0,1.0
Glovo,2026-08-20,17,3,3.2941176470588234,0.29411764705882354,17,3.2941,18,0.17647058823529413,3.0,0.0,1.0
Glovo,2026-08-21,18,1,3.9444444444444446,0.5,18,3.9444,11,0.05555555555555555,1.0,0.0,1.0
Glovo,2026-08-22,18,3,3.3333333333333335,0.2777777777777778,18,3.3333,14,0.16666666666666666,3.0,0.0,1.0
Glovo,2026-08-23,24,3,3.4166666666666665,0.0,24,3.4167,7,0.125,3.0,0.0,1.0
Glovo,2026-08-24,17,2,4.0588235294117645,0.29411764705882354,17,4.0588,4,0.11764705882352941,2.0,0.0,1.0
Glovo,2026-08-25,15,2,3.8,-0.06666666666666667,15,3.8,2,0.13333333333333333,2.0,0.0,1.0
Glovo,2026-08-26,15,2,3.4,0.06666666666666667,15,3.4,9,0.13333333333333333,2.0,0.0,1.0
Glovo,2026-08-27,17,2,2.764705882352941,-0.47058823529411764,17,2.7647,13,0.11764705882352941,2.0,0.0,1.0
Glovo,2026-08-28,20,1,2.7,0.0,20,2.7,4,0.05,1.0,0.0,1.0
Glovo,2026-08-29,18,2,3.5555555555555554,0.2777777777777778,18,3.5556,0,0.1111111111111111,2.0,0.0,1.0
Glovo,2026-08-30,30,6,2.7666666666666666,-0.03333333333333333,30,2.7667,16,0.2,6.0,0.0,1.0
Glovo,2026-08-31,14,2,2.857142857142857,0.35714285714285715,14,2.8571,3,0.14285714285714285,2.0,0.0,1.0
Glovo,2026-09-01,18,3,3.611111111111111,0.2222222222222222,18,3.6111,56,0.16666666666666666,3.0,0.0,1.0
Glovo,2026-09-02,20,1,4.0,0.55,20,4.0,8,0.05,1.0,0.0,1.0
Glovo,2026-09-03,18,2,3.8333333333333335,0.4444444444444444,18,3.8333,0,0.1111111111111111,2.0,0.0,1.0
Glovo,2026-09-04,12,3,2.9166666666666665,0.0,12,2.9167,1,0.25,3.0,0.0,1.0
Glovo,2026-09-05,18,4,2.8333333333333335,0.1111111111111111,19,2.9474,4,0.2222222222222222,4.2,0.4,0.947
Glovo,2026-09-06,23,1,2.6956521739130435,-0.30434782608695654,23,2.6957,60,0.043478260869565216,1.0,0.0,1.0
Glovo,2026-09-07,20,2,2.95,-0.05,20,2.95,0,0.1,2.0,0.0,1.0
Glovo,2026-09-08,20,1,2.9,0.3,20,2.9,2,0.05,1.0,0.0,1.0
Glovo,2026-09-09,23,4,3.5652173913043477,0.13043478260869565,23,3.5652,4,0.17391304347826086,4.0,0.0,1.0
Glovo,2026-09-10,23,3,2.782608695652174,-0.2608695652173913,23,2.7826,8,0.13043478260869565,3.0,0.0,1.0
Glovo,2026-09-11,18,2,3.2777777777777777,0.16666666666666666,19,3.3684,7,0.1111111111111111,2.1,0.3,0.947
Glovo,2026-09-12,26,4,2.6923076923076925,-0.11538461538461539,26,2.6923,0,0.15384615384615385,4.0,0.0,1.0
Glovo,2026-09-13,29,6,3.1724137931034484,-0.034482758620689655,29,3.1724,3,0.20689655172413793,6.0,0.0,1.0
Glovo,2026-09-14,16,1,3.125,0.25,16,3.125,0,0.0625,1.0,0.0,1.0
Glovo,2026-09-15,19,2,3.8421052631578947,0.3157894736842105,19,3.8421,1,0.10526315789473684,2.0,0.0,1.0
Glovo,2026-09-16,19,10,2.473684210526316,-0.2631578947368421,19,2.4737,0,0.5263157894736842,10.0,0.0,1.0
Glovo,2026-09-17,16,4,2.9375,-0.25,16,2.9375,4,0.25,4.0,0.0,1.0
Glovo,2026-09-18,19,1,3.6842105263157894,0.3157894736842105,19,3.6842,0,0.05263157894736842,1.0,0.0,1.0
Glovo,2026-09-19,13,3,2.5384615384615383,0.23076923076923078,13,2.5385,0,0.23076923076923078,3.0,0.0,1.0
Grubhub,2026-08-06,2,1,3.0,0.0,12,2.25,11,0.5,6.0,4.0,0.167
Grubhub,2026-08-07,10,3,2.5,-0.4,10,2.5,10,0.3,3.0,0.0,1.0
Grubhub,2026-08-08,15,6,2.8666666666666667,-0.06666666666666667,15,2.8667,12,0.4,6.0,0.0,1.0
Grubhub,2026-08-09,22,5,2.409090909090909,-0.5454545454545454,22,2.4091,18,0.22727272727272727,5.0,0.0,1.0
Grubhub,2026-08-10,14,3,2.5,-0.35714285714285715,14,2.5,16,0.21428571428571427,3.0,0.0,1.0
Grubhub,2026-08-11,11,6,2.5454545454545454,-0.2727272727272727,11,2.5455,8,0.5454545454545454,6.0,0.0,1.0
Grubhub,2026-08-12,13,4,2.769230769230769,-0.07692307692307693,13,2.7692,22,0.3076923076923077,4.0,0.0,1.0
Grubhub,2026-08-13,12,4,3.0,-0.08333333333333333,12,3.0,7,0.3333333333333333,4.0,0.0,1.0
Grubhub,2026-08-14,13,6,2.230769230769231,-0.7692307692307693,13,2.2308,4,0.46153846153846156,6.0,0.0,1.0
Grubhub,2026-08-15,13,3,2.769230769230769,-0.23076923076923078,13,2.7692,6,0.23076923076923078,3.0,0.0,1.0
Grubhub,2026-08-16,16,6,2.625,-0.5,16,2.625,20,0.375,6.0,0.0,1.0
Grubhub,2026-08-17,10,3,2.7,0.1,10,2.7,10,0.3,3.0,0.0,1.0
Grubhub,2026-08-18,4,3,1.25,-1.0,4,1.25,10,0.75,3.0,0.0,1.0
Grubhub,2026-08-19,14,8,2.2857142857142856,-0.5714285714285714,14,2.2857,182,0.5714285714285714,8.0,0.0,1.0
Grubhub,2026-08-20,11,6,1.8181818181818181,-0.7272727272727273,11,1.8182,8,0.5454545454545454,6.0,0.0,1.0
Grubhub,2026-08-21,10,5,1.5,-1.0,10,1.5,12,0.5,5.0,0.0,1.0
Grubhub,2026-08-22,14,4,2.357142857142857,-0.2857142857142857,14,2.3571,8,0.2857142857142857,4.0,0.0,1.0
Grubhub,2026-08-23,16,7,2.0,-0.375,16,2.0,14,0.4375,7.0,0.0,1.0
Grubhub,2026-08-24,19,9,2.263157894736842,-0.21052631578947367,19,2.2632,38,0.47368421052631576,9.0,0.0,1.0
Grubhub,2026-08-25,9,2,3.3333333333333335,0.1111111111111111,9,3.3333,1,0.2222222222222222,2.0,0.0,1.0
Grubhub,2026-08-26,11,5,2.272727272727273,-0.7272727272727273,11,2.2727,5,0.45454545454545453,5.0,0.0,1.0
Grubhub,2026-08-27,4,1,2.75,0.0,4,2.75,2,0.25,1.0,0.0,1.0
Grubhub,2026-08-28,12,5,2.1666666666666665,-0.9166666666666666,12,2.1667,2,0.4166666666666667,5.0,0.0,1.0
Grubhub,2026-08-29,14,5,3.0714285714285716,-0.14285714285714285,14,3.0714,0,0.35714285714285715,5.0,0.0,1.0
Grubhub,2026-08-30,14,5,2.5714285714285716,-0.14285714285714285,14,2.5714,8,0.35714285714285715,5.0,0.0,1.0
Grubhub,2026-08-31,16,4,1.9375,-0.5,16,1.9375,7,0.25,4.0,0.0,1.0
Grubhub,2026-09-01,5,2,3.4,0.0,5,3.4,0,0.4,2.0,0.0,1.0
Grubhub,2026-09-02,12,1,3.0,0.0,12,3.0,1,0.08333333333333333,1.0,0.0,1.0
Grubhub,2026-09-03,15,4,1.6666666666666667,-0.4,15,1.6667,2,0.26666666666666666,4.0,0.0,1.0
Grubhub,2026-09-04,21,7,1.9047619047619047,-0.14285714285714285,21,1.9048,3,0.3333333333333333,7.0,0.0,1.0
Grubhub,2026-09-05,12,4,2.8333333333333335,-0.4166666666666667,12,2.8333,8,0.3333333333333333,4.0,0.0,1.0
Grubhub,2026-09-06,28,6,2.7857142857142856,-0.17857142857142858,28,2.7857,3,0.21428571428571427,6.0,0.0,1.0
Grubhub,2026-09-07,24,7,2.0416666666666665,-0.625,24,2.0417,5,0.2916666666666667,7.0,0.0,1.0
Grubhub,2026-09-08,12,4,2.75,-0.16666666666666666,12,2.75,16,0.3333333333333333,4.0,0.0,1.0
Grubhub,2026-09-09,14,3,2.9285714285714284,-0.21428571428571427,14,2.9286,8,0.21428571428571427,3.0,0.0,1.0
Grubhub,2026-09-10,24,6,2.5416666666666665,-0.3333333333333333,25,2.64,27,0.25,6.2,0.5,0.96
Grubhub,2026-09-11,19,1,2.0526315789473686,-0.42105263157894735,19,2.0526,13,0.05263157894736842,1.0,0.0,1.0
Grubhub,2026-09-12,18,7,1.3888888888888888,-0.7777777777777778,18,1.3889,14,0.3888888888888889,7.0,0.0,1.0
Grubhub,2026-09-13,31,3,2.225806451612903,-0.45161290322580644,31,2.2258,10,0.0967741935483871,3.0,0.0,1.0
Grubhub,2026-09-14,27,6,2.4444444444444446,-0.37037037037037035,27,2.4444,18,0.2222222222222222,6.0,0.0,1.0
Grubhub,2026-09-15,17,6,2.588235294117647,-0.29411764705882354,17,2.5882,9,0.35294117647058826,6.0,0.0,1.0
Grubhub,2026-09-16,19,5,1.894736842105263,-0.42105263157894735,19,1.8947,23,0.2631578947368421,5.0,0.0,1.0
Grubhub,2026-09-17,15,2,2.2666666666666666,-0.2,15,2.2667,11,0.13333333333333333,2.0,0.0,1.0
Grubhub,2026-09-18,19,3,2.263157894736842,-0.3684210526315789,19,2.2632,20,0.15789473684210525,3.0,0.0,1.0
Grubhub,2026-09-19,16,4,2.25,-0.3125,16,2.25,2,0.25,4.0,0.0,1.0
IndiGo,2026-08-06,2,0,2.0,-1.0,2,2.0,2,0.0,0.0,0.0,1.0
IndiGo,2026-08-07,6,4,1.1666666666666667,-0.6666666666666666,6,1.1667,3,0.6666666666666666,4.0,0.0,1.0
IndiGo,2026-08-08,2,1,1.0,-1.0,2,1.0,0,0.5,1.0,0.0,1.0
IndiGo,2026-08-09,5,1,1.2,-0.4,5,1.2,93,0.2,1.0,0.0,1.0
IndiGo,2026-08-11,1,0,1.0,-1.0,1,1.0,177,0.0,0.0,0.0,1.0
IndiGo,2026-08-12,1,1,3.0,-1.0,1,3.0,0,1.0,1.0,0.0,1.0
IndiGo,2026-08-13,3,0,1.0,-0.6666666666666666,3,1.0,18,0.0,0.0,0.0,1.0
IndiGo,2026-08-14,3,1,1.0,-0.6666666666666666,3,1.0,0,0.3333333333333333,1.0,0.0,1.0
IndiGo,2026-08-15,1,0,1.0,1.0,1,1.0,0,0.0,0.0,0.0,1.0
IndiGo,2026-08-16,2,0,2.0,0.0,2,2.0,2,0.0,0.0,0.0,1.0
IndiGo,2026-08-17,4,0,2.0,-0.5,4,2.0,1,0.0,0.0,0.0,1.0
IndiGo,2026-08-18,2,0,4.0,0.0,2,4.0,3,0.0,0.0,0.0,1.0
IndiGo,2026-08-19,9,2,1.3333333333333333,-0.5555555555555556,9,1.3333,6,0.2222222222222222,2.0,0.0,1.0
IndiGo,2026-08-20,1,0,1.0,-1.0,1,1.0,2,0.0,0.0,0.0,1.0
IndiGo,2026-08-21,3,2,1.0,-1.0,3,1.0,0,0.6666666666666666,2.0,0.0,1.0
IndiGo,2026-08-22,4,0,1.0,-0.25,4,1.0,3,0.0,0.0,0.0,1.0
IndiGo,2026-08-23,2,0,1.0,-0.5,2,1.0,6,0.0,0.0,0.0,1.0
IndiGo,2026-08-24,5,1,1.2,-0.6,5,1.2,18,0.2,1.0,0.0,1.0
IndiGo,2026-08-26,3,0,1.0,-0.3333333333333333,3,1.0,3,0.0,0.0,0.0,1.0
IndiGo,2026-08-27,1,0,2.0,0.0,1,2.0,3,0.0,0.0,0.0,1.0
IndiGo,2026-08-28,3,1,1.3333333333333333,-0.6666666666666666,3,1.3333,7,0.3333333333333333,1.0,0.0,1.0
IndiGo,2026-08-29,2,0,1.0,-1.0,2,1.0,0,0.0,0.0,0.0,1.0
IndiGo,2026-08-30,1,0,1.0,0.0,1,1.0,0,0.0,0.0,0.0,1.0
IndiGo,2026-08-31,4,1,1.25,-0.75,4,1.25,1,0.25,1.0,0.0,1.0
IndiGo,2026-09-01,3,0,1.3333333333333333,-0.3333333333333333,3,1.3333,6,0.0,0.0,0.0,1.0
IndiGo,2026-09-02,2,1,2.5,-1.0,2,2.5,0,0.5,1.0,0.0,1.0
IndiGo,2026-09-03,2,1,1.0,0.0,2,1.0,1,0.5,1.0,0.0,1.0
IndiGo,2026-09-06,3,0,2.0,0.0,3,2.0,0,0.0,0.0,0.0,1.0
IndiGo,2026-09-07,1,0,1.0,0.0,1,1.0,1,0.0,0.0,0.0,1.0
IndiGo,2026-09-08,1,0,5.0,0.0,1,5.0,0,0.0,0.0,0.0,1.0
IndiGo,2026-09-09,4,2,1.25,-0.75,4,1.25,6,0.5,2.0,0.0,1.0
IndiGo,2026-09-10,3,2,1.0,-0.6666666666666666,3,1.0,4,0.6666666666666666,2.0,0.0,1.0
IndiGo,2026-09-11,1,0,1.0,0.0,1,1.0,2,0.0,0.0,0.0,1.0
IndiGo,2026-09-12,2,1,1.5,-1.0,2,1.5,2,0.5,1.0,0.0,1.0
IndiGo,2026-09-13,5,1,2.6,-0.2,5,2.6,2,0.2,1.0,0.0,1.0
IndiGo,2026-09-14,5,1,2.0,0.2,5,2.0,3,0.2,1.0,0.0,1.0
IndiGo,2026-09-15,5,0,1.8,-0.2,5,1.8,1,0.0,0.0,0.0,1.0
IndiGo,2026-09-16,1,0,1.0,-1.0,1,1.0,0,0.0,0.0,0.0,1.0
IndiGo,2026-09-17,5,0,1.6,-0.6,5,1.6,0,0.0,0.0,0.0,1.0
IndiGo,2026-09-18,1,1,1.0,-1.0,1,1.0,0,1.0,1.0,0.0,1.0
IndiGo,2026-09-19,3,0,1.0,-0.3333333333333333,3,1.0,1,0.0,0.0,0.0,1.0
Instacart,2026-08-06,10,0,3.1,0.1,27,3.5556,9,0.0,0.0,0.0,0.37
Instacart,2026-08-07,25,3,3.64,0.16,25,3.64,13,0.12,3.0,0.0,1.0
Instacart,2026-08-08,22,4,3.6363636363636362,0.18181818181818182,22,3.6364,25,0.18181818181818182,4.0,0.0,1.0
Instacart,2026-08-09,24,2,3.2916666666666665,-0.125,24,3.2917,265,0.08333333333333333,2.0,0.0,1.0
Instacart,2026-08-10,17,1,3.0,-0.11764705882352941,17,3.0,9,0.058823529411764705,1.0,0.0,1.0
Instacart,2026-08-11,22,4,3.6818181818181817,0.13636363636363635,22,3.6818,12,0.18181818181818182,4.0,0.0,1.0
Instacart,2026-08-12,13,1,3.6153846153846154,0.38461538461538464,13,3.6154,3,0.07692307692307693,1.0,0.0,1.0
Instacart,2026-08-13,18,1,3.3333333333333335,0.0,18,3.3333,11,0.05555555555555555,1.0,0.0,1.0
Instacart,2026-08-14,24,2,3.75,0.125,24,3.75,38,0.08333333333333333,2.0,0.0,1.0
Instacart,2026-08-15,27,7,3.962962962962963,0.25925925925925924,27,3.963,36,0.25925925925925924,7.0,0.0,1.0
Instacart,2026-08-16,19,3,2.736842105263158,-0.3684210526315789,19,2.7368,4,0.15789473684210525,3.0,0.0,1.0
Instacart,2026-08-17,21,5,2.761904761904762,-0.09523809523809523,21,2.7619,24,0.23809523809523808,5.0,0.0,1.0
Instacart,2026-08-18,17,2,3.2941176470588234,-0.058823529411764705,17,3.2941,21,0.11764705882352941,2.0,0.0,1.0
Instacart,2026-08-19,16,5,2.875,-0.25,16,2.875,2,0.3125,5.0,0.0,1.0
Instacart,2026-08-20,19,2,3.5789473684210527,0.0,19,3.5789,9,0.10526315789473684,2.0,0.0,1.0
Instacart,2026-08-21,16,3,3.375,0.25,16,3.375,13,0.1875,3.0,0.0,1.0
Instacart,2026-08-22,19,2,3.5789473684210527,-0.05263157894736842,19,3.5789,15,0.10526315789473684,2.0,0.0,1.0
Instacart,2026-08-23,21,2,3.5714285714285716,-0.23809523809523808,21,3.5714,10,0.09523809523809523,2.0,0.0,1.0
Instacart,2026-08-24,17,3,3.8823529411764706,0.17647058823529413,17,3.8824,16,0.17647058823529413,3.0,0.0,1.0
Instacart,2026-08-25,18,4,3.0555555555555554,-0.2777777777777778,19,3.1579,10,0.2222222222222222,4.2,0.4,0.947
Instacart,2026-08-26,17,2,3.235294117647059,0.23529411764705882,17,3.2353,0,0.11764705882352941,2.0,0.0,1.0
Instacart,2026-08-27,10,2,3.1,-0.3,10,3.1,7,0.2,2.0,0.0,1.0
Instacart,2026-08-28,20,1,3.7,0.05,20,3.7,4,0.05,1.0,0.0,1.0
Instacart,2026-08-29,25,2,3.72,0.28,25,3.72,10,0.08,2.0,0.0,1.0
Instacart,2026-08-30,23,2,3.782608695652174,0.30434782608695654,23,3.7826,14,0.08695652173913043,2.0,0.0,1.0
Instacart,2026-08-31,11,1,3.0,-0.18181818181818182,11,3.0,33,0.09090909090909091,1.0,0.0,1.0
Instacart,2026-09-01,24,3,3.6666666666666665,0.125,24,3.6667,21,0.125,3.0,0.0,1.0
Instacart,2026-09-02,20,1,3.75,0.05,21,3.7619,6,0.05,1.0,0.2,0.952
Instacart,2026-09-03,24,5,3.5833333333333335,-0.041666666666666664,24,3.5833,18,0.20833333333333334,5.0,0.0,1.0
Instacart,2026-09-04,26,7,3.3846153846153846,0.19230769230769232,26,3.3846,10,0.2692307692307692,7.0,0.0,1.0
Instacart,2026-09-05,22,2,3.9545454545454546,0.09090909090909091,22,3.9545,2,0.09090909090909091,2.0,0.0,1.0
Instacart,2026-09-06,29,3,3.413793103448276,0.06896551724137931,30,3.4667,11,0.10344827586206896,3.1,0.3,0.967
Instacart,2026-09-07,26,5,3.1538461538461537,0.0,26,3.1538,9,0.19230769230769232,5.0,0.0,1.0
Instacart,2026-09-08,17,6,2.823529411764706,-0.29411764705882354,17,2.8235,26,0.35294117647058826,6.0,0.0,1.0
Instacart,2026-09-09,27,4,3.7037037037037037,0.2222222222222222,27,3.7037,10,0.14814814814814814,4.0,0.0,1.0
Instacart,2026-09-10,25,7,3.32,-0.16,25,3.32,12,0.28,7.0,0.0,1.0
Instacart,2026-09-11,22,4,3.4545454545454546,-0.13636363636363635,22,3.4545,2,0.18181818181818182,4.0,0.0,1.0
Instacart,2026-09-12,17,4,3.0,0.058823529411764705,17,3.0,1,0.23529411764705882,4.0,0.0,1.0
Instacart,2026-09-13,26,4,3.3076923076923075,0.15384615384615385,26,3.3077,5,0.15384615384615385,4.0,0.0,1.0
Instacart,2026-09-14,30,2,3.0,0.1,30,3.0,5,0.06666666666666667,2.0,0.0,1.0
Instacart,2026-09-15,27,4,3.1481481481481484,-0.037037037037037035,27,3.1481,11,0.14814814814814814,4.0,0.0,1.0
Instacart,2026-09-16,21,4,3.6666666666666665,0.3333333333333333,21,3.6667,1,0.19047619047619047,4.0,0.0,1.0
Instacart,2026-09-17,18,6,2.6666666666666665,-0.3888888888888889,18,2.6667,2,0.3333333333333333,6.0,0.0,1.0
Instacart,2026-09-18,24,5,2.9583333333333335,-0.16666666666666666,24,2.9583,10,0.20833333333333334,5.0,0.0,1.0
Instacart,2026-09-19,25,3,3.08,0.04,25,3.08,2,0.12,3.0,0.0,1.0
Instamart,2026-08-06,28,0,3.7857142857142856,0.21428571428571427,209,4.0478,42,0.0,0.0,0.0,0.134
Instamart,2026-08-07,77,3,4.207792207792208,0.5064935064935064,191,4.1309,16,0.03896103896103896,7.4,3.3,0.403
Instamart,2026-08-08,78,4,4.064102564102564,0.46153846153846156,220,3.9955,39,0.05128205128205128,11.3,4.4,0.355
Instamart,2026-08-09,76,5,3.710526315789474,0.40789473684210525,240,3.8167,35,0.06578947368421052,15.8,5.7,0.317
Instamart,2026-08-10,77,4,4.311688311688312,0.6103896103896104,167,4.1317,5,0.05194805194805195,8.7,3.1,0.461
Instamart,2026-08-11,78,2,3.9871794871794872,0.48717948717948717,221,4.0588,46,0.02564102564102564,5.7,3.2,0.353
Instamart,2026-08-12,77,1,4.090909090909091,0.5584415584415584,236,4.1949,32,0.012987012987012988,3.1,2.5,0.326
Instamart,2026-08-13,79,9,3.607594936708861,0.26582278481012656,220,3.8864,40,0.11392405063291139,25.1,6.3,0.359
Instamart,2026-08-14,78,5,4.230769230769231,0.5384615384615384,184,3.9674,30,0.0641025641025641,11.8,3.9,0.424
Instamart,2026-08-15,78,3,3.871794871794872,0.48717948717948717,231,3.9004,70,0.038461538461538464,8.9,4.1,0.338
Instamart,2026-08-16,77,6,3.792207792207792,0.37662337662337664,247,3.9879,60,0.07792207792207792,19.2,6.3,0.312
Instamart,2026-08-17,75,6,3.8133333333333335,0.49333333333333335,171,3.9708,26,0.08,13.7,4.0,0.439
Instamart,2026-08-18,77,8,4.0519480519480515,0.4675324675324675,217,4.0599,55,0.1038961038961039,22.5,6.1,0.355
Instamart,2026-08-19,80,4,4.1,0.5375,231,3.9913,36,0.05,11.6,4.6,0.346
Instamart,2026-08-20,80,5,4.1125,0.55,215,4.014,22,0.0625,13.4,4.6,0.372
Instamart,2026-08-21,76,4,4.052631578947368,0.4868421052631579,209,4.1292,17,0.05263157894736842,11.0,4.3,0.364
Instamart,2026-08-22,79,4,4.177215189873418,0.43037974683544306,235,4.1234,31,0.05063291139240506,11.9,4.7,0.336
Instamart,2026-08-23,78,3,4.076923076923077,0.5128205128205128,292,4.1199,50,0.038461538461538464,11.2,5.5,0.267
Instamart,2026-08-24,78,3,4.3076923076923075,0.5641025641025641,205,4.1707,24,0.038461538461538464,7.9,3.5,0.38
Instamart,2026-08-25,76,4,4.131578947368421,0.5657894736842105,245,4.1918,42,0.05263157894736842,12.9,5.2,0.31
Instamart,2026-08-26,78,6,3.9743589743589745,0.4230769230769231,274,4.1861,25,0.07692307692307693,21.1,7.0,0.285
Instamart,2026-08-27,79,4,4.10126582278481,0.569620253164557,239,3.9958,43,0.05063291139240506,12.1,4.8,0.331
Instamart,2026-08-28,77,3,4.142857142857143,0.5584415584415584,229,4.0917,41,0.03896103896103896,8.9,4.1,0.336
Instamart,2026-08-29,78,2,4.038461538461538,0.5641025641025641,240,4.0917,43,0.02564102564102564,6.2,3.5,0.325
Instamart,2026-08-30,78,5,4.051282051282051,0.44871794871794873,256,3.9961,37,0.0641025641025641,16.4,5.9,0.305
Instamart,2026-08-31,77,6,3.883116883116883,0.4805194805194805,241,3.9502,29,0.07792207792207792,18.8,6.1,0.32
Instamart,2026-09-01,79,3,3.7848101265822787,0.45569620253164556,231,4.0866,55,0.0379746835443038,8.8,4.0,0.342
Instamart,2026-09-02,77,5,4.181818181818182,0.4805194805194805,281,4.1637,29,0.06493506493506493,18.2,6.7,0.274
Instamart,2026-09-03,79,2,4.1265822784810124,0.620253164556962,232,4.0603,25,0.02531645569620253,5.9,3.3,0.341
Instamart,2026-09-04,78,5,4.0,0.6538461538461539,312,4.0192,34,0.0641025641025641,20.0,7.5,0.25
Instamart,2026-09-05,77,4,3.9740259740259742,0.4935064935064935,280,4.1286,33,0.05194805194805195,14.5,6.0,0.275
Instamart,2026-09-06,79,1,3.911392405063291,0.3924050632911392,314,3.9713,20,0.012658227848101266,4.0,3.4,0.252
Instamart,2026-09-07,76,3,4.0131578947368425,0.4868421052631579,230,4.0087,11,0.039473684210526314,9.1,4.2,0.33
Instamart,2026-09-08,78,7,4.115384615384615,0.5769230769230769,223,4.0135,9,0.08974358974358974,20.0,5.8,0.35
Instamart,2026-09-09,78,2,4.17948717948718,0.6538461538461539,237,4.0633,6,0.02564102564102564,6.1,3.5,0.329
Instamart,2026-09-10,77,2,4.233766233766234,0.5584415584415584,222,4.0586,8,0.025974025974025976,5.8,3.3,0.347
Instamart,2026-09-11,78,4,4.294871794871795,0.6153846153846154,223,4.157,17,0.05128205128205128,11.4,4.5,0.35
Instamart,2026-09-12,79,1,4.075949367088608,0.6075949367088608,220,4.0,11,0.012658227848101266,2.8,2.2,0.359
Instamart,2026-09-13,76,5,3.6447368421052633,0.34210526315789475,286,3.8881,6,0.06578947368421052,18.8,7.0,0.266
Instamart,2026-09-14,77,4,3.7662337662337664,0.36363636363636365,263,3.9962,27,0.05194805194805195,13.7,5.6,0.293
Instamart,2026-09-15,76,7,3.9342105263157894,0.4868421052631579,218,4.1101,18,0.09210526315789473,20.1,5.8,0.349
Instamart,2026-09-16,76,3,4.184210526315789,0.5657894736842105,205,4.0195,5,0.039473684210526314,8.1,3.6,0.371
Instamart,2026-09-17,77,2,4.467532467532467,0.6493506493506493,179,4.1173,6,0.025974025974025976,4.6,2.5,0.43
Instamart,2026-09-18,77,2,4.220779220779221,0.5324675324675324,207,4.256,9,0.025974025974025976,5.4,3.0,0.372
Instamart,2026-09-19,77,2,4.090909090909091,0.4935064935064935,204,4.0294,0,0.025974025974025976,5.3,2.9,0.377
Jio,2026-08-06,28,3,3.9285714285714284,0.42857142857142855,387,4.031,46,0.10714285714285714,41.5,21.8,0.072
Jio,2026-08-07,78,1,4.461538461538462,0.6410256410256411,361,4.1136,46,0.01282051282051282,4.6,4.1,0.216
Jio,2026-08-08,75,0,4.1866666666666665,0.6266666666666667,379,4.0343,66,0.0,0.0,0.0,0.198
Jio,2026-08-09,77,1,3.8701298701298703,0.4155844155844156,380,4.0526,319,0.012987012987012988,4.9,4.4,0.203
Jio,2026-08-10,78,7,3.9871794871794872,0.41025641025641024,409,3.9633,90,0.08974358974358974,36.7,11.9,0.191
Jio,2026-08-11,77,5,3.779220779220779,0.38961038961038963,392,3.9056,432,0.06493506493506493,25.5,9.9,0.196
Jio,2026-08-12,80,3,3.5625,0.425,427,3.9227,74,0.0375,16.0,8.2,0.187
Jio,2026-08-13,78,5,3.7564102564102564,0.4230769230769231,354,3.9181,1391,0.0641025641025641,22.7,8.7,0.22
Jio,2026-08-14,78,6,3.91025641025641,0.32051282051282054,327,3.9939,170,0.07692307692307693,25.2,8.6,0.239
Jio,2026-08-15,78,2,3.9358974358974357,0.46153846153846156,326,3.8098,347,0.02564102564102564,8.4,5.1,0.239
Jio,2026-08-16,77,5,3.7142857142857144,0.38961038961038963,295,3.8814,70,0.06493506493506493,19.2,7.1,0.261
Jio,2026-08-17,78,4,4.076923076923077,0.5641025641025641,354,4.0989,42,0.05128205128205128,18.2,7.8,0.22
Jio,2026-08-18,78,5,3.769230769230769,0.3333333333333333,320,3.8312,34,0.0641025641025641,20.5,7.7,0.244
Jio,2026-08-19,77,5,3.74025974025974,0.37662337662337664,316,3.9873,72,0.06493506493506493,20.5,7.7,0.244
Jio,2026-08-20,79,5,4.0886075949367084,0.6075949367088608,331,4.0997,40,0.06329113924050633,20.9,7.9,0.239
Jio,2026-08-21,78,1,3.9358974358974357,0.4230769230769231,287,4.0279,68,0.01282051282051282,3.7,3.1,0.272
Jio,2026-08-22,76,5,3.5789473684210527,0.3026315789473684,363,4.0248,34,0.06578947368421052,23.9,9.2,0.209
Jio,2026-08-23,79,2,4.0886075949367084,0.5063291139240507,353,3.9632,15,0.02531645569620253,8.9,5.5,0.224
Jio,2026-08-24,76,3,3.8289473684210527,0.32894736842105265,312,3.9615,12,0.039473684210526314,12.3,6.1,0.244
Jio,2026-08-25,76,1,4.144736842105263,0.4473684210526316,353,4.0425,28,0.013157894736842105,4.6,4.1,0.215
Jio,2026-08-26,79,5,3.9746835443037973,0.4050632911392405,341,3.9707,155,0.06329113924050633,21.6,8.2,0.232
Jio,2026-08-27,75,1,4.266666666666667,0.56,325,4.0338,20,0.013333333333333334,4.3,3.8,0.231
Jio,2026-08-28,78,3,3.7435897435897436,0.4358974358974359,288,4.0972,34,0.038461538461538464,11.1,5.4,0.271
Jio,2026-08-29,78,4,3.7948717948717947,0.5256410256410257,323,3.9721,21,0.05128205128205128,16.6,7.0,0.241
Jio,2026-08-30,78,6,4.012820512820513,0.5512820512820513,384,4.0755,122,0.07692307692307693,29.5,10.4,0.203
Jio,2026-08-31,77,4,3.8051948051948052,0.4155844155844156,382,4.089,39,0.05194805194805195,19.8,8.6,0.202
Jio,2026-09-01,76,4,4.2105263157894735,0.6578947368421053,385,4.0675,44,0.05263157894736842,20.3,8.8,0.197
Jio,2026-09-02,74,7,3.7837837837837838,0.43243243243243246,351,4.0769,122,0.0945945945945946,33.2,10.6,0.211
Jio,2026-09-03,76,2,4.118421052631579,0.4473684210526316,343,3.8338,77,0.02631578947368421,9.0,5.6,0.222
Jio,2026-09-04,76,0,3.973684210526316,0.5263157894736842,352,3.8778,90,0.0,0.0,0.0,0.216
Jio,2026-09-05,74,3,4.04054054054054,0.527027027027027,380,3.9553,51,0.04054054054054054,15.4,7.8,0.195
Jio,2026-09-06,78,4,3.7564102564102564,0.41025641025641024,377,3.8143,68,0.05128205128205128,19.3,8.4,0.207
Jio,2026-09-07,78,3,3.6794871794871793,0.34615384615384615,328,3.9573,44,0.038461538461538464,12.6,6.2,0.238
Jio,2026-09-08,77,6,3.9220779220779223,0.2857142857142857,411,3.8929,197,0.07792207792207792,32.0,11.3,0.187
Jio,2026-09-09,77,3,3.688311688311688,0.2987012987012987,368,3.8288,12,0.03896103896103896,14.3,7.2,0.209
Jio,2026-09-10,76,6,3.6578947368421053,0.25,395,3.881,16,0.07894736842105263,31.2,11.0,0.192
Jio,2026-09-11,77,4,4.12987012987013,0.5454545454545454,364,3.9313,66,0.05194805194805195,18.9,8.2,0.212
Jio,2026-09-12,74,5,3.8783783783783785,0.4864864864864865,418,4.0215,395,0.06756756756756757,28.2,11.1,0.177
Jio,2026-09-13,78,4,4.064102564102564,0.5,386,4.044,15,0.05128205128205128,19.8,8.6,0.202
Jio,2026-09-14,77,2,4.0,0.5454545454545454,359,4.0474,18,0.025974025974025976,9.3,5.8,0.214
Jio,2026-09-15,77,0,3.844155844155844,0.5064935064935064,387,3.9897,25,0.0,0.0,0.0,0.199
Jio,2026-09-16,75,3,3.88,0.49333333333333335,375,3.8747,388,0.04,15.0,7.6,0.2
Jio,2026-09-17,75,6,3.36,0.3466666666666667,348,3.7155,29,0.08,27.8,9.7,0.216
Jio,2026-09-18,78,4,3.7051282051282053,0.5512820512820513,317,3.7382,50,0.05128205128205128,16.3,6.9,0.246
Jio,2026-09-19,79,4,3.848101265822785,0.4430379746835443,308,3.8442,26,0.05063291139240506,15.6,6.6,0.256
Just Eat,2026-08-06,5,2,2.4,-0.2,10,2.9,12,0.4,4.0,1.6,0.5
Just Eat,2026-08-07,13,4,2.769230769230769,0.0,13,2.7692,55,0.3076923076923077,4.0,0.0,1.0
Just Eat,2026-08-08,15,2,2.6666666666666665,0.0,15,2.6667,14,0.13333333333333333,2.0,0.0,1.0
Just Eat,2026-08-09,25,6,3.4,-0.08,25,3.4,17,0.24,6.0,0.0,1.0
Just Eat,2026-08-10,14,3,3.5,0.2857142857142857,14,3.5,7,0.21428571428571427,3.0,0.0,1.0
Just Eat,2026-08-11,17,7,2.1176470588235294,-0.5294117647058824,18,2.2778,6,0.4117647058823529,7.4,0.5,0.944
Just Eat,2026-08-12,14,5,2.9285714285714284,-0.2857142857142857,14,2.9286,7,0.35714285714285715,5.0,0.0,1.0
Just Eat,2026-08-13,17,2,2.7058823529411766,-0.17647058823529413,17,2.7059,9,0.11764705882352941,2.0,0.0,1.0
Just Eat,2026-08-14,19,5,2.8947368421052633,-0.21052631578947367,19,2.8947,1,0.2631578947368421,5.0,0.0,1.0
Just Eat,2026-08-15,17,2,2.588235294117647,0.0,17,2.5882,35,0.11764705882352941,2.0,0.0,1.0
Just Eat,2026-08-16,15,1,3.2666666666666666,-0.06666666666666667,15,3.2667,16,0.06666666666666667,1.0,0.0,1.0
Just Eat,2026-08-17,11,3,2.909090909090909,-0.18181818181818182,11,2.9091,2,0.2727272727272727,3.0,0.0,1.0
Just Eat,2026-08-18,12,2,3.3333333333333335,-0.08333333333333333,12,3.3333,2,0.16666666666666666,2.0,0.0,1.0
Just Eat,2026-08-19,16,3,2.3125,-0.375,16,2.3125,8,0.1875,3.0,0.0,1.0
Just Eat,2026-08-20,11,3,3.3636363636363638,0.0,11,3.3636,1,0.2727272727272727,3.0,0.0,1.0
Just Eat,2026-08-21,16,5,3.125,0.25,16,3.125,3,0.3125,5.0,0.0,1.0
Just Eat,2026-08-22,18,1,3.0,-0.16666666666666666,18,3.0,1,0.05555555555555555,1.0,0.0,1.0
Just Eat,2026-08-23,19,3,2.263157894736842,-0.3684210526315789,19,2.2632,1,0.15789473684210525,3.0,0.0,1.0
Just Eat,2026-08-24,7,0,3.0,-0.2857142857142857,8,2.75,1,0.0,0.0,0.0,0.875
Just Eat,2026-08-25,11,2,2.1818181818181817,-0.2727272727272727,11,2.1818,1,0.18181818181818182,2.0,0.0,1.0
Just Eat,2026-08-26,5,0,2.0,-0.2,5,2.0,1,0.0,0.0,0.0,1.0
Just Eat,2026-08-27,9,2,2.0,-0.1111111111111111,9,2.0,3,0.2222222222222222,2.0,0.0,1.0
Just Eat,2026-08-28,12,4,2.3333333333333335,-0.5833333333333334,12,2.3333,0,0.3333333333333333,4.0,0.0,1.0
Just Eat,2026-08-29,18,2,2.5555555555555554,-0.4444444444444444,18,2.5556,11,0.1111111111111111,2.0,0.0,1.0
Just Eat,2026-08-30,11,4,2.3636363636363638,-0.36363636363636365,12,2.4167,2,0.36363636363636365,4.4,0.5,0.917
Just Eat,2026-08-31,9,0,3.6666666666666665,0.3333333333333333,9,3.6667,3,0.0,0.0,0.0,1.0
Just Eat,2026-09-01,5,1,3.2,0.2,5,3.2,1,0.2,1.0,0.0,1.0
Just Eat,2026-09-02,9,2,2.3333333333333335,0.0,9,2.3333,0,0.2222222222222222,2.0,0.0,1.0
Just Eat,2026-09-03,12,4,2.5,-0.5833333333333334,12,2.5,0,0.3333333333333333,4.0,0.0,1.0
Just Eat,2026-09-04,10,2,2.5,-0.3,10,2.5,3,0.2,2.0,0.0,1.0
Just Eat,2026-09-05,24,4,2.9166666666666665,-0.08333333333333333,24,2.9167,5,0.16666666666666666,4.0,0.0,1.0
Just Eat,2026-09-06,18,1,2.888888888888889,0.1111111111111111,19,3.0,1,0.05555555555555555,1.1,0.2,0.947
Just Eat,2026-09-07,12,5,3.1666666666666665,-0.16666666666666666,12,3.1667,4,0.4166666666666667,5.0,0.0,1.0
Just Eat,2026-09-08,21,1,2.5238095238095237,-0.3333333333333333,21,2.5238,0,0.047619047619047616,1.0,0.0,1.0
Just Eat,2026-09-09,16,3,3.3125,-0.125,16,3.3125,3,0.1875,3.0,0.0,1.0
Just Eat,2026-09-10,18,2,2.9444444444444446,-0.05555555555555555,18,2.9444,1,0.1111111111111111,2.0,0.0,1.0
Just Eat,2026-09-11,24,7,2.7083333333333335,0.041666666666666664,24,2.7083,0,0.2916666666666667,7.0,0.0,1.0
Just Eat,2026-09-12,26,6,2.6923076923076925,-0.23076923076923078,26,2.6923,21,0.23076923076923078,6.0,0.0,1.0
Just Eat,2026-09-13,12,5,2.25,-0.16666666666666666,12,2.25,0,0.4166666666666667,5.0,0.0,1.0
Just Eat,2026-09-14,19,4,2.526315789473684,-0.3157894736842105,19,2.5263,1,0.21052631578947367,4.0,0.0,1.0
Just Eat,2026-09-15,17,2,2.9411764705882355,-0.058823529411764705,17,2.9412,2,0.11764705882352941,2.0,0.0,1.0
Just Eat,2026-09-16,10,5,2.4,-0.3,10,2.4,3,0.5,5.0,0.0,1.0
Just Eat,2026-09-17,12,3,3.3333333333333335,0.0,12,3.3333,2,0.25,3.0,0.0,1.0
Just Eat,2026-09-18,23,2,3.652173913043478,0.391304347826087,23,3.6522,0,0.08695652173913043,2.0,0.0,1.0
Just Eat,2026-09-19,16,5,2.0,-0.1875,16,2.0,0,0.3125,5.0,0.0,1.0
Lyft,2026-08-06,10,1,3.0,-0.1,33,3.5758,32,0.1,3.3,2.7,0.303
Lyft,2026-08-07,35,3,2.8857142857142857,-0.3142857142857143,35,2.8857,32,0.08571428571428572,3.0,0.0,1.0
Lyft,2026-08-08,18,5,3.2777777777777777,-0.1111111111111111,18,3.2778,11,0.2777777777777778,5.0,0.0,1.0
Lyft,2026-08-09,27,9,2.7777777777777777,-0.18518518518518517,27,2.7778,19,0.3333333333333333,9.0,0.0,1.0
Lyft,2026-08-10,26,2,2.9615384615384617,0.15384615384615385,26,2.9615,6,0.07692307692307693,2.0,0.0,1.0
Lyft,2026-08-11,26,2,3.5384615384615383,0.0,26,3.5385,20,0.07692307692307693,2.0,0.0,1.0
Lyft,2026-08-12,22,7,2.6363636363636362,-0.22727272727272727,22,2.6364,14,0.3181818181818182,7.0,0.0,1.0
Lyft,2026-08-13,25,3,3.52,0.04,25,3.52,28,0.12,3.0,0.0,1.0
Lyft,2026-08-14,26,5,2.8461538461538463,-0.46153846153846156,26,2.8462,17,0.19230769230769232,5.0,0.0,1.0
Lyft,2026-08-15,20,3,4.05,0.3,20,4.05,79,0.15,3.0,0.0,1.0
Lyft,2026-08-16,23,7,3.217391304347826,-0.08695652173913043,23,3.2174,20,0.30434782608695654,7.0,0.0,1.0
Lyft,2026-08-17,20,5,2.6,-0.2,20,2.6,145,0.25,5.0,0.0,1.0
Lyft,2026-08-18,20,3,3.15,0.05,20,3.15,14,0.15,3.0,0.0,1.0
Lyft,2026-08-19,30,5,2.966666666666667,-0.1,30,2.9667,10,0.16666666666666666,5.0,0.0,1.0
Lyft,2026-08-20,18,5,2.5555555555555554,-0.2222222222222222,18,2.5556,50,0.2777777777777778,5.0,0.0,1.0
Lyft,2026-08-21,28,8,2.357142857142857,-0.39285714285714285,28,2.3571,162,0.2857142857142857,8.0,0.0,1.0
Lyft,2026-08-22,25,5,3.0,-0.2,25,3.0,3,0.2,5.0,0.0,1.0
Lyft,2026-08-23,27,7,3.5555555555555554,0.0,27,3.5556,4,0.25925925925925924,7.0,0.0,1.0
Lyft,2026-08-24,22,7,3.0,-0.22727272727272727,22,3.0,21,0.3181818181818182,7.0,0.0,1.0
Lyft,2026-08-25,33,6,3.0,0.18181818181818182,33,3.0,23,0.18181818181818182,6.0,0.0,1.0
Lyft,2026-08-26,23,8,3.347826086956522,-0.30434782608695654,23,3.3478,21,0.34782608695652173,8.0,0.0,1.0
Lyft,2026-08-27,19,9,2.526315789473684,-0.3684210526315789,20,2.65,9,0.47368421052631576,9.5,0.5,0.95
Lyft,2026-08-28,33,4,3.212121212121212,-0.06060606060606061,33,3.2121,23,0.12121212121212122,4.0,0.0,1.0
Lyft,2026-08-29,26,7,3.0,-0.34615384615384615,26,3.0,9,0.2692307692307692,7.0,0.0,1.0
Lyft,2026-08-30,23,8,2.5217391304347827,-0.13043478260869565,23,2.5217,18,0.34782608695652173,8.0,0.0,1.0
Lyft,2026-08-31,25,3,3.48,0.16,25,3.48,20,0.12,3.0,0.0,1.0
Lyft,2026-09-01,17,3,3.1176470588235294,-0.29411764705882354,17,3.1176,153,0.17647058823529413,3.0,0.0,1.0
Lyft,2026-09-02,23,5,3.4347826086956523,-0.21739130434782608,23,3.4348,8,0.21739130434782608,5.0,0.0,1.0
Lyft,2026-09-03,26,5,2.8846153846153846,-0.038461538461538464,26,2.8846,17,0.19230769230769232,5.0,0.0,1.0
Lyft,2026-09-04,32,8,2.78125,-0.125,32,2.7812,22,0.25,8.0,0.0,1.0
Lyft,2026-09-05,33,9,2.1818181818181817,-0.5757575757575758,33,2.1818,25,0.2727272727272727,9.0,0.0,1.0
Lyft,2026-09-06,31,11,2.5806451612903225,-0.2903225806451613,31,2.5806,3,0.3548387096774194,11.0,0.0,1.0
Lyft,2026-09-07,19,5,2.3684210526315788,-0.5263157894736842,19,2.3684,8,0.2631578947368421,5.0,0.0,1.0
Lyft,2026-09-08,25,8,2.04,-0.52,25,2.04,42,0.32,8.0,0.0,1.0
Lyft,2026-09-09,27,8,2.6666666666666665,-0.4074074074074074,27,2.6667,29,0.2962962962962963,8.0,0.0,1.0
Lyft,2026-09-10,26,8,2.6153846153846154,-0.19230769230769232,26,2.6154,7,0.3076923076923077,8.0,0.0,1.0
Lyft,2026-09-11,26,6,2.4615384615384617,-0.46153846153846156,26,2.4615,9,0.23076923076923078,6.0,0.0,1.0
Lyft,2026-09-12,23,9,2.0869565217391304,-0.6521739130434783,23,2.087,10,0.391304347826087,9.0,0.0,1.0
Lyft,2026-09-13,31,15,2.4193548387096775,-0.45161290322580644,31,2.4194,7,0.4838709677419355,15.0,0.0,1.0
Lyft,2026-09-14,35,7,2.857142857142857,-0.05714285714285714,35,2.8571,5,0.2,7.0,0.0,1.0
Lyft,2026-09-15,27,10,2.074074074074074,-0.5925925925925926,27,2.0741,15,0.37037037037037035,10.0,0.0,1.0
Lyft,2026-09-16,27,3,2.4814814814814814,-0.3333333333333333,27,2.4815,11,0.1111111111111111,3.0,0.0,1.0
Lyft,2026-09-17,21,9,2.8095238095238093,-0.3333333333333333,21,2.8095,22,0.42857142857142855,9.0,0.0,1.0
Lyft,2026-09-18,35,10,1.9142857142857144,-0.4857142857142857,35,1.9143,4,0.2857142857142857,10.0,0.0,1.0
Lyft,2026-09-19,24,6,2.25,-0.2916666666666667,24,2.25,13,0.25,6.0,0.0,1.0
Meesho,2026-08-06,28,1,4.321428571428571,0.5714285714285714,617,4.2545,103,0.03571428571428571,22.0,21.2,0.045
Meesho,2026-08-07,80,4,4.375,0.6125,642,4.2586,126,0.05,32.1,14.6,0.125
Meesho,2026-08-08,77,4,4.51948051948052,0.5844155844155844,959,4.3921,204,0.05194805194805195,49.8,23.3,0.08
Meesho,2026-08-09,79,2,4.544303797468355,0.5949367088607594,843,4.3488,1554,0.02531645569620253,21.3,14.2,0.094
Meesho,2026-08-10,80,2,4.3875,0.575,643,4.3173,99,0.025,16.1,10.5,0.124
Meesho,2026-08-11,77,5,4.5064935064935066,0.6623376623376623,666,4.2132,110,0.06493506493506493,43.2,17.6,0.116
Meesho,2026-08-12,77,6,4.077922077922078,0.37662337662337664,593,4.1046,216,0.07792207792207792,46.2,16.9,0.13
Meesho,2026-08-13,79,4,4.177215189873418,0.5189873417721519,600,4.0517,127,0.05063291139240506,30.4,13.8,0.132
Meesho,2026-08-14,78,7,4.294871794871795,0.48717948717948717,632,4.193,86,0.08974358974358974,56.7,19.2,0.123
Meesho,2026-08-15,78,6,4.256410256410256,0.5641025641025641,589,4.2292,80,0.07692307692307693,45.3,16.6,0.132
Meesho,2026-08-16,78,6,4.166666666666667,0.44871794871794873,940,4.3734,152,0.07692307692307693,72.3,27.2,0.083
Meesho,2026-08-17,77,6,3.987012987012987,0.4025974025974026,660,4.1197,209,0.07792207792207792,51.4,19.0,0.117
Meesho,2026-08-18,79,14,4.177215189873418,0.43037974683544306,655,3.9176,164,0.17721518987341772,116.1,26.4,0.121
Meesho,2026-08-19,79,5,4.3164556962025316,0.5569620253164557,559,4.1807,170,0.06329113924050633,35.4,14.2,0.141
Meesho,2026-08-20,80,3,4.2875,0.6,598,4.1572,189,0.0375,22.4,11.8,0.134
Meesho,2026-08-21,77,8,3.7012987012987013,0.37662337662337664,556,4.1151,162,0.1038961038961039,57.8,18.0,0.138
Meesho,2026-08-22,80,9,3.7875,0.3125,604,4.0596,129,0.1125,68.0,19.9,0.132
Meesho,2026-08-23,80,4,4.225,0.525,632,4.3165,102,0.05,31.6,14.4,0.127
Meesho,2026-08-24,80,9,4.1125,0.425,563,4.0693,125,0.1125,63.3,18.4,0.142
Meesho,2026-08-25,80,4,4.1625,0.4875,560,3.9786,95,0.05,28.0,12.6,0.143
Meesho,2026-08-26,76,2,4.434210526315789,0.5921052631578947,537,4.0857,118,0.02631578947368421,14.1,9.1,0.142
Meesho,2026-08-27,77,8,3.987012987012987,0.45454545454545453,421,4.0903,63,0.1038961038961039,43.7,13.2,0.183
Meesho,2026-08-28,79,6,4.329113924050633,0.4050632911392405,410,4.178,96,0.0759493670886076,31.1,11.0,0.193
Meesho,2026-08-29,76,11,4.118421052631579,0.42105263157894735,507,4.1716,77,0.14473684210526316,73.4,18.9,0.15
Meesho,2026-08-30,79,6,4.050632911392405,0.46835443037974683,604,4.0993,94,0.0759493670886076,45.9,16.8,0.131
Meesho,2026-08-31,75,7,4.066666666666666,0.4533333333333333,547,4.181,88,0.09333333333333334,51.1,17.1,0.137
Meesho,2026-09-01,79,5,4.30379746835443,0.6329113924050633,546,4.1172,166,0.06329113924050633,34.6,13.8,0.145
Meesho,2026-09-02,77,6,3.987012987012987,0.44155844155844154,579,4.2504,99,0.07792207792207792,45.1,16.5,0.133
Meesho,2026-09-03,79,6,4.215189873417722,0.4177215189873418,582,4.1203,142,0.0759493670886076,44.2,16.1,0.136
Meesho,2026-09-04,73,5,4.068493150684931,0.3972602739726027,520,4.1923,96,0.0684931506849315,35.6,14.3,0.14
Meesho,2026-09-05,78,6,4.217948717948718,0.46153846153846156,540,4.2778,100,0.07692307692307693,41.5,15.1,0.144
Meesho,2026-09-06,79,5,4.341772151898734,0.6075949367088608,1113,4.3136,249,0.06329113924050633,70.4,29.4,0.071
Meesho,2026-09-07,80,3,4.4875,0.5,589,4.1698,559,0.0375,22.1,11.6,0.136
Meesho,2026-09-08,79,4,4.0,0.4430379746835443,634,4.0647,75,0.05063291139240506,32.1,14.6,0.125
Meesho,2026-09-09,79,10,4.0,0.43037974683544306,596,4.1711,76,0.12658227848101267,75.4,20.8,0.133
Meesho,2026-09-10,79,7,4.2405063291139244,0.5063291139240507,585,4.1795,64,0.08860759493670886,51.8,17.4,0.135
Meesho,2026-09-11,77,6,4.259740259740259,0.4675324675324675,567,4.3386,148,0.07792207792207792,44.2,16.1,0.136
Meesho,2026-09-12,77,6,3.9740259740259742,0.4155844155844156,579,4.2435,65,0.07792207792207792,45.1,16.5,0.133
Meesho,2026-09-13,77,4,4.025974025974026,0.35064935064935066,612,4.2337,53,0.05194805194805195,31.8,14.5,0.126
Meesho,2026-09-14,78,8,4.17948717948718,0.48717948717948717,594,4.2525,38,0.10256410256410256,60.9,19.0,0.131
Meesho,2026-09-15,79,7,4.177215189873418,0.5822784810126582,543,4.2099,76,0.08860759493670886,48.1,16.1,0.145
Meesho,2026-09-16,77,8,3.9740259740259742,0.4025974025974026,533,4.1557,47,0.1038961038961039,55.4,17.2,0.144
Meesho,2026-09-17,75,5,4.173333333333333,0.5866666666666667,734,4.1335,50,0.06666666666666667,48.9,20.0,0.102
Meesho,2026-09-18,78,3,4.038461538461538,0.358974358974359,706,4.3088,61,0.038461538461538464,27.2,14.5,0.11
Meesho,2026-09-19,79,5,4.341772151898734,0.5443037974683544,826,4.3305,51,0.06329113924050633,52.3,21.5,0.096
Myntra,2026-08-06,26,1,4.5,0.6153846153846154,572,4.4965,70,0.038461538461538464,22.0,21.1,0.045
Myntra,2026-08-07,78,6,4.435897435897436,0.6153846153846154,505,4.5089,67,0.07692307692307693,38.8,14.0,0.154
Myntra,2026-08-08,78,3,4.4743589743589745,0.6410256410256411,556,4.554,38,0.038461538461538464,21.4,11.2,0.14
Myntra,2026-08-09,79,5,4.582278481012659,0.6582278481012658,568,4.463,51,0.06329113924050633,35.9,14.5,0.139
Myntra,2026-08-10,78,2,4.67948717948718,0.7564102564102564,514,4.5447,61,0.02564102564102564,13.2,8.5,0.152
Myntra,2026-08-11,79,3,4.544303797468355,0.6582278481012658,513,4.4698,43,0.0379746835443038,19.5,10.2,0.154
Myntra,2026-08-12,80,3,4.45,0.6,519,4.4412,59,0.0375,19.5,10.1,0.154
Myntra,2026-08-13,80,9,4.025,0.4125,511,4.2407,40,0.1125,57.5,16.6,0.157
Myntra,2026-08-14,79,4,4.075949367088608,0.5443037974683544,563,4.325,54,0.05063291139240506,28.5,12.9,0.14
Myntra,2026-08-15,80,5,4.3,0.5875,460,4.4326,123,0.0625,28.8,11.3,0.174
Myntra,2026-08-16,79,1,4.455696202531645,0.6835443037974683,536,4.5485,34,0.012658227848101266,6.8,6.2,0.147
Myntra,2026-08-17,79,5,4.493670886075949,0.6962025316455697,511,4.364,70,0.06329113924050633,32.3,12.9,0.155
Myntra,2026-08-18,80,9,4.275,0.575,556,4.2572,56,0.1125,62.6,18.2,0.144
Myntra,2026-08-19,78,9,4.115384615384615,0.5128205128205128,531,4.4369,58,0.11538461538461539,61.3,17.8,0.147
Myntra,2026-08-20,77,3,4.779220779220779,0.7922077922077922,539,4.4842,41,0.03896103896103896,21.0,11.0,0.143
Myntra,2026-08-21,79,4,4.506329113924051,0.6708860759493671,523,4.3901,69,0.05063291139240506,26.5,11.9,0.151
Myntra,2026-08-22,78,3,4.666666666666667,0.7948717948717948,558,4.4319,220,0.038461538461538464,21.5,11.3,0.14
Myntra,2026-08-23,80,2,4.3375,0.5625,581,4.2788,108,0.025,14.5,9.4,0.138
Myntra,2026-08-24,79,6,4.253164556962025,0.5316455696202531,491,4.3625,67,0.0759493670886076,37.3,13.4,0.161
Myntra,2026-08-25,79,2,4.556962025316456,0.6075949367088608,451,4.3947,61,0.02531645569620253,11.4,7.2,0.175
Myntra,2026-08-26,80,10,3.9375,0.525,472,4.2797,381,0.125,59.0,15.9,0.169
Myntra,2026-08-27,80,9,4.1875,0.4875,437,4.1327,68,0.1125,49.2,14.0,0.183
Myntra,2026-08-28,79,3,4.518987341772152,0.6582278481012658,323,4.418,24,0.0379746835443038,12.3,6.0,0.245
Myntra,2026-08-29,79,8,4.151898734177215,0.6075949367088608,394,4.3223,66,0.10126582278481013,39.9,12.0,0.201
Myntra,2026-08-30,79,4,4.2784810126582276,0.5316455696202531,483,4.3934,58,0.05063291139240506,24.5,10.9,0.164
Myntra,2026-08-31,79,3,4.506329113924051,0.6708860759493671,423,4.4539,243,0.0379746835443038,16.1,8.2,0.187
Myntra,2026-09-01,79,1,4.670886075949367,0.7088607594936709,552,4.4547,64,0.012658227848101266,7.0,6.4,0.143
Myntra,2026-09-02,80,4,4.55,0.6625,552,4.4511,43,0.05,27.6,12.4,0.145
Myntra,2026-09-03,80,1,4.6125,0.6875,513,4.4756,48,0.0125,6.4,5.9,0.156
Myntra,2026-09-04,79,1,4.708860759493671,0.7468354430379747,543,4.3996,63,0.012658227848101266,6.9,6.3,0.145
Myntra,2026-09-05,77,3,4.597402597402597,0.7662337662337663,527,4.5028,46,0.03896103896103896,20.5,10.7,0.146
Myntra,2026-09-06,79,7,4.481012658227848,0.569620253164557,572,4.5839,44,0.08860759493670886,50.7,17.0,0.138
Myntra,2026-09-07,78,3,4.5256410256410255,0.6025641025641025,559,4.5832,49,0.038461538461538464,21.5,11.3,0.14
Myntra,2026-09-08,77,5,4.415584415584416,0.5844155844155844,590,4.422,40,0.06493506493506493,38.3,15.5,0.131
Myntra,2026-09-09,79,2,4.481012658227848,0.6455696202531646,548,4.4416,34,0.02531645569620253,13.9,9.0,0.144
Myntra,2026-09-10,80,4,4.6,0.65,573,4.466,28,0.05,28.6,13.0,0.14
Myntra,2026-09-11,78,8,4.333333333333333,0.5512820512820513,594,4.3788,27,0.10256410256410256,60.9,19.0,0.131
Myntra,2026-09-12,78,5,4.5,0.7435897435897436,598,4.4649,22,0.0641025641025641,38.3,15.5,0.13
Myntra,2026-09-13,77,2,4.740259740259741,0.7272727272727273,595,4.442,17,0.025974025974025976,15.5,10.1,0.129
Myntra,2026-09-14,79,5,4.443037974683544,0.6835443037974683,501,4.515,6,0.06329113924050633,31.7,12.6,0.158
Myntra,2026-09-15,77,7,4.35064935064935,0.6103896103896104,493,4.3854,39,0.09090909090909091,44.8,14.9,0.156
Myntra,2026-09-16,79,5,4.493670886075949,0.6708860759493671,501,4.479,15,0.06329113924050633,31.7,12.6,0.158
Myntra,2026-09-17,77,7,4.324675324675325,0.6103896103896104,485,4.4165,33,0.09090909090909091,44.1,14.6,0.159
Myntra,2026-09-18,80,7,4.15,0.475,486,4.3148,148,0.0875,42.5,14.0,0.165
Myntra,2026-09-19,79,8,4.189873417721519,0.5569620253164557,456,4.3246,14,0.10126582278481013,46.2,14.1,0.173
Ola,2026-08-06,12,2,2.6666666666666665,0.08333333333333333,39,2.1795,60,0.16666666666666666,6.5,3.5,0.308
Ola,2026-08-07,51,10,3.0588235294117645,-0.058823529411764705,53,3.1321,17,0.19607843137254902,10.4,0.6,0.962
Ola,2026-08-08,56,5,3.0,0.21428571428571427,57,3.0351,19,0.08928571428571429,5.1,0.3,0.982
Ola,2026-08-09,38,5,3.0526315789473686,-0.02631578947368421,40,3.125,4,0.13157894736842105,5.3,0.5,0.95
Ola,2026-08-10,41,7,2.707317073170732,-0.07317073170731707,42,2.7619,5,0.17073170731707318,7.2,0.4,0.976
Ola,2026-08-11,49,9,2.673469387755102,-0.12244897959183673,50,2.72,11,0.1836734693877551,9.2,0.4,0.98
Ola,2026-08-12,41,5,2.6097560975609757,-0.1951219512195122,41,2.6098,7,0.12195121951219512,5.0,0.0,1.0
Ola,2026-08-13,40,3,2.75,0.05,42,2.8571,3,0.075,3.2,0.4,0.952
Ola,2026-08-14,50,5,2.8,-0.02,51,2.8431,7,0.1,5.1,0.3,0.98
Ola,2026-08-15,48,5,3.0416666666666665,0.0,50,3.12,1,0.10416666666666667,5.2,0.4,0.96
Ola,2026-08-16,37,2,3.135135135135135,0.10810810810810811,38,3.1842,5,0.05405405405405406,2.1,0.2,0.974
Ola,2026-08-17,42,7,2.880952380952381,-0.023809523809523808,42,2.881,8,0.16666666666666666,7.0,0.0,1.0
Ola,2026-08-18,44,9,2.522727272727273,-0.13636363636363635,44,2.5227,1,0.20454545454545456,9.0,0.0,1.0
Ola,2026-08-19,43,9,2.697674418604651,-0.06976744186046512,44,2.75,11,0.20930232558139536,9.2,0.4,0.977
Ola,2026-08-20,37,3,3.108108108108108,0.13513513513513514,40,3.25,8,0.08108108108108109,3.2,0.5,0.925
Ola,2026-08-21,31,4,2.5161290322580645,-0.16129032258064516,32,2.5938,12,0.12903225806451613,4.1,0.3,0.969
Ola,2026-08-22,40,8,1.775,-0.475,41,1.8537,11,0.2,8.2,0.4,0.976
Ola,2026-08-23,54,8,2.4074074074074074,-0.2962962962962963,54,2.4074,32,0.14814814814814814,8.0,0.0,1.0
Ola,2026-08-24,44,5,2.272727272727273,-0.25,45,2.3333,5,0.11363636363636363,5.1,0.3,0.978
Ola,2026-08-25,44,10,2.0454545454545454,-0.2727272727272727,45,2.1111,10,0.22727272727272727,10.2,0.4,0.978
Ola,2026-08-26,37,6,3.0,-0.21621621621621623,38,3.0526,9,0.16216216216216217,6.2,0.4,0.974
Ola,2026-08-27,59,9,2.5254237288135593,-0.1016949152542373,59,2.5254,17,0.15254237288135594,9.0,0.0,1.0
Ola,2026-08-28,59,14,2.457627118644068,-0.15254237288135594,62,2.5645,17,0.23728813559322035,14.7,0.8,0.952
Ola,2026-08-29,50,11,2.74,-0.14,52,2.8269,6,0.22,11.4,0.6,0.962
Ola,2026-08-30,50,6,2.86,-0.16,52,2.9423,2,0.12,6.2,0.5,0.962
Ola,2026-08-31,45,4,2.533333333333333,-0.13333333333333333,47,2.617,4,0.08888888888888889,4.2,0.4,0.957
Ola,2026-09-01,31,4,2.6129032258064515,-0.22580645161290322,33,2.7576,2,0.12903225806451613,4.3,0.5,0.939
Ola,2026-09-02,43,4,2.744186046511628,-0.023255813953488372,43,2.7442,3,0.09302325581395349,4.0,0.0,1.0
Ola,2026-09-03,40,10,2.55,-0.2,41,2.6098,31,0.25,10.2,0.4,0.976
Ola,2026-09-04,38,5,2.0,-0.4473684210526316,39,2.0769,10,0.13157894736842105,5.1,0.3,0.974
Ola,2026-09-05,52,5,2.9038461538461537,0.019230769230769232,54,2.963,8,0.09615384615384616,5.2,0.4,0.963
Ola,2026-09-06,51,6,2.549019607843137,-0.058823529411764705,51,2.549,4,0.11764705882352941,6.0,0.0,1.0
Ola,2026-09-07,41,4,3.1707317073170733,0.1951219512195122,42,3.2143,10,0.0975609756097561,4.1,0.3,0.976
Ola,2026-09-08,34,3,3.088235294117647,0.08823529411764706,35,3.1429,4,0.08823529411764706,3.1,0.3,0.971
Ola,2026-09-09,39,5,2.4871794871794872,-0.05128205128205128,40,2.55,2,0.1282051282051282,5.1,0.3,0.975
Ola,2026-09-10,43,6,2.883720930232558,0.046511627906976744,43,2.8837,1,0.13953488372093023,6.0,0.0,1.0
Ola,2026-09-11,41,5,2.5121951219512195,-0.0975609756097561,43,2.6047,2,0.12195121951219512,5.2,0.5,0.953
Ola,2026-09-12,31,2,2.5806451612903225,-0.1935483870967742,33,2.7273,2,0.06451612903225806,2.1,0.4,0.939
Ola,2026-09-13,52,9,2.6923076923076925,0.038461538461538464,52,2.6923,3,0.17307692307692307,9.0,0.0,1.0
Ola,2026-09-14,41,4,2.682926829268293,-0.04878048780487805,41,2.6829,0,0.0975609756097561,4.0,0.0,1.0
Ola,2026-09-15,32,6,2.625,-0.1875,33,2.697,8,0.1875,6.2,0.4,0.97
Ola,2026-09-16,48,7,2.4166666666666665,-0.14583333333333334,49,2.449,9,0.14583333333333334,7.1,0.4,0.98
Ola,2026-09-17,37,6,2.7027027027027026,0.02702702702702703,37,2.7027,11,0.16216216216216217,6.0,0.0,1.0
Ola,2026-09-18,37,8,2.2972972972972974,-0.2972972972972973,38,2.3684,10,0.21621621621621623,8.2,0.4,0.974
Ola,2026-09-19,41,5,2.707317073170732,-0.04878048780487805,43,2.7442,0,0.12195121951219512,5.2,0.5,0.953
Rapido,2026-08-06,28,1,3.892857142857143,0.4642857142857143,371,3.814,1021,0.03571428571428571,13.2,12.5,0.075
Rapido,2026-08-07,78,6,3.448717948717949,0.23076923076923078,411,3.3114,91,0.07692307692307693,31.6,11.2,0.19
Rapido,2026-08-08,75,5,3.5733333333333333,0.28,398,3.7638,287,0.06666666666666667,26.5,10.3,0.188
Rapido,2026-08-09,79,5,3.7848101265822787,0.4810126582278481,362,3.8867,85,0.06329113924050633,22.9,8.8,0.218
Rapido,2026-08-10,78,6,3.269230769230769,0.16666666666666666,435,3.4414,101,0.07692307692307693,33.5,11.9,0.179
Rapido,2026-08-11,78,6,3.5128205128205128,0.1794871794871795,392,3.4388,50,0.07692307692307693,30.2,10.6,0.199
Rapido,2026-08-12,79,9,3.4936708860759493,0.20253164556962025,378,3.6772,64,0.11392405063291139,43.1,12.0,0.209
Rapido,2026-08-13,79,9,3.4050632911392404,0.22784810126582278,403,3.5558,66,0.11392405063291139,45.9,12.9,0.196
Rapido,2026-08-14,76,4,3.4078947368421053,0.17105263157894737,428,3.1589,181,0.05263157894736842,22.5,10.0,0.178
Rapido,2026-08-15,74,5,3.5405405405405403,0.3108108108108108,345,3.6957,48,0.06756756756756757,23.3,8.9,0.214
Rapido,2026-08-16,79,4,3.4177215189873418,0.13924050632911392,388,3.5206,145,0.05063291139240506,19.6,8.6,0.204
Rapido,2026-08-17,79,7,2.7088607594936707,-0.012658227848101266,652,2.8942,47,0.08860759493670886,57.8,19.6,0.121
Rapido,2026-08-18,78,3,2.6153846153846154,-0.1282051282051282,1028,2.2315,72,0.038461538461538464,39.5,21.5,0.076
Rapido,2026-08-19,77,6,1.974025974025974,-0.3116883116883117,880,2.0727,708,0.07792207792207792,68.6,25.7,0.088
Rapido,2026-08-20,78,3,2.730769230769231,-0.0641025641025641,555,2.645,50,0.038461538461538464,21.3,11.2,0.141
Rapido,2026-08-21,79,5,3.5569620253164556,0.25316455696202533,426,3.4437,84,0.06329113924050633,27.0,10.5,0.185
Rapido,2026-08-22,77,7,3.831168831168831,0.2857142857142857,425,3.6235,92,0.09090909090909091,38.6,12.6,0.181
Rapido,2026-08-23,79,3,3.7088607594936707,0.4177215189873418,374,3.6283,99,0.0379746835443038,14.2,7.2,0.211
Rapido,2026-08-24,79,2,3.7848101265822787,0.31645569620253167,460,3.5239,57,0.02531645569620253,11.6,7.4,0.172
Rapido,2026-08-25,78,4,3.4743589743589745,0.19230769230769232,397,3.3501,79,0.05128205128205128,20.4,8.9,0.196
Rapido,2026-08-26,78,2,4.166666666666667,0.5384615384615384,375,3.7973,110,0.02564102564102564,9.6,6.0,0.208
Rapido,2026-08-27,79,12,2.4936708860759493,-0.26582278481012656,665,2.6617,138,0.1518987341772152,101.0,25.2,0.119
Rapido,2026-08-28,77,6,3.4025974025974026,0.22077922077922077,452,3.2279,81,0.07792207792207792,35.2,12.6,0.17
Rapido,2026-08-29,79,8,3.278481012658228,0.20253164556962025,375,3.5733,52,0.10126582278481013,38.0,11.3,0.211
Rapido,2026-08-30,79,9,3.4683544303797467,0.1518987341772152,430,3.686,97,0.11392405063291139,49.0,13.9,0.184
Rapido,2026-08-31,78,8,3.551282051282051,0.34615384615384615,432,3.706,67,0.10256410256410256,44.3,13.4,0.181
Rapido,2026-09-01,79,5,3.5822784810126582,0.21518987341772153,393,3.5191,49,0.06329113924050633,24.9,9.6,0.201
Rapido,2026-09-02,79,6,3.7468354430379747,0.34177215189873417,389,3.7121,75,0.0759493670886076,29.5,10.4,0.203
Rapido,2026-09-03,79,7,3.5569620253164556,0.20253164556962025,435,3.7011,60,0.08860759493670886,38.5,12.6,0.182
Rapido,2026-09-04,80,5,4.2375,0.525,358,3.8436,63,0.0625,22.4,8.5,0.223
Rapido,2026-09-05,77,7,3.5844155844155843,0.3246753246753247,372,3.8091,72,0.09090909090909091,33.8,10.9,0.207
Rapido,2026-09-06,79,6,3.9873417721518987,0.46835443037974683,336,3.7619,61,0.0759493670886076,25.5,8.8,0.235
Rapido,2026-09-07,78,4,3.6153846153846154,0.41025641025641024,389,3.6067,79,0.05128205128205128,19.9,8.7,0.201
Rapido,2026-09-08,80,7,3.9375,0.2625,399,3.6491,49,0.0875,34.9,11.3,0.201
Rapido,2026-09-09,77,7,3.7142857142857144,0.35064935064935066,384,3.7578,48,0.09090909090909091,34.9,11.3,0.201
Rapido,2026-09-10,77,3,3.8051948051948052,0.35064935064935066,353,3.8442,58,0.03896103896103896,13.8,6.9,0.218
Rapido,2026-09-11,79,11,3.5063291139240507,0.22784810126582278,339,3.7139,49,0.13924050632911392,47.2,11.6,0.233
Rapido,2026-09-12,79,9,3.329113924050633,0.02531645569620253,357,3.6527,31,0.11392405063291139,40.7,11.3,0.221
Rapido,2026-09-13,76,1,3.539473684210526,0.35526315789473684,362,3.7155,65,0.013157894736842105,4.8,4.2,0.21
Rapido,2026-09-14,80,8,3.475,0.3,396,3.5909,22,0.1,39.6,11.9,0.202
Rapido,2026-09-15,78,2,4.141025641025641,0.358974358974359,356,3.7865,29,0.02564102564102564,9.1,5.6,0.219
Rapido,2026-09-16,79,4,3.632911392405063,0.24050632911392406,415,3.5494,19,0.05063291139240506,21.0,9.2,0.19
Rapido,2026-09-17,80,8,3.55,0.1875,368,3.5842,17,0.1,36.8,10.9,0.217
Rapido,2026-09-18,79,8,3.7974683544303796,0.26582278481012656,369,3.8022,15,0.10126582278481013,37.4,11.1,0.214
Rapido,2026-09-19,79,7,3.6455696202531644,0.21518987341772153,344,3.7384,16,0.08860759493670886,30.5,9.7,0.23
Ryanair,2026-08-06,4,0,1.0,-0.5,8,1.25,7,0.0,0.0,0.0,0.5
Ryanair,2026-08-07,4,0,2.75,-0.25,4,2.75,2,0.0,0.0,0.0,1.0
Ryanair,2026-08-08,5,0,1.2,-0.6,6,1.6667,8,0.0,0.0,0.0,0.833
Ryanair,2026-08-09,3,0,1.0,-1.0,3,1.0,4,0.0,0.0,0.0,1.0
Ryanair,2026-08-10,3,0,2.0,-0.3333333333333333,3,2.0,5,0.0,0.0,0.0,1.0
Ryanair,2026-08-11,10,2,1.8,-0.5,10,1.8,5,0.2,2.0,0.0,1.0
Ryanair,2026-08-12,9,0,1.6666666666666667,-0.3333333333333333,9,1.6667,5,0.0,0.0,0.0,1.0
Ryanair,2026-08-13,3,0,1.0,-0.3333333333333333,3,1.0,2,0.0,0.0,0.0,1.0
Ryanair,2026-08-14,4,0,2.0,-0.25,4,2.0,2,0.0,0.0,0.0,1.0
Ryanair,2026-08-15,2,0,1.5,-1.0,2,1.5,3,0.0,0.0,0.0,1.0
Ryanair,2026-08-16,4,0,1.0,-0.25,4,1.0,2,0.0,0.0,0.0,1.0
Ryanair,2026-08-17,7,1,2.2857142857142856,-0.2857142857142857,7,2.2857,7,0.14285714285714285,1.0,0.0,1.0
Ryanair,2026-08-18,8,0,2.0,-0.75,8,2.0,4,0.0,0.0,0.0,1.0
Ryanair,2026-08-19,13,0,1.0769230769230769,-0.6923076923076923,13,1.0769,15,0.0,0.0,0.0,1.0
Ryanair,2026-08-20,3,0,2.3333333333333335,0.3333333333333333,3,2.3333,3,0.0,0.0,0.0,1.0
Ryanair,2026-08-21,8,2,2.0,-0.75,8,2.0,5,0.25,2.0,0.0,1.0
Ryanair,2026-08-22,3,1,1.0,-1.0,3,1.0,2,0.3333333333333333,1.0,0.0,1.0
Ryanair,2026-08-23,4,1,1.75,-0.75,4,1.75,6,0.25,1.0,0.0,1.0
Ryanair,2026-08-24,6,0,1.6666666666666667,-0.16666666666666666,6,1.6667,9,0.0,0.0,0.0,1.0
Ryanair,2026-08-25,5,0,1.0,-0.8,5,1.0,7,0.0,0.0,0.0,1.0
Ryanair,2026-08-26,4,0,2.0,-0.5,4,2.0,6,0.0,0.0,0.0,1.0
Ryanair,2026-08-27,5,0,1.8,-0.4,5,1.8,3,0.0,0.0,0.0,1.0
Ryanair,2026-08-28,3,0,2.3333333333333335,-0.6666666666666666,3,2.3333,0,0.0,0.0,0.0,1.0
Ryanair,2026-08-29,3,0,1.3333333333333333,-1.0,3,1.3333,3,0.0,0.0,0.0,1.0
Ryanair,2026-08-30,5,0,1.4,-0.2,5,1.4,6,0.0,0.0,0.0,1.0
Ryanair,2026-08-31,6,1,3.0,-0.3333333333333333,6,3.0,1,0.16666666666666666,1.0,0.0,1.0
Ryanair,2026-09-01,7,0,2.0,-0.14285714285714285,7,2.0,2,0.0,0.0,0.0,1.0
Ryanair,2026-09-02,10,1,1.7,-0.6,11,1.9091,8,0.1,1.1,0.3,0.909
Ryanair,2026-09-03,5,0,1.8,-0.2,5,1.8,0,0.0,0.0,0.0,1.0
Ryanair,2026-09-04,7,1,1.2857142857142858,-1.0,7,1.2857,3,0.14285714285714285,1.0,0.0,1.0
Ryanair,2026-09-05,4,0,2.0,-1.0,4,2.0,2,0.0,0.0,0.0,1.0
Ryanair,2026-09-06,3,1,1.0,0.0,3,1.0,0,0.3333333333333333,1.0,0.0,1.0
Ryanair,2026-09-07,6,2,1.1666666666666667,-0.5,6,1.1667,1,0.3333333333333333,2.0,0.0,1.0
Ryanair,2026-09-08,4,0,1.0,-0.25,4,1.0,0,0.0,0.0,0.0,1.0
Ryanair,2026-09-09,5,0,2.0,-0.4,5,2.0,0,0.0,0.0,0.0,1.0
Ryanair,2026-09-10,7,0,1.0,-0.7142857142857143,7,1.0,4,0.0,0.0,0.0,1.0
Ryanair,2026-09-11,4,0,3.25,0.0,4,3.25,1,0.0,0.0,0.0,1.0
Ryanair,2026-09-12,3,0,2.6666666666666665,-0.3333333333333333,3,2.6667,1,0.0,0.0,0.0,1.0
Ryanair,2026-09-13,8,2,1.0,-0.5,8,1.0,3,0.25,2.0,0.0,1.0
Ryanair,2026-09-14,8,0,1.125,-0.625,8,1.125,1,0.0,0.0,0.0,1.0
Ryanair,2026-09-15,5,1,1.6,-0.8,5,1.6,0,0.2,1.0,0.0,1.0
Ryanair,2026-09-16,8,1,1.75,-0.625,8,1.75,1,0.125,1.0,0.0,1.0
Ryanair,2026-09-17,6,0,1.0,-0.6666666666666666,6,1.0,0,0.0,0.0,0.0,1.0
Ryanair,2026-09-18,9,0,1.1111111111111112,-0.5555555555555556,9,1.1111,1,0.0,0.0,0.0,1.0
Ryanair,2026-09-19,7,2,1.7142857142857142,-0.7142857142857143,7,1.7143,33,0.2857142857142857,2.0,0.0,1.0
SHEIN,2026-08-06,25,0,4.4,0.48,310,4.3839,109,0.0,0.0,0.0,0.081
SHEIN,2026-08-07,80,2,4.4875,0.6,276,4.3551,50,0.025,6.9,4.1,0.29
SHEIN,2026-08-08,78,3,4.076923076923077,0.358974358974359,299,4.2709,83,0.038461538461538464,11.5,5.6,0.261
SHEIN,2026-08-09,80,0,4.3,0.6125,271,4.31,49,0.0,0.0,0.0,0.295
SHEIN,2026-08-10,79,1,4.405063291139241,0.5189873417721519,261,4.2567,55,0.012658227848101266,3.3,2.7,0.303
SHEIN,2026-08-11,80,4,4.1375,0.525,279,4.19,89,0.05,14.0,5.8,0.287
SHEIN,2026-08-12,80,2,4.2125,0.5375,301,4.2691,46,0.025,7.5,4.5,0.266
SHEIN,2026-08-13,80,2,4.2625,0.575,262,4.1412,50,0.025,6.6,3.8,0.305
SHEIN,2026-08-14,80,2,4.0,0.375,295,4.0407,53,0.025,7.4,4.4,0.271
SHEIN,2026-08-15,80,3,4.3375,0.4375,313,4.2716,64,0.0375,11.7,5.7,0.256
SHEIN,2026-08-16,80,3,4.1375,0.4625,221,4.1403,338,0.0375,8.3,3.8,0.362
SHEIN,2026-08-17,79,4,4.012658227848101,0.4430379746835443,274,4.1204,84,0.05063291139240506,13.9,5.7,0.288
SHEIN,2026-08-18,80,4,4.1,0.45,277,4.1227,94,0.05,13.8,5.7,0.289
SHEIN,2026-08-19,80,4,4.4875,0.5625,279,4.2115,169,0.05,14.0,5.8,0.287
SHEIN,2026-08-20,78,6,4.153846153846154,0.5256410256410257,276,4.2899,55,0.07692307692307693,21.2,7.1,0.283
SHEIN,2026-08-21,79,2,4.481012658227848,0.6708860759493671,278,4.3597,38,0.02531645569620253,7.0,4.2,0.284
SHEIN,2026-08-22,80,3,4.2125,0.5875,252,4.1032,98,0.0375,9.4,4.4,0.317
SHEIN,2026-08-23,79,3,4.379746835443038,0.5189873417721519,211,4.2227,32,0.0379746835443038,8.0,3.6,0.374
SHEIN,2026-08-24,79,8,4.10126582278481,0.4050632911392405,235,4.2468,76,0.10126582278481013,23.8,6.5,0.336
SHEIN,2026-08-25,80,3,4.3,0.6375,234,4.3504,68,0.0375,8.8,4.0,0.342
SHEIN,2026-08-26,79,5,4.0886075949367084,0.5189873417721519,242,4.2562,53,0.06329113924050633,15.3,5.5,0.326
SHEIN,2026-08-27,77,0,4.233766233766234,0.5714285714285714,279,4.233,56,0.0,0.0,0.0,0.276
SHEIN,2026-08-28,80,2,4.3125,0.525,251,4.3307,29,0.025,6.3,3.6,0.319
SHEIN,2026-08-29,79,2,4.2025316455696204,0.4936708860759494,246,4.2886,34,0.02531645569620253,6.2,3.6,0.321
SHEIN,2026-08-30,78,4,4.076923076923077,0.5256410256410257,215,4.1163,36,0.05128205128205128,11.0,4.3,0.363
SHEIN,2026-08-31,80,5,4.1875,0.5125,251,4.1355,29,0.0625,15.7,5.6,0.319
SHEIN,2026-09-01,80,1,4.3625,0.4375,285,4.3719,46,0.0125,3.6,3.0,0.281
SHEIN,2026-09-02,79,5,4.151898734177215,0.5189873417721519,284,4.3204,51,0.06329113924050633,18.0,6.6,0.278
SHEIN,2026-09-03,79,2,4.227848101265823,0.5822784810126582,284,4.2007,35,0.02531645569620253,7.2,4.3,0.278
SHEIN,2026-09-04,79,3,4.367088607594937,0.620253164556962,285,4.393,38,0.0379746835443038,10.8,5.2,0.277
SHEIN,2026-09-05,80,3,4.375,0.525,285,4.3579,415,0.0375,10.7,5.1,0.281
SHEIN,2026-09-06,80,0,4.425,0.7,270,4.1926,48,0.0,0.0,0.0,0.296
SHEIN,2026-09-07,80,2,4.2,0.475,248,4.2056,43,0.025,6.2,3.6,0.323
SHEIN,2026-09-08,80,1,4.4,0.6625,282,4.3617,37,0.0125,3.5,3.0,0.284
SHEIN,2026-09-09,79,4,4.1645569620253164,0.5063291139240507,252,4.1984,29,0.05063291139240506,12.8,5.2,0.313
SHEIN,2026-09-10,79,2,4.430379746835443,0.5443037974683544,252,4.2817,18,0.02531645569620253,6.4,3.7,0.313
SHEIN,2026-09-11,80,10,3.875,0.3875,260,4.2462,32,0.125,32.5,8.0,0.308
SHEIN,2026-09-12,80,3,4.3375,0.4875,250,4.292,11,0.0375,9.4,4.4,0.32
SHEIN,2026-09-13,79,4,4.025316455696203,0.35443037974683544,221,4.0905,20,0.05063291139240506,11.2,4.4,0.357
SHEIN,2026-09-14,80,2,4.1375,0.375,239,4.2134,291,0.025,6.0,3.4,0.335
SHEIN,2026-09-15,80,7,4.475,0.6,233,4.3219,31,0.0875,20.4,6.0,0.343
SHEIN,2026-09-16,78,5,4.230769230769231,0.4358974358974359,228,4.4035,11,0.0641025641025641,14.6,5.1,0.342
SHEIN,2026-09-17,80,3,4.3375,0.425,231,4.3463,6,0.0375,8.7,4.0,0.346
SHEIN,2026-09-18,79,4,4.379746835443038,0.6075949367088608,246,4.2073,13,0.05063291139240506,12.5,5.0,0.321
SHEIN,2026-09-19,80,5,4.05,0.5,224,4.1473,10,0.0625,14.0,4.9,0.357
Southwest,2026-08-06,1,0,1.0,-1.0,2,1.0,3,0.0,0.0,0.0,0.5
Southwest,2026-08-07,2,2,1.0,-1.0,2,1.0,7,1.0,2.0,0.0,1.0
Southwest,2026-08-08,1,0,1.0,-1.0,1,1.0,1,0.0,0.0,0.0,1.0
Southwest,2026-08-10,4,0,3.75,-0.5,4,3.75,4,0.0,0.0,0.0,1.0
Southwest,2026-08-13,3,1,1.3333333333333333,-1.0,3,1.3333,5,0.3333333333333333,1.0,0.0,1.0
Southwest,2026-08-14,1,0,1.0,0.0,1,1.0,1,0.0,0.0,0.0,1.0
Southwest,2026-08-15,2,0,1.5,-0.5,2,1.5,4,0.0,0.0,0.0,1.0
Southwest,2026-08-16,1,0,5.0,1.0,1,5.0,0,0.0,0.0,0.0,1.0
Southwest,2026-08-17,3,0,1.6666666666666667,-0.3333333333333333,3,1.6667,2,0.0,0.0,0.0,1.0
Southwest,2026-08-18,2,0,5.0,0.5,2,5.0,0,0.0,0.0,0.0,1.0
Southwest,2026-08-19,1,0,3.0,0.0,1,3.0,1,0.0,0.0,0.0,1.0
Southwest,2026-08-21,3,1,2.3333333333333335,-0.3333333333333333,3,2.3333,1,0.3333333333333333,1.0,0.0,1.0
Southwest,2026-08-23,4,1,2.0,0.25,4,2.0,2,0.25,1.0,0.0,1.0
Southwest,2026-08-26,1,0,1.0,0.0,1,1.0,0,0.0,0.0,0.0,1.0
Southwest,2026-08-27,3,1,2.3333333333333335,-0.6666666666666666,3,2.3333,1,0.3333333333333333,1.0,0.0,1.0
Southwest,2026-08-28,3,0,3.0,-0.6666666666666666,3,3.0,0,0.0,0.0,0.0,1.0
Southwest,2026-08-29,3,0,3.3333333333333335,-0.6666666666666666,3,3.3333,0,0.0,0.0,0.0,1.0
Southwest,2026-08-30,4,0,2.0,-0.25,4,2.0,0,0.0,0.0,0.0,1.0
Southwest,2026-08-31,2,0,5.0,0.0,2,5.0,0,0.0,0.0,0.0,1.0
Southwest,2026-09-01,1,0,1.0,-1.0,1,1.0,0,0.0,0.0,0.0,1.0
Southwest,2026-09-03,1,0,1.0,-1.0,1,1.0,0,0.0,0.0,0.0,1.0
Southwest,2026-09-04,2,1,1.0,-1.0,2,1.0,2,0.5,1.0,0.0,1.0
Southwest,2026-09-06,1,0,1.0,-1.0,1,1.0,0,0.0,0.0,0.0,1.0
Southwest,2026-09-07,3,0,3.6666666666666665,-0.3333333333333333,3,3.6667,0,0.0,0.0,0.0,1.0
Southwest,2026-09-08,1,0,1.0,-1.0,1,1.0,0,0.0,0.0,0.0,1.0
Southwest,2026-09-09,5,0,2.4,-0.6,5,2.4,3,0.0,0.0,0.0,1.0
Southwest,2026-09-10,1,0,1.0,-1.0,1,1.0,1,0.0,0.0,0.0,1.0
Southwest,2026-09-12,2,1,3.0,0.0,2,3.0,1,0.5,1.0,0.0,1.0
Southwest,2026-09-14,2,0,3.5,-0.5,2,3.5,1,0.0,0.0,0.0,1.0
Southwest,2026-09-17,2,0,1.0,-1.0,2,1.0,0,0.0,0.0,0.0,1.0
Southwest,2026-09-19,1,0,2.0,0.0,1,2.0,0,0.0,0.0,0.0,1.0
Swiggy,2026-08-06,37,2,4.297297297297297,0.6216216216216216,379,3.6042,60,0.05405405405405406,20.5,13.4,0.098
Swiggy,2026-08-07,77,11,3.4935064935064934,0.2727272727272727,332,3.4036,35,0.14285714285714285,47.4,11.6,0.232
Swiggy,2026-08-08,76,11,3.3421052631578947,0.25,424,3.4292,39,0.14473684210526316,61.4,15.5,0.179
Swiggy,2026-08-09,78,6,3.0128205128205128,0.1282051282051282,491,3.1752,284,0.07692307692307693,37.8,13.6,0.159
Swiggy,2026-08-10,75,8,3.8,0.4,390,3.4,21,0.10666666666666667,41.6,12.5,0.192
Swiggy,2026-08-11,80,11,3.1375,0.2125,373,3.4745,46,0.1375,51.3,12.7,0.214
Swiggy,2026-08-12,78,11,3.628205128205128,0.38461538461538464,445,3.4449,76,0.14102564102564102,62.8,15.9,0.175
Swiggy,2026-08-13,77,9,3.792207792207792,0.4025974025974026,402,3.495,27,0.11688311688311688,47.0,13.3,0.192
Swiggy,2026-08-14,73,14,3.506849315068493,0.3424657534246575,428,3.528,187,0.1917808219178082,82.1,18.0,0.171
Swiggy,2026-08-15,78,5,3.7948717948717947,0.5,648,3.7994,81,0.0641025641025641,41.5,16.9,0.12
Swiggy,2026-08-16,80,12,3.175,0.1375,560,3.4196,103,0.15,84.0,20.7,0.143
Swiggy,2026-08-17,77,8,3.6103896103896105,0.3116883116883117,353,3.6232,24,0.1038961038961039,36.7,10.9,0.218
Swiggy,2026-08-18,74,9,3.6486486486486487,0.21621621621621623,349,3.2722,31,0.12162162162162163,42.4,11.8,0.212
Swiggy,2026-08-19,77,8,3.220779220779221,0.3246753246753247,385,3.5766,48,0.1038961038961039,40.0,12.0,0.2
Swiggy,2026-08-20,77,8,3.779220779220779,0.37662337662337664,364,3.6429,30,0.1038961038961039,37.8,11.3,0.212
Swiggy,2026-08-21,75,8,3.2133333333333334,0.2,389,3.4833,2750,0.10666666666666667,41.5,12.5,0.193
Swiggy,2026-08-22,78,7,3.8076923076923075,0.4358974358974359,448,3.6317,16,0.08974358974358974,40.2,13.2,0.174
Swiggy,2026-08-23,76,11,3.6315789473684212,0.32894736842105265,577,3.6672,63,0.14473684210526316,83.5,21.7,0.132
Swiggy,2026-08-24,79,8,3.518987341772152,0.3924050632911392,346,3.685,11,0.10126582278481013,35.0,10.3,0.228
Swiggy,2026-08-25,78,9,3.5641025641025643,0.3333333333333333,319,3.6019,31,0.11538461538461539,36.8,10.0,0.245
Swiggy,2026-08-26,71,6,3.507042253521127,0.30985915492957744,394,3.5609,46,0.08450704225352113,33.3,11.8,0.18
Swiggy,2026-08-27,77,10,3.2857142857142856,0.37662337662337664,415,3.4024,73,0.12987012987012986,53.9,14.4,0.186
Swiggy,2026-08-28,76,8,3.263157894736842,0.34210526315789475,557,3.4632,55,0.10526315789473684,58.6,18.2,0.136
Swiggy,2026-08-29,74,12,3.581081081081081,0.32432432432432434,462,3.5368,195,0.16216216216216217,74.9,18.2,0.16
Swiggy,2026-08-30,80,11,3.725,0.4375,561,3.5704,57,0.1375,77.1,20.0,0.143
Swiggy,2026-08-31,78,16,3.358974358974359,0.20512820512820512,377,3.5358,30,0.20512820512820512,77.3,15.4,0.207
Swiggy,2026-09-01,74,11,3.2837837837837838,0.2702702702702703,418,3.488,19,0.14864864864864866,62.1,15.7,0.177
Swiggy,2026-09-02,77,7,3.3896103896103895,0.2727272727272727,450,3.4933,91,0.09090909090909091,40.9,13.4,0.171
Swiggy,2026-09-03,79,13,3.4936708860759493,0.34177215189873417,417,3.5348,11,0.16455696202531644,68.6,15.7,0.189
Swiggy,2026-09-04,75,5,3.6266666666666665,0.4533333333333333,492,3.6341,39,0.06666666666666667,32.8,13.1,0.152
Swiggy,2026-09-05,75,8,3.6,0.3466666666666667,532,3.5883,29,0.10666666666666667,56.7,17.6,0.141
Swiggy,2026-09-06,78,9,3.4871794871794872,0.28205128205128205,524,3.5992,23,0.11538461538461539,60.5,17.5,0.149
Swiggy,2026-09-07,76,7,3.289473684210526,0.2236842105263158,326,3.3957,7,0.09210526315789473,30.0,9.5,0.233
Swiggy,2026-09-08,79,7,3.5949367088607596,0.4177215189873418,418,3.567,9,0.08860759493670886,37.0,12.0,0.189
Swiggy,2026-09-09,79,8,3.4683544303797467,0.27848101265822783,423,3.6217,20,0.10126582278481013,42.8,13.0,0.187
Swiggy,2026-09-10,78,11,3.5256410256410255,0.358974358974359,387,3.6641,7,0.14102564102564102,54.6,13.6,0.202
Swiggy,2026-09-11,78,7,3.7435897435897436,0.358974358974359,493,3.7404,55,0.08974358974358974,44.2,14.7,0.158
Swiggy,2026-09-12,75,8,3.453333333333333,0.29333333333333333,489,3.6196,7,0.10666666666666667,52.2,16.1,0.153
Swiggy,2026-09-13,77,13,3.5064935064935066,0.23376623376623376,611,3.6318,16,0.16883116883116883,103.2,24.4,0.126
Swiggy,2026-09-14,76,5,3.710526315789474,0.5,502,3.6474,28,0.06578947368421052,33.0,13.2,0.151
Swiggy,2026-09-15,78,6,3.717948717948718,0.38461538461538464,425,3.5953,14,0.07692307692307693,32.7,11.6,0.184
Swiggy,2026-09-16,77,12,3.4025974025974026,0.2987012987012987,408,3.5392,14,0.15584415584415584,63.6,15.2,0.189
Swiggy,2026-09-17,78,10,3.58974358974359,0.3333333333333333,388,3.5335,34,0.1282051282051282,49.7,13.1,0.201
Swiggy,2026-09-18,76,12,3.223684210526316,0.39473684210526316,418,3.567,5,0.15789473684210525,66.0,15.8,0.182
Swiggy,2026-09-19,75,12,3.3066666666666666,0.28,394,3.6701,2,0.16,63.0,15.0,0.19
Temu,2026-08-06,22,3,4.136363636363637,0.4090909090909091,662,4.0921,401,0.13636363636363635,90.3,47.7,0.033
Temu,2026-08-07,79,6,3.8354430379746836,0.21518987341772153,697,3.9641,741,0.0759493670886076,52.9,19.6,0.113
Temu,2026-08-08,79,6,3.9873417721518987,0.3037974683544304,629,3.9634,340,0.0759493670886076,47.8,17.5,0.126
Temu,2026-08-09,78,0,3.769230769230769,0.11538461538461539,577,3.8388,333,0.0,0.0,0.0,0.135
Temu,2026-08-10,80,12,3.9125,0.2625,617,3.9271,463,0.15,92.6,23.0,0.13
Temu,2026-08-11,80,9,3.7375,0.2125,616,4.0081,2301,0.1125,69.3,20.3,0.13
Temu,2026-08-12,80,4,3.925,0.1875,607,4.0165,247,0.05,30.4,13.8,0.132
Temu,2026-08-13,80,2,4.1125,0.275,642,4.1386,1312,0.025,16.0,10.5,0.125
Temu,2026-08-14,80,4,4.1875,0.325,677,4.0251,351,0.05,33.8,15.5,0.118
Temu,2026-08-15,80,5,3.6625,0.175,632,3.9241,291,0.0625,39.5,16.0,0.127
Temu,2026-08-16,80,2,4.15,0.1625,608,3.949,287,0.025,15.2,9.9,0.132
Temu,2026-08-17,80,6,4.025,0.25,540,4.0722,316,0.075,40.5,14.7,0.148
Temu,2026-08-18,79,7,3.759493670886076,0.25316455696202533,580,3.9052,261,0.08860759493670886,51.4,17.2,0.136
Temu,2026-08-19,78,11,3.9615384615384617,0.0641025641025641,613,4.0424,767,0.14102564102564102,86.4,22.6,0.127
Temu,2026-08-20,79,3,4.075949367088608,0.3291139240506329,642,3.9377,307,0.0379746835443038,24.4,12.9,0.123
Temu,2026-08-21,80,5,3.9875,0.1625,638,4.0408,565,0.0625,39.9,16.2,0.125
Temu,2026-08-22,79,6,4.1265822784810124,0.31645569620253167,609,3.954,266,0.0759493670886076,46.3,16.9,0.13
Temu,2026-08-23,80,3,3.85,0.2375,562,3.7829,169,0.0375,21.1,11.1,0.142
Temu,2026-08-24,78,4,4.141025641025641,0.19230769230769232,524,4.0134,250,0.05128205128205128,26.9,12.1,0.149
Temu,2026-08-25,80,4,4.025,0.2875,549,3.9563,190,0.05,27.4,12.4,0.146
Temu,2026-08-26,80,4,3.675,0.0875,577,3.9289,322,0.05,28.8,13.1,0.139
Temu,2026-08-27,80,4,3.9625,0.35,562,4.0516,1133,0.05,28.1,12.7,0.142
Temu,2026-08-28,80,6,4.1875,0.3,623,4.0963,325,0.075,46.7,17.1,0.128
Temu,2026-08-29,80,3,4.05,0.275,567,4.0635,237,0.0375,21.3,11.2,0.141
Temu,2026-08-30,79,3,4.113924050632911,0.27848101265822783,538,3.9833,221,0.0379746835443038,20.4,10.7,0.147
Temu,2026-08-31,79,6,3.759493670886076,0.13924050632911392,506,3.919,385,0.0759493670886076,38.4,13.9,0.156
Temu,2026-09-01,79,9,4.227848101265823,0.35443037974683544,545,3.9908,157,0.11392405063291139,62.1,18.0,0.145
Temu,2026-09-02,80,6,4.3625,0.45,603,4.0464,266,0.075,45.2,16.6,0.133
Temu,2026-09-03,80,9,3.875,0.25,660,4.0879,210,0.1125,74.2,21.9,0.121
Temu,2026-09-04,79,5,3.670886075949367,0.0,703,3.9815,1603,0.06329113924050633,44.5,18.2,0.112
Temu,2026-09-05,80,6,3.6,0.05,688,3.9971,1651,0.075,51.6,19.1,0.116
Temu,2026-09-06,79,4,3.848101265822785,0.0759493670886076,624,3.9904,306,0.05063291139240506,31.6,14.4,0.127
Temu,2026-09-07,79,10,3.8607594936708862,0.16455696202531644,572,3.9336,221,0.12658227848101267,72.4,19.9,0.138
Temu,2026-09-08,78,2,3.871794871794872,0.23076923076923078,646,4.0604,205,0.02564102564102564,16.6,10.8,0.121
Temu,2026-09-09,80,3,4.0125,0.4,658,3.9742,652,0.0375,24.7,13.1,0.122
Temu,2026-09-10,80,6,4.1125,0.2625,651,4.0353,476,0.075,48.8,18.0,0.123
Temu,2026-09-11,80,5,3.8,0.175,660,3.9591,1077,0.0625,41.2,16.8,0.121
Temu,2026-09-12,80,3,3.7,0.2125,708,4.0325,1036,0.0375,26.6,14.2,0.113
Temu,2026-09-13,80,3,3.9875,0.15,629,3.8426,358,0.0375,23.6,12.5,0.127
Temu,2026-09-14,80,3,4.025,0.225,589,3.927,243,0.0375,22.1,11.6,0.136
Temu,2026-09-15,80,4,3.9375,0.1375,684,4.0292,3610,0.05,34.2,15.7,0.117
Temu,2026-09-16,80,7,3.8375,0.2875,666,4.0886,258,0.0875,58.3,19.8,0.12
Temu,2026-09-17,80,1,4.0125,0.25,657,4.0898,136,0.0125,8.2,7.7,0.122
Temu,2026-09-18,80,3,3.875,0.225,672,4.0193,79,0.0375,25.2,13.4,0.119
Temu,2026-09-19,79,8,3.8607594936708862,0.17721518987341772,554,3.9188,252,0.10126582278481013,56.1,17.4,0.143
UPS,2026-08-06,12,3,2.3333333333333335,-0.3333333333333333,32,2.6562,1,0.25,8.0,3.2,0.375
UPS,2026-08-07,28,3,2.107142857142857,-0.42857142857142855,28,2.1071,1,0.10714285714285714,3.0,0.0,1.0
UPS,2026-08-08,20,3,1.9,-0.2,20,1.9,0,0.15,3.0,0.0,1.0
UPS,2026-08-09,12,0,2.3333333333333335,-0.16666666666666666,12,2.3333,6,0.0,0.0,0.0,1.0
UPS,2026-08-10,15,2,2.8,-0.4,15,2.8,4,0.13333333333333333,2.0,0.0,1.0
UPS,2026-08-11,35,4,2.7714285714285714,-0.22857142857142856,35,2.7714,4,0.11428571428571428,4.0,0.0,1.0
UPS,2026-08-12,44,4,2.340909090909091,-0.3409090909090909,44,2.3409,11,0.09090909090909091,4.0,0.0,1.0
UPS,2026-08-13,32,5,2.625,-0.375,32,2.625,3,0.15625,5.0,0.0,1.0
UPS,2026-08-14,44,6,2.7954545454545454,-0.09090909090909091,44,2.7955,6,0.13636363636363635,6.0,0.0,1.0
UPS,2026-08-15,19,3,3.1052631578947367,0.0,19,3.1053,0,0.15789473684210525,3.0,0.0,1.0
UPS,2026-08-16,16,3,2.125,-0.25,16,2.125,0,0.1875,3.0,0.0,1.0
UPS,2026-08-17,16,0,2.25,-0.25,16,2.25,0,0.0,0.0,0.0,1.0
UPS,2026-08-18,27,3,2.814814814814815,-0.14814814814814814,27,2.8148,2,0.1111111111111111,3.0,0.0,1.0
UPS,2026-08-19,25,5,2.04,-0.52,25,2.04,2,0.2,5.0,0.0,1.0
UPS,2026-08-20,37,3,2.7837837837837838,-0.16216216216216217,37,2.7838,0,0.08108108108108109,3.0,0.0,1.0
UPS,2026-08-21,28,2,3.2857142857142856,-0.10714285714285714,28,3.2857,0,0.07142857142857142,2.0,0.0,1.0
UPS,2026-08-22,28,1,3.4285714285714284,0.03571428571428571,28,3.4286,7,0.03571428571428571,1.0,0.0,1.0
UPS,2026-08-23,10,2,2.9,-0.1,10,2.9,0,0.2,2.0,0.0,1.0
UPS,2026-08-24,9,3,3.0,0.0,9,3.0,0,0.3333333333333333,3.0,0.0,1.0
UPS,2026-08-25,33,3,2.757575757575758,-0.18181818181818182,33,2.7576,1,0.09090909090909091,3.0,0.0,1.0
UPS,2026-08-26,29,1,3.1724137931034484,0.034482758620689655,30,3.2333,0,0.034482758620689655,1.0,0.2,0.967
UPS,2026-08-27,32,1,2.96875,-0.125,32,2.9688,48,0.03125,1.0,0.0,1.0
UPS,2026-08-28,16,2,3.125,-0.125,16,3.125,0,0.125,2.0,0.0,1.0
UPS,2026-08-29,25,4,2.2,-0.32,25,2.2,2,0.16,4.0,0.0,1.0
UPS,2026-08-30,7,1,2.857142857142857,-0.2857142857142857,7,2.8571,2,0.14285714285714285,1.0,0.0,1.0
UPS,2026-08-31,20,1,2.9,-0.2,20,2.9,1,0.05,1.0,0.0,1.0
UPS,2026-09-01,26,5,3.076923076923077,0.0,26,3.0769,3,0.19230769230769232,5.0,0.0,1.0
UPS,2026-09-02,31,2,2.6774193548387095,-0.22580645161290322,32,2.75,2,0.06451612903225806,2.1,0.3,0.969
UPS,2026-09-03,36,3,3.0555555555555554,0.0,36,3.0556,2,0.08333333333333333,3.0,0.0,1.0
UPS,2026-09-04,24,5,2.2916666666666665,-0.625,24,2.2917,0,0.20833333333333334,5.0,0.0,1.0
UPS,2026-09-05,24,3,2.9583333333333335,-0.25,24,2.9583,0,0.125,3.0,0.0,1.0
UPS,2026-09-06,14,4,1.4285714285714286,-0.7857142857142857,14,1.4286,4,0.2857142857142857,4.0,0.0,1.0
UPS,2026-09-07,15,4,3.066666666666667,-0.13333333333333333,15,3.0667,0,0.26666666666666666,4.0,0.0,1.0
UPS,2026-09-08,22,1,2.6363636363636362,-0.045454545454545456,22,2.6364,2,0.045454545454545456,1.0,0.0,1.0
UPS,2026-09-09,27,2,2.5555555555555554,-0.1111111111111111,27,2.5556,0,0.07407407407407407,2.0,0.0,1.0
UPS,2026-09-10,34,3,3.235294117647059,0.11764705882352941,34,3.2353,2,0.08823529411764706,3.0,0.0,1.0
UPS,2026-09-11,32,8,2.1875,-0.3125,32,2.1875,0,0.25,8.0,0.0,1.0
UPS,2026-09-12,29,5,2.6551724137931036,0.0,29,2.6552,0,0.1724137931034483,5.0,0.0,1.0
UPS,2026-09-13,16,1,2.5625,-0.125,16,2.5625,1,0.0625,1.0,0.0,1.0
UPS,2026-09-14,14,1,1.8571428571428572,-0.6428571428571429,14,1.8571,20,0.07142857142857142,1.0,0.0,1.0
UPS,2026-09-15,34,5,2.5294117647058822,-0.35294117647058826,34,2.5294,0,0.14705882352941177,5.0,0.0,1.0
UPS,2026-09-16,29,3,2.6551724137931036,-0.3103448275862069,29,2.6552,0,0.10344827586206896,3.0,0.0,1.0
UPS,2026-09-17,37,10,2.108108108108108,-0.4594594594594595,37,2.1081,0,0.2702702702702703,10.0,0.0,1.0
UPS,2026-09-18,32,6,3.09375,-0.28125,32,3.0938,72,0.1875,6.0,0.0,1.0
UPS,2026-09-19,19,4,2.526315789473684,-0.21052631578947367,19,2.5263,0,0.21052631578947367,4.0,0.0,1.0
Uber,2026-08-06,31,4,3.870967741935484,0.25806451612903225,460,3.8826,116,0.12903225806451613,59.4,26.8,0.067
Uber,2026-08-07,79,10,3.759493670886076,0.34177215189873417,445,3.7775,119,0.12658227848101267,56.3,15.1,0.178
Uber,2026-08-08,80,6,3.9875,0.4,457,3.9037,108,0.075,34.3,12.2,0.175
Uber,2026-08-09,79,4,3.7974683544303796,0.379746835443038,472,4.0212,134,0.05063291139240506,23.9,10.6,0.167
Uber,2026-08-10,77,6,3.7662337662337664,0.33766233766233766,505,3.8356,94,0.07792207792207792,39.4,14.2,0.152
Uber,2026-08-11,78,7,3.576923076923077,0.24358974358974358,429,3.6597,79,0.08974358974358974,38.5,12.6,0.182
Uber,2026-08-12,79,6,4.063291139240507,0.4810126582278481,459,3.8497,157,0.0759493670886076,34.9,12.5,0.172
Uber,2026-08-13,79,11,3.7341772151898733,0.22784810126582278,431,3.8701,81,0.13924050632911392,60.0,15.2,0.183
Uber,2026-08-14,78,5,3.7051282051282053,0.28205128205128205,453,3.8124,46,0.0641025641025641,29.0,11.4,0.172
Uber,2026-08-15,78,7,3.8205128205128207,0.2948717948717949,453,3.8212,92,0.08974358974358974,40.7,13.4,0.172
Uber,2026-08-16,77,10,3.883116883116883,0.38961038961038963,442,3.7986,89,0.12987012987012986,57.4,15.4,0.174
Uber,2026-08-17,80,8,3.9375,0.4625,465,3.8753,60,0.1,46.5,14.2,0.172
Uber,2026-08-18,78,11,3.7435897435897436,0.3717948717948718,473,3.8562,323,0.14102564102564102,66.7,17.1,0.165
Uber,2026-08-19,77,10,3.844155844155844,0.4025974025974026,453,3.7969,98,0.12987012987012986,58.8,15.8,0.17
Uber,2026-08-20,78,8,3.8076923076923075,0.48717948717948717,436,3.7431,143,0.10256410256410256,44.7,13.6,0.179
Uber,2026-08-21,79,7,4.075949367088608,0.5316455696202531,442,3.9525,83,0.08860759493670886,39.2,12.8,0.179
Uber,2026-08-22,78,2,4.076923076923077,0.46153846153846156,499,3.9639,53,0.02564102564102564,12.8,8.2,0.156
Uber,2026-08-23,79,3,4.151898734177215,0.3670886075949367,506,4.0099,100,0.0379746835443038,19.2,10.0,0.156
Uber,2026-08-24,76,10,3.9210526315789473,0.40789473684210525,517,3.7756,132,0.13157894736842105,68.0,18.5,0.147
Uber,2026-08-25,78,1,4.0,0.44871794871794873,437,3.8902,94,0.01282051282051282,5.6,5.1,0.178
Uber,2026-08-26,79,8,4.050632911392405,0.4810126582278481,440,3.7591,87,0.10126582278481013,44.6,13.5,0.18
Uber,2026-08-27,80,8,3.75,0.3875,599,3.6861,619,0.1,59.9,18.7,0.134
Uber,2026-08-28,79,3,4.037974683544304,0.45569620253164556,572,3.799,105,0.0379746835443038,21.7,11.4,0.138
Uber,2026-08-29,78,8,3.6794871794871793,0.3974358974358974,488,3.8238,94,0.10256410256410256,50.1,15.4,0.16
Uber,2026-08-30,77,8,4.0519480519480515,0.42857142857142855,476,3.8824,90,0.1038961038961039,49.5,15.2,0.162
Uber,2026-08-31,80,8,3.9625,0.4125,455,3.8044,84,0.1,45.5,13.9,0.176
Uber,2026-09-01,80,10,3.6875,0.275,448,3.8929,91,0.125,56.0,15.0,0.179
Uber,2026-09-02,76,5,4.078947368421052,0.40789473684210525,471,3.7919,110,0.06578947368421052,31.0,12.3,0.161
Uber,2026-09-03,79,5,4.063291139240507,0.4430379746835443,472,3.8581,87,0.06329113924050633,29.9,11.8,0.167
Uber,2026-09-04,79,6,3.949367088607595,0.379746835443038,465,3.929,151,0.0759493670886076,35.3,12.6,0.17
Uber,2026-09-05,77,6,3.883116883116883,0.4155844155844156,526,3.8251,49,0.07792207792207792,41.0,14.9,0.146
Uber,2026-09-06,77,7,3.831168831168831,0.38961038961038963,531,3.9774,51,0.09090909090909091,48.3,16.1,0.145
Uber,2026-09-07,79,9,3.721518987341772,0.27848101265822783,486,3.8951,60,0.11392405063291139,55.4,15.9,0.163
Uber,2026-09-08,79,9,3.6455696202531644,0.26582278481012656,460,3.7652,51,0.11392405063291139,52.4,15.0,0.172
Uber,2026-09-09,80,5,3.825,0.3875,462,3.881,41,0.0625,28.9,11.4,0.173
Uber,2026-09-10,79,6,3.670886075949367,0.4050632911392405,433,3.776,195,0.0759493670886076,32.9,11.7,0.182
Uber,2026-09-11,78,5,3.8974358974358974,0.34615384615384615,476,3.855,258,0.0641025641025641,30.5,12.1,0.164
Uber,2026-09-12,77,7,3.74025974025974,0.4025974025974026,479,3.8079,23,0.09090909090909091,43.5,14.4,0.161
Uber,2026-09-13,78,5,4.17948717948718,0.5512820512820513,478,3.977,29,0.0641025641025641,30.6,12.1,0.163
Uber,2026-09-14,78,9,3.5128205128205128,0.1794871794871795,485,3.7691,26,0.11538461538461539,56.0,16.1,0.161
Uber,2026-09-15,77,6,3.5844155844155843,0.2857142857142857,438,3.7854,1227,0.07792207792207792,34.1,12.2,0.176
Uber,2026-09-16,80,9,3.5875,0.2375,425,3.6988,61,0.1125,47.8,13.5,0.188
Uber,2026-09-17,80,3,3.825,0.3875,442,3.7873,28,0.0375,16.6,8.5,0.181
Uber,2026-09-18,79,11,3.6835443037974684,0.25316455696202533,466,3.8627,129,0.13924050632911392,64.9,16.6,0.17
Uber,2026-09-19,78,6,4.0256410256410255,0.47435897435897434,426,3.9718,40,0.07692307692307693,32.8,11.6,0.183
Uber Eats,2026-08-06,24,5,2.75,-0.3333333333333333,95,2.4316,39,0.20833333333333334,19.8,6.8,0.253
Uber Eats,2026-08-07,80,18,2.325,-0.2125,96,2.4271,1432,0.225,21.6,1.8,0.833
Uber Eats,2026-08-08,80,18,2.3625,-0.225,96,2.4583,22,0.225,21.6,1.8,0.833
Uber Eats,2026-08-09,80,14,2.4625,-0.125,113,2.531,13,0.175,19.8,2.6,0.708
Uber Eats,2026-08-10,80,28,2.3625,-0.3,103,2.3495,331,0.35,36.0,2.6,0.777
Uber Eats,2026-08-11,80,17,2.7875,-0.1,94,2.8617,31,0.2125,20.0,1.7,0.851
Uber Eats,2026-08-12,80,16,3.1625,0.0625,84,3.1429,50,0.2,16.8,0.8,0.952
Uber Eats,2026-08-13,80,13,2.9125,-0.1375,113,2.9469,107,0.1625,18.4,2.5,0.708
Uber Eats,2026-08-14,79,21,2.518987341772152,-0.2911392405063291,108,2.5278,81,0.26582278481012656,28.7,2.8,0.731
Uber Eats,2026-08-15,80,21,2.6875,-0.25,120,2.6417,122,0.2625,31.5,3.4,0.667
Uber Eats,2026-08-16,80,17,2.9375,-0.1875,92,2.8478,64,0.2125,19.6,1.5,0.87
Uber Eats,2026-08-17,80,19,2.1125,-0.475,93,2.2903,59,0.2375,22.1,1.7,0.86
Uber Eats,2026-08-18,79,17,2.607594936708861,-0.24050632911392406,79,2.6076,143,0.21518987341772153,17.0,0.0,1.0
Uber Eats,2026-08-19,64,16,2.8125,-0.1875,64,2.8125,119,0.25,16.0,0.0,1.0
Uber Eats,2026-08-20,80,15,2.65,-0.1625,91,2.5275,34,0.1875,17.1,1.4,0.879
Uber Eats,2026-08-21,79,10,2.8734177215189876,0.11392405063291139,84,2.8095,41,0.12658227848101267,10.6,0.8,0.94
Uber Eats,2026-08-22,79,21,2.5949367088607596,-0.25316455696202533,82,2.6341,49,0.26582278481012656,21.8,0.8,0.963
Uber Eats,2026-08-23,80,17,2.7,-0.1,101,2.6634,36,0.2125,21.5,2.1,0.792
Uber Eats,2026-08-24,78,14,2.871794871794872,-0.08974358974358974,86,2.8488,31,0.1794871794871795,15.4,1.1,0.907
Uber Eats,2026-08-25,79,20,2.7341772151898733,-0.189873417721519,98,2.6837,43,0.25316455696202533,24.8,2.1,0.806
Uber Eats,2026-08-26,79,14,2.759493670886076,-0.12658227848101267,103,2.9806,99,0.17721518987341772,18.3,2.1,0.767
Uber Eats,2026-08-27,79,19,2.4050632911392404,-0.24050632911392406,97,2.4845,68,0.24050632911392406,23.3,2.0,0.814
Uber Eats,2026-08-28,79,17,2.7341772151898733,-0.11392405063291139,108,2.9537,29,0.21518987341772153,23.2,2.6,0.731
Uber Eats,2026-08-29,79,14,2.911392405063291,-0.012658227848101266,139,2.9209,20,0.17721518987341772,24.6,3.9,0.568
Uber Eats,2026-08-30,80,16,2.7,-0.15,99,2.9394,34,0.2,19.8,1.9,0.808
Uber Eats,2026-08-31,80,18,2.7125,-0.25,109,2.6514,28,0.225,24.5,2.6,0.734
Uber Eats,2026-09-01,80,17,2.8125,-0.1625,90,2.8889,41,0.2125,19.1,1.4,0.889
Uber Eats,2026-09-02,80,15,2.9625,-0.0125,82,2.9756,20,0.1875,15.4,0.6,0.976
Uber Eats,2026-09-03,80,15,3.3125,-0.025,110,3.1364,59,0.1875,20.6,2.5,0.727
Uber Eats,2026-09-04,79,13,3.1265822784810124,0.012658227848101266,118,2.9492,21,0.16455696202531644,19.4,2.8,0.669
Uber Eats,2026-09-05,79,25,2.569620253164557,-0.24050632911392406,134,2.5448,204,0.31645569620253167,42.4,4.5,0.59
Uber Eats,2026-09-06,80,16,2.5625,-0.15,127,2.7087,104,0.2,25.4,3.5,0.63
Uber Eats,2026-09-07,79,16,2.6455696202531644,-0.2911392405063291,98,2.7347,13,0.20253164556962025,19.8,2.0,0.806
Uber Eats,2026-09-08,73,17,2.2465753424657535,-0.2602739726027397,73,2.2466,30,0.2328767123287671,17.0,0.0,1.0
Uber Eats,2026-09-09,74,14,2.6486486486486487,-0.2702702702702703,74,2.6486,9,0.1891891891891892,14.0,0.0,1.0
Uber Eats,2026-09-10,79,16,2.6835443037974684,-0.24050632911392406,92,2.7609,12,0.20253164556962025,18.6,1.6,0.859
Uber Eats,2026-09-11,80,22,2.7,-0.325,95,2.7053,9,0.275,26.1,1.9,0.842
Uber Eats,2026-09-12,80,19,2.625,-0.2875,114,2.5526,31,0.2375,27.1,3.0,0.702
Uber Eats,2026-09-13,79,16,2.8987341772151898,-0.17721518987341772,111,2.9369,26,0.20253164556962025,22.5,2.7,0.712
Uber Eats,2026-09-14,79,19,2.329113924050633,-0.379746835443038,79,2.3291,11,0.24050632911392406,19.0,0.0,1.0
Uber Eats,2026-09-15,80,14,2.7125,-0.325,80,2.7125,4,0.175,14.0,0.0,1.0
Uber Eats,2026-09-16,80,20,2.675,-0.25,83,2.759,38,0.25,20.8,0.8,0.964
Uber Eats,2026-09-17,79,16,2.7088607594936707,-0.25316455696202533,80,2.7375,61,0.20253164556962025,16.2,0.4,0.988
Uber Eats,2026-09-18,80,17,2.6625,-0.0625,120,2.675,26,0.2125,25.5,3.2,0.667
Uber Eats,2026-09-19,80,8,2.775,-0.1375,106,2.5943,4,0.1,10.6,1.8,0.755
United,2026-08-06,6,0,4.666666666666667,0.6666666666666666,18,3.3889,1,0.0,0.0,0.0,0.333
United,2026-08-07,21,0,3.761904761904762,0.3333333333333333,21,3.7619,2,0.0,0.0,0.0,1.0
United,2026-08-08,19,2,2.8421052631578947,-0.15789473684210525,19,2.8421,16,0.10526315789473684,2.0,0.0,1.0
United,2026-08-09,16,0,2.1875,-0.1875,16,2.1875,9,0.0,0.0,0.0,1.0
United,2026-08-10,20,1,2.8,-0.25,21,2.9048,15,0.05,1.0,0.2,0.952
United,2026-08-11,22,4,2.8181818181818183,-0.18181818181818182,23,2.913,25,0.18181818181818182,4.2,0.4,0.957
United,2026-08-12,16,0,4.0625,0.1875,16,4.0625,8,0.0,0.0,0.0,1.0
United,2026-08-13,17,1,3.176470588235294,0.11764705882352941,17,3.1765,5,0.058823529411764705,1.0,0.0,1.0
United,2026-08-14,25,2,3.76,0.04,25,3.76,4,0.08,2.0,0.0,1.0
United,2026-08-15,17,2,2.9411764705882355,0.0,17,2.9412,7,0.11764705882352941,2.0,0.0,1.0
United,2026-08-16,12,1,3.0833333333333335,-0.08333333333333333,12,3.0833,6,0.08333333333333333,1.0,0.0,1.0
United,2026-08-17,24,4,3.0,-0.25,24,3.0,13,0.16666666666666666,4.0,0.0,1.0
United,2026-08-18,16,0,3.0625,0.125,16,3.0625,2,0.0,0.0,0.0,1.0
United,2026-08-19,15,0,3.066666666666667,0.13333333333333333,15,3.0667,3,0.0,0.0,0.0,1.0
United,2026-08-20,18,0,2.888888888888889,-0.2222222222222222,18,2.8889,14,0.0,0.0,0.0,1.0
United,2026-08-21,19,1,3.736842105263158,0.5263157894736842,19,3.7368,7,0.05263157894736842,1.0,0.0,1.0
United,2026-08-22,22,4,2.8181818181818183,-0.045454545454545456,22,2.8182,3,0.18181818181818182,4.0,0.0,1.0
United,2026-08-23,21,1,2.8095238095238093,-0.047619047619047616,21,2.8095,7,0.047619047619047616,1.0,0.0,1.0
United,2026-08-24,20,1,3.6,0.2,20,3.6,6,0.05,1.0,0.0,1.0
United,2026-08-25,8,1,2.625,-0.625,8,2.625,5,0.125,1.0,0.0,1.0
United,2026-08-26,8,0,2.25,-0.5,8,2.25,4,0.0,0.0,0.0,1.0
United,2026-08-27,25,2,3.72,0.08,25,3.72,6,0.08,2.0,0.0,1.0
United,2026-08-28,22,3,2.4545454545454546,-0.5454545454545454,22,2.4545,15,0.13636363636363635,3.0,0.0,1.0
United,2026-08-29,16,0,3.0,-0.125,17,3.1176,10,0.0,0.0,0.0,0.941
United,2026-08-30,16,1,3.75,0.5625,16,3.75,5,0.0625,1.0,0.0,1.0
United,2026-08-31,16,1,3.4375,0.125,16,3.4375,3,0.0625,1.0,0.0,1.0
United,2026-09-01,18,1,3.5555555555555554,0.2222222222222222,18,3.5556,3,0.05555555555555555,1.0,0.0,1.0
United,2026-09-02,15,1,3.1333333333333333,0.06666666666666667,15,3.1333,1,0.06666666666666667,1.0,0.0,1.0
United,2026-09-03,21,0,3.3333333333333335,0.14285714285714285,21,3.3333,4,0.0,0.0,0.0,1.0
United,2026-09-04,20,1,3.5,-0.05,20,3.5,2,0.05,1.0,0.0,1.0
United,2026-09-05,22,3,2.8181818181818183,0.0,22,2.8182,0,0.13636363636363635,3.0,0.0,1.0
United,2026-09-06,14,1,3.857142857142857,0.14285714285714285,14,3.8571,0,0.07142857142857142,1.0,0.0,1.0
United,2026-09-07,17,1,3.3529411764705883,0.0,17,3.3529,3,0.058823529411764705,1.0,0.0,1.0
United,2026-09-08,20,1,3.75,0.15,20,3.75,2,0.05,1.0,0.0,1.0
United,2026-09-09,22,2,3.3636363636363638,-0.18181818181818182,22,3.3636,0,0.09090909090909091,2.0,0.0,1.0
United,2026-09-10,21,0,3.0952380952380953,-0.19047619047619047,21,3.0952,0,0.0,0.0,0.0,1.0
United,2026-09-11,18,0,3.7777777777777777,0.5,18,3.7778,1,0.0,0.0,0.0,1.0
United,2026-09-12,15,1,3.8666666666666667,0.2,15,3.8667,8,0.06666666666666667,1.0,0.0,1.0
United,2026-09-13,15,0,3.533333333333333,-0.06666666666666667,15,3.5333,1,0.0,0.0,0.0,1.0
United,2026-09-14,21,0,4.095238095238095,0.19047619047619047,21,4.0952,0,0.0,0.0,0.0,1.0
United,2026-09-15,22,1,3.409090909090909,0.22727272727272727,22,3.4091,0,0.045454545454545456,1.0,0.0,1.0
United,2026-09-16,21,0,4.142857142857143,0.23809523809523808,21,4.1429,0,0.0,0.0,0.0,1.0
United,2026-09-17,10,0,4.3,0.1,10,4.3,0,0.0,0.0,0.0,1.0
United,2026-09-18,24,0,3.7916666666666665,-0.125,24,3.7917,2,0.0,0.0,0.0,1.0
United,2026-09-19,25,2,3.76,0.16,25,3.76,0,0.08,2.0,0.0,1.0
Wish,2026-08-07,3,0,3.0,0.3333333333333333,3,3.0,0,0.0,0.0,0.0,1.0
Wish,2026-08-09,1,0,5.0,1.0,1,5.0,1,0.0,0.0,0.0,1.0
Wish,2026-08-10,2,0,5.0,1.0,2,5.0,1,0.0,0.0,0.0,1.0
Wish,2026-08-11,2,0,5.0,0.5,2,5.0,1,0.0,0.0,0.0,1.0
Wish,2026-08-12,3,0,3.6666666666666665,0.3333333333333333,3,3.6667,3,0.0,0.0,0.0,1.0
Wish,2026-08-13,3,0,5.0,0.3333333333333333,4,5.0,1,0.0,0.0,0.0,0.75
Wish,2026-08-14,4,2,3.5,-0.75,4,3.5,4,0.5,2.0,0.0,1.0
Wish,2026-08-15,1,0,5.0,1.0,1,5.0,1,0.0,0.0,0.0,1.0
Wish,2026-08-16,1,0,2.0,1.0,1,2.0,0,0.0,0.0,0.0,1.0
Wish,2026-08-18,1,0,5.0,1.0,1,5.0,2,0.0,0.0,0.0,1.0
Wish,2026-08-19,2,0,5.0,1.0,2,5.0,2,0.0,0.0,0.0,1.0
Wish,2026-08-21,1,0,1.0,1.0,1,1.0,2,0.0,0.0,0.0,1.0
Wish,2026-08-22,3,0,2.6666666666666665,0.0,3,2.6667,7,0.0,0.0,0.0,1.0
Wish,2026-08-23,1,0,5.0,0.0,1,5.0,0,0.0,0.0,0.0,1.0
Wish,2026-08-25,1,1,1.0,-1.0,1,1.0,0,1.0,1.0,0.0,1.0
Wish,2026-08-26,1,0,5.0,1.0,1,5.0,0,0.0,0.0,0.0,1.0
Wish,2026-08-27,1,0,5.0,1.0,1,5.0,0,0.0,0.0,0.0,1.0
Wish,2026-08-28,2,0,5.0,1.0,2,5.0,1,0.0,0.0,0.0,1.0
Wish,2026-08-29,1,0,5.0,1.0,1,5.0,1,0.0,0.0,0.0,1.0
Wish,2026-08-31,1,0,1.0,-1.0,1,1.0,0,0.0,0.0,0.0,1.0
Wish,2026-09-01,1,0,5.0,0.0,1,5.0,0,0.0,0.0,0.0,1.0
Wish,2026-09-02,2,0,3.0,-0.5,2,3.0,0,0.0,0.0,0.0,1.0
Wish,2026-09-03,1,0,5.0,1.0,1,5.0,0,0.0,0.0,0.0,1.0
Wish,2026-09-04,4,0,4.0,0.25,4,4.0,0,0.0,0.0,0.0,1.0
Wish,2026-09-06,1,0,5.0,1.0,1,5.0,0,0.0,0.0,0.0,1.0
Wish,2026-09-07,2,0,5.0,1.0,2,5.0,0,0.0,0.0,0.0,1.0
Wish,2026-09-09,4,0,3.5,-0.5,4,3.5,0,0.0,0.0,0.0,1.0
Wish,2026-09-10,1,0,4.0,1.0,1,4.0,0,0.0,0.0,0.0,1.0
Wish,2026-09-12,1,0,4.0,-1.0,1,4.0,0,0.0,0.0,0.0,1.0
Wish,2026-09-13,4,1,2.0,-0.5,4,2.0,5,0.25,1.0,0.0,1.0
Wish,2026-09-14,3,0,3.6666666666666665,0.3333333333333333,3,3.6667,0,0.0,0.0,0.0,1.0
Wish,2026-09-15,6,0,4.333333333333333,-0.3333333333333333,6,4.3333,1,0.0,0.0,0.0,1.0
Wish,2026-09-17,3,0,3.6666666666666665,0.3333333333333333,3,3.6667,0,0.0,0.0,0.0,1.0
Wish,2026-09-19,1,1,1.0,-1.0,1,1.0,0,1.0,1.0,0.0,1.0
Xfinity,2026-08-06,17,1,1.8823529411764706,-0.5294117647058824,47,1.8298,69,0.058823529411764705,2.8,2.2,0.362
Xfinity,2026-08-07,29,4,1.9655172413793103,-0.2413793103448276,29,1.9655,50,0.13793103448275862,4.0,0.0,1.0
Xfinity,2026-08-08,34,4,2.0588235294117645,-0.47058823529411764,34,2.0588,34,0.11764705882352941,4.0,0.0,1.0
Xfinity,2026-08-09,27,2,1.7407407407407407,-0.6296296296296297,27,1.7407,233,0.07407407407407407,2.0,0.0,1.0
Xfinity,2026-08-10,32,5,1.6875,-0.46875,32,1.6875,31,0.15625,5.0,0.0,1.0
Xfinity,2026-08-11,24,1,1.5833333333333333,-0.4583333333333333,24,1.5833,21,0.041666666666666664,1.0,0.0,1.0
Xfinity,2026-08-12,32,2,1.625,-0.53125,32,1.625,20,0.0625,2.0,0.0,1.0
Xfinity,2026-08-13,44,3,1.8863636363636365,-0.5227272727272727,44,1.8864,33,0.06818181818181818,3.0,0.0,1.0
Xfinity,2026-08-14,26,1,1.7307692307692308,-0.8461538461538461,26,1.7308,30,0.038461538461538464,1.0,0.0,1.0
Xfinity,2026-08-15,23,1,2.347826086956522,-0.34782608695652173,23,2.3478,14,0.043478260869565216,1.0,0.0,1.0
Xfinity,2026-08-16,22,1,1.7272727272727273,-0.5,22,1.7273,14,0.045454545454545456,1.0,0.0,1.0
Xfinity,2026-08-17,28,2,2.5714285714285716,-0.4642857142857143,28,2.5714,13,0.07142857142857142,2.0,0.0,1.0
Xfinity,2026-08-18,40,6,1.6,-0.65,40,1.6,38,0.15,6.0,0.0,1.0
Xfinity,2026-08-19,56,4,1.5892857142857142,-0.625,56,1.5893,64,0.07142857142857142,4.0,0.0,1.0
Xfinity,2026-08-20,35,5,1.7142857142857142,-0.4857142857142857,35,1.7143,30,0.14285714285714285,5.0,0.0,1.0
Xfinity,2026-08-21,40,3,2.2,-0.325,40,2.2,175,0.075,3.0,0.0,1.0
Xfinity,2026-08-22,40,2,1.5,-0.475,40,1.5,15,0.05,2.0,0.0,1.0
Xfinity,2026-08-23,26,3,2.1538461538461537,-0.46153846153846156,26,2.1538,26,0.11538461538461539,3.0,0.0,1.0
Xfinity,2026-08-24,30,1,1.5,-0.5666666666666667,30,1.5,97,0.03333333333333333,1.0,0.0,1.0
Xfinity,2026-08-25,34,6,1.9705882352941178,-0.5,34,1.9706,197,0.17647058823529413,6.0,0.0,1.0
Xfinity,2026-08-26,28,2,1.7142857142857142,-0.7857142857142857,28,1.7143,70,0.07142857142857142,2.0,0.0,1.0
Xfinity,2026-08-27,30,0,1.9333333333333333,-0.5666666666666667,30,1.9333,50,0.0,0.0,0.0,1.0
Xfinity,2026-08-28,35,4,2.142857142857143,-0.3142857142857143,35,2.1429,39,0.11428571428571428,4.0,0.0,1.0
Xfinity,2026-08-29,27,2,1.5555555555555556,-0.5185185185185185,27,1.5556,35,0.07407407407407407,2.0,0.0,1.0
Xfinity,2026-08-30,26,2,1.9615384615384615,-0.4230769230769231,26,1.9615,55,0.07692307692307693,2.0,0.0,1.0
Xfinity,2026-08-31,17,1,1.6470588235294117,-0.35294117647058826,17,1.6471,143,0.058823529411764705,1.0,0.0,1.0
Xfinity,2026-09-01,30,4,1.9,-0.26666666666666666,30,1.9,25,0.13333333333333333,4.0,0.0,1.0
Xfinity,2026-09-02,16,2,1.9375,-0.5625,16,1.9375,18,0.125,2.0,0.0,1.0
Xfinity,2026-09-03,32,4,1.75,-0.5,32,1.75,37,0.125,4.0,0.0,1.0
Xfinity,2026-09-04,53,3,2.0754716981132075,-0.32075471698113206,53,2.0755,190,0.05660377358490566,3.0,0.0,1.0
Xfinity,2026-09-05,25,3,1.84,-0.48,25,1.84,31,0.12,3.0,0.0,1.0
Xfinity,2026-09-06,21,3,1.9047619047619047,-0.42857142857142855,21,1.9048,26,0.14285714285714285,3.0,0.0,1.0
Xfinity,2026-09-07,23,1,2.260869565217391,-0.043478260869565216,23,2.2609,37,0.043478260869565216,1.0,0.0,1.0
Xfinity,2026-09-08,31,3,1.935483870967742,-0.7096774193548387,31,1.9355,73,0.0967741935483871,3.0,0.0,1.0
Xfinity,2026-09-09,24,3,1.7083333333333333,-0.5833333333333334,24,1.7083,54,0.125,3.0,0.0,1.0
Xfinity,2026-09-10,33,4,1.9696969696969697,-0.42424242424242425,33,1.9697,41,0.12121212121212122,4.0,0.0,1.0
Xfinity,2026-09-11,34,3,1.5,-0.47058823529411764,34,1.5,63,0.08823529411764706,3.0,0.0,1.0
Xfinity,2026-09-12,16,2,1.875,-0.5,16,1.875,24,0.125,2.0,0.0,1.0
Xfinity,2026-09-13,21,2,2.1904761904761907,-0.14285714285714285,21,2.1905,37,0.09523809523809523,2.0,0.0,1.0
Xfinity,2026-09-14,18,1,1.3888888888888888,-0.5,18,1.3889,18,0.05555555555555555,1.0,0.0,1.0
Xfinity,2026-09-15,14,0,2.4285714285714284,-0.42857142857142855,14,2.4286,9,0.0,0.0,0.0,1.0
Xfinity,2026-09-16,31,3,1.5483870967741935,-0.6451612903225806,31,1.5484,37,0.0967741935483871,3.0,0.0,1.0
Xfinity,2026-09-17,48,7,1.9583333333333333,-0.5625,48,1.9583,139,0.14583333333333334,7.0,0.0,1.0
Xfinity,2026-09-18,33,5,2.4242424242424243,-0.36363636363636365,33,2.4242,18,0.15151515151515152,5.0,0.0,1.0
Xfinity,2026-09-19,26,3,2.0,-0.6538461538461539,26,2.0,1,0.11538461538461539,3.0,0.0,1.0
Zepto,2026-08-06,36,3,3.5833333333333335,0.4166666666666667,220,3.4773,22,0.08333333333333333,18.3,9.3,0.164
Zepto,2026-08-07,78,12,3.3333333333333335,0.1794871794871795,262,3.3397,45,0.15384615384615385,40.3,9.0,0.298
Zepto,2026-08-08,80,16,3.45,0.2125,227,3.3392,56,0.2,45.4,8.2,0.352
Zepto,2026-08-09,79,12,3.151898734177215,0.12658227848101267,275,3.2727,57,0.1518987341772152,41.8,9.4,0.287
Zepto,2026-08-10,79,12,3.6455696202531644,0.3291139240506329,245,3.4694,38,0.1518987341772152,37.2,8.2,0.322
Zepto,2026-08-11,78,12,3.3205128205128207,0.02564102564102564,236,3.5254,11,0.15384615384615385,36.3,7.9,0.331
Zepto,2026-08-12,80,19,2.8625,-0.0875,223,2.9462,36,0.2375,53.0,8.5,0.359
Zepto,2026-08-13,78,14,2.782051282051282,-0.0641025641025641,226,2.9823,13,0.1794871794871795,40.6,8.0,0.345
Zepto,2026-08-14,78,9,3.269230769230769,0.08974358974358974,229,3.262,37,0.11538461538461539,26.4,6.7,0.341
Zepto,2026-08-15,78,14,3.230769230769231,0.16666666666666666,244,3.3156,20,0.1794871794871795,43.8,8.8,0.32
Zepto,2026-08-16,79,8,3.1265822784810124,0.12658227848101267,250,3.26,36,0.10126582278481013,25.3,7.0,0.316
Zepto,2026-08-17,77,9,3.1818181818181817,0.012987012987012988,259,3.4247,67,0.11688311688311688,30.3,8.0,0.297
Zepto,2026-08-18,75,10,3.52,0.28,233,3.515,68,0.13333333333333333,31.1,7.5,0.322
Zepto,2026-08-19,78,19,2.871794871794872,0.02564102564102564,239,3.2678,68,0.24358974358974358,58.2,9.6,0.326
Zepto,2026-08-20,79,8,3.189873417721519,0.08860759493670886,224,3.2054,61,0.10126582278481013,22.7,6.1,0.353
Zepto,2026-08-21,78,11,3.051282051282051,0.02564102564102564,233,3.1545,134,0.14102564102564102,32.9,7.5,0.335
Zepto,2026-08-22,79,11,3.037974683544304,0.0,214,3.0981,69,0.13924050632911392,29.8,6.6,0.369
Zepto,2026-08-23,79,11,3.5316455696202533,0.2911392405063291,251,3.3825,60,0.13924050632911392,34.9,8.1,0.315
Zepto,2026-08-24,79,10,3.607594936708861,0.31645569620253167,232,3.4871,36,0.12658227848101267,29.4,7.1,0.341
Zepto,2026-08-25,77,13,3.142857142857143,0.03896103896103896,216,3.3148,49,0.16883116883116883,36.5,7.4,0.356
Zepto,2026-08-26,80,9,3.575,0.125,239,3.3096,59,0.1125,26.9,6.9,0.335
Zepto,2026-08-27,78,13,3.3974358974358974,0.10256410256410256,270,3.3222,45,0.16666666666666666,45.0,9.6,0.289
Zepto,2026-08-28,78,9,3.358974358974359,0.14102564102564102,283,3.4276,50,0.11538461538461539,32.7,8.7,0.276
Zepto,2026-08-29,79,10,3.1392405063291138,0.06329113924050633,233,3.0,40,0.12658227848101267,29.5,7.1,0.339
Zepto,2026-08-30,77,13,3.0259740259740258,-0.012987012987012988,251,3.259,77,0.16883116883116883,42.4,8.9,0.307
Zepto,2026-08-31,79,9,3.5316455696202533,0.12658227848101267,212,3.5519,49,0.11392405063291139,24.2,6.0,0.373
Zepto,2026-09-01,77,7,3.4935064935064934,0.24675324675324675,220,3.4727,124,0.09090909090909091,20.0,5.8,0.35
Zepto,2026-09-02,76,15,3.3026315789473686,0.10526315789473684,227,3.4581,40,0.19736842105263158,44.8,8.5,0.335
Zepto,2026-09-03,77,6,3.116883116883117,0.07792207792207792,228,3.1228,22,0.07792207792207792,17.8,5.7,0.338
Zepto,2026-09-04,79,9,3.367088607594937,0.24050632911392406,234,3.2222,29,0.11392405063291139,26.7,6.8,0.338
Zepto,2026-09-05,79,7,3.4050632911392404,0.189873417721519,215,3.3488,28,0.08860759493670886,19.1,5.5,0.367
Zepto,2026-09-06,79,7,3.6962025316455698,0.21518987341772153,258,3.3915,21,0.08860759493670886,22.9,6.9,0.306
Zepto,2026-09-07,78,8,3.141025641025641,0.11538461538461539,216,3.2824,102,0.10256410256410256,22.2,5.9,0.361
Zepto,2026-09-08,79,8,2.9240506329113924,0.06329113924050633,211,3.1517,4,0.10126582278481013,21.4,5.7,0.374
Zepto,2026-09-09,78,15,2.9615384615384617,0.01282051282051282,228,3.2018,25,0.19230769230769232,43.8,8.3,0.342
Zepto,2026-09-10,77,7,3.7012987012987013,0.2077922077922078,189,3.455,11,0.09090909090909091,17.2,4.8,0.407
Zepto,2026-09-11,79,7,3.1772151898734178,0.11392405063291139,218,3.1376,14,0.08860759493670886,19.3,5.6,0.362
Zepto,2026-09-12,80,21,3.0625,0.0,220,3.2409,7,0.2625,57.8,8.7,0.364
Zepto,2026-09-13,79,12,3.3417721518987342,0.17721518987341772,291,3.0481,10,0.1518987341772152,44.2,10.0,0.271
Zepto,2026-09-14,79,12,3.1772151898734178,-0.012658227848101266,250,3.232,23,0.1518987341772152,38.0,8.4,0.316
Zepto,2026-09-15,79,16,3.1265822784810124,0.0759493670886076,167,3.2395,17,0.20253164556962025,33.8,5.5,0.473
Zepto,2026-09-16,79,12,2.911392405063291,0.05063291139240506,203,2.8916,6,0.1518987341772152,30.8,6.4,0.389
Zepto,2026-09-17,78,11,3.2435897435897436,0.08974358974358974,195,3.0667,1314,0.14102564102564102,27.5,6.0,0.4
Zepto,2026-09-18,78,11,3.628205128205128,0.15384615384615385,190,3.5526,1,0.14102564102564102,26.8,5.8,0.411
Zepto,2026-09-19,80,13,3.35,0.15,220,3.3864,2,0.1625,35.8,7.3,0.364
Zomato,2026-08-06,35,4,3.5142857142857142,0.34285714285714286,574,3.7875,20,0.11428571428571428,65.6,29.9,0.061
Zomato,2026-08-07,73,4,3.73972602739726,0.4383561643835616,619,3.6446,138,0.0547945205479452,33.9,15.5,0.118
Zomato,2026-08-08,75,11,3.933333333333333,0.44,802,3.6945,91,0.14666666666666667,117.6,31.2,0.094
Zomato,2026-08-09,76,8,3.75,0.3684210526315789,835,3.6323,131,0.10526315789473684,87.9,28.0,0.091
Zomato,2026-08-10,75,6,4.04,0.5333333333333333,697,3.8651,68,0.08,55.8,20.6,0.108
Zomato,2026-08-11,77,8,3.779220779220779,0.5194805194805194,816,3.9865,72,0.1038961038961039,84.8,27.0,0.094
Zomato,2026-08-12,74,4,4.0675675675675675,0.5405405405405406,723,3.9779,113,0.05405405405405406,39.1,18.0,0.102
Zomato,2026-08-13,73,5,3.73972602739726,0.4657534246575342,765,4.017,75,0.0684931506849315,52.4,21.5,0.095
Zomato,2026-08-14,77,2,4.116883116883117,0.5454545454545454,714,3.8768,52,0.025974025974025976,18.5,12.2,0.108
Zomato,2026-08-15,78,5,3.9358974358974357,0.5,1073,4.0158,69,0.0641025641025641,68.8,28.7,0.073
Zomato,2026-08-16,76,8,3.710526315789474,0.5789473684210527,1002,3.9341,73,0.10526315789473684,105.5,33.9,0.076
Zomato,2026-08-17,74,0,4.202702702702703,0.6891891891891891,684,3.9693,47,0.0,0.0,0.0,0.108
Zomato,2026-08-18,74,5,3.918918918918919,0.43243243243243246,700,3.9357,43,0.06756756756756757,47.3,19.3,0.106
Zomato,2026-08-19,76,8,4.0131578947368425,0.4868421052631579,655,3.9313,63,0.10526315789473684,68.9,21.7,0.116
Zomato,2026-08-20,74,4,3.8378378378378377,0.5,641,3.9064,1044,0.05405405405405406,34.6,15.9,0.115
Zomato,2026-08-21,74,4,3.7162162162162162,0.527027027027027,682,3.9428,204,0.05405405405405406,36.9,16.9,0.109
Zomato,2026-08-22,75,3,3.92,0.52,701,3.8987,132,0.04,28.0,15.0,0.107
Zomato,2026-08-23,73,6,3.8219178082191783,0.4520547945205479,866,3.858,138,0.0821917808219178,71.2,26.7,0.084
Zomato,2026-08-24,74,3,3.864864864864865,0.43243243243243246,599,3.9816,520,0.04054054054054054,24.3,12.9,0.124
Zomato,2026-08-25,76,6,4.065789473684211,0.5526315789473685,632,3.9589,38,0.07894736842105263,49.9,18.4,0.12
Zomato,2026-08-26,77,6,4.025974025974026,0.42857142857142855,664,3.9669,66,0.07792207792207792,51.7,19.1,0.116
Zomato,2026-08-27,74,3,3.7567567567567566,0.5135135135135135,588,3.9422,48,0.04054054054054054,23.8,12.6,0.126
Zomato,2026-08-28,75,3,4.026666666666666,0.64,890,3.8865,95,0.04,35.6,19.3,0.084
Zomato,2026-08-29,74,9,3.4864864864864864,0.25675675675675674,785,3.8841,264,0.12162162162162163,95.5,28.4,0.094
Zomato,2026-08-30,78,5,3.858974358974359,0.41025641025641024,883,3.9875,122,0.0641025641025641,56.6,23.4,0.088
Zomato,2026-08-31,74,4,3.9324324324324325,0.5675675675675675,579,3.8912,23,0.05405405405405406,31.3,14.2,0.128
Zomato,2026-09-01,75,4,4.1466666666666665,0.6533333333333333,608,3.949,53,0.05333333333333334,32.4,14.8,0.123
Zomato,2026-09-02,76,5,3.8289473684210527,0.42105263157894735,691,3.987,55,0.06578947368421052,45.5,18.6,0.11
Zomato,2026-09-03,73,3,3.6164383561643834,0.4383561643835616,746,3.8499,41,0.0410958904109589,30.7,16.5,0.098
Zomato,2026-09-04,75,4,3.8533333333333335,0.4666666666666667,754,3.9854,40,0.05333333333333334,40.2,18.6,0.099
Zomato,2026-09-05,73,10,3.8904109589041096,0.4383561643835616,764,3.7984,47,0.136986301369863,104.7,29.3,0.096
Zomato,2026-09-06,74,4,3.8783783783783785,0.36486486486486486,889,3.8954,70,0.05405405405405406,48.1,22.4,0.083
Zomato,2026-09-07,76,2,3.736842105263158,0.4473684210526316,527,3.6888,17,0.02631578947368421,13.9,9.0,0.144
Zomato,2026-09-08,78,9,3.358974358974359,0.2564102564102564,647,3.9165,30,0.11538461538461539,74.7,22.0,0.121
Zomato,2026-09-09,73,6,3.684931506849315,0.3424657534246575,635,3.7906,89,0.0821917808219178,52.2,19.2,0.115
Zomato,2026-09-10,75,8,3.6266666666666665,0.37333333333333335,625,3.8848,22,0.10666666666666667,66.7,20.9,0.12
Zomato,2026-09-11,74,6,3.581081081081081,0.28378378378378377,702,3.8547,65,0.08108108108108109,56.9,21.1,0.105
Zomato,2026-09-12,76,8,3.6973684210526314,0.39473684210526316,726,3.7645,148,0.10526315789473684,76.4,24.2,0.105
Zomato,2026-09-13,77,7,3.7532467532467533,0.44155844155844154,837,3.9546,57,0.09090909090909091,76.1,26.1,0.092
Zomato,2026-09-14,77,7,3.6363636363636362,0.45454545454545453,697,3.8494,33,0.09090909090909091,63.4,21.6,0.11
Zomato,2026-09-15,78,7,3.6794871794871793,0.3717948717948718,575,3.9374,37,0.08974358974358974,51.6,17.3,0.136
Zomato,2026-09-16,79,6,4.050632911392405,0.4177215189873418,542,3.9428,32,0.0759493670886076,41.2,14.9,0.146
Zomato,2026-09-17,75,2,4.013333333333334,0.6,602,3.9485,76,0.02666666666666667,16.1,10.5,0.125
Zomato,2026-09-18,75,6,4.28,0.52,589,3.9423,558,0.08,47.1,17.3,0.127
Zomato,2026-09-19,77,5,4.025974025974026,0.5844155844155844,552,3.9928,25,0.06493506493506493,35.8,14.4,0.139
bigbasket,2026-08-06,31,3,4.419354838709677,0.6774193548387096,368,4.394,33,0.0967741935483871,35.6,18.7,0.084
bigbasket,2026-08-07,80,5,4.35,0.6125,376,4.2739,39,0.0625,23.5,9.0,0.213
bigbasket,2026-08-08,80,5,4.1625,0.55,316,4.2563,216,0.0625,19.8,7.4,0.253
bigbasket,2026-08-09,77,3,4.1558441558441555,0.45454545454545453,276,4.0978,52,0.03896103896103896,10.8,5.2,0.279
bigbasket,2026-08-10,79,8,4.012658227848101,0.5189873417721519,200,4.045,28,0.10126582278481013,20.3,5.3,0.395
bigbasket,2026-08-11,78,13,3.91025641025641,0.34615384615384615,185,3.973,39,0.16666666666666666,30.8,6.0,0.422
bigbasket,2026-08-12,78,8,3.91025641025641,0.4358974358974359,281,4.0463,46,0.10256410256410256,28.8,8.2,0.278
bigbasket,2026-08-13,75,1,4.24,0.5466666666666666,227,4.1806,89,0.013333333333333334,3.0,2.5,0.33
bigbasket,2026-08-14,77,8,3.779220779220779,0.42857142857142855,215,4.0,28,0.1038961038961039,22.3,6.0,0.358
bigbasket,2026-08-15,76,8,3.9210526315789473,0.40789473684210525,190,4.0684,24,0.10526315789473684,20.0,5.2,0.4
bigbasket,2026-08-16,77,7,3.9740259740259742,0.4025974025974026,241,3.9793,29,0.09090909090909091,21.9,6.5,0.32
bigbasket,2026-08-17,77,5,4.0519480519480515,0.37662337662337664,184,4.0489,21,0.06493506493506493,11.9,4.0,0.418
bigbasket,2026-08-18,77,11,3.5324675324675323,0.2077922077922078,183,3.8962,23,0.14285714285714285,26.1,5.6,0.421
bigbasket,2026-08-19,78,7,4.461538461538462,0.6538461538461539,186,4.2957,20,0.08974358974358974,16.7,4.6,0.419
bigbasket,2026-08-20,79,5,4.075949367088608,0.46835443037974683,193,3.8964,18,0.06329113924050633,12.2,4.1,0.409
bigbasket,2026-08-21,78,14,3.871794871794872,0.34615384615384615,175,3.9829,46,0.1794871794871795,31.4,5.7,0.446
bigbasket,2026-08-22,80,8,4.0875,0.5625,181,4.0,27,0.1,18.1,4.5,0.442
bigbasket,2026-08-23,77,12,3.74025974025974,0.35064935064935066,210,3.9857,30,0.15584415584415584,32.7,6.9,0.367
bigbasket,2026-08-24,77,8,3.9220779220779223,0.36363636363636365,160,3.95,15,0.1038961038961039,16.6,4.0,0.481
bigbasket,2026-08-25,76,7,3.8289473684210527,0.3815789473684211,179,3.9832,15,0.09210526315789473,16.5,4.5,0.425
bigbasket,2026-08-26,77,8,4.077922077922078,0.5324675324675324,167,3.9461,19,0.1038961038961039,17.4,4.3,0.461
bigbasket,2026-08-27,79,9,4.012658227848101,0.4177215189873418,164,4.0,17,0.11392405063291139,18.7,4.2,0.482
bigbasket,2026-08-28,78,3,4.243589743589744,0.5128205128205128,148,4.0811,20,0.038461538461538464,5.7,2.2,0.527
bigbasket,2026-08-29,78,8,3.858974358974359,0.3333333333333333,167,3.9341,24,0.10256410256410256,17.1,4.2,0.467
bigbasket,2026-08-30,79,2,4.025316455696203,0.46835443037974683,380,4.2526,20,0.02531645569620253,9.6,6.0,0.208
bigbasket,2026-08-31,80,5,4.125,0.425,269,4.223,28,0.0625,16.8,6.1,0.297
bigbasket,2026-09-01,80,11,3.2875,0.1875,553,3.5877,53,0.1375,76.0,19.7,0.145
bigbasket,2026-09-02,79,8,4.139240506329114,0.5063291139240507,455,4.0462,62,0.10126582278481013,46.1,14.1,0.174
bigbasket,2026-09-03,79,9,4.050632911392405,0.43037974683544306,393,4.1552,47,0.11392405063291139,44.8,12.6,0.201
bigbasket,2026-09-04,77,7,4.064935064935065,0.4935064935064935,352,4.0341,24,0.09090909090909091,32.0,10.2,0.219
bigbasket,2026-09-05,80,5,4.25,0.5375,444,4.2275,67,0.0625,27.8,10.9,0.18
bigbasket,2026-09-06,78,7,3.8461538461538463,0.44871794871794873,444,4.0856,72,0.08974358974358974,39.8,13.1,0.176
bigbasket,2026-09-07,75,7,4.48,0.6533333333333333,328,4.2683,26,0.09333333333333334,30.6,9.7,0.229
bigbasket,2026-09-08,79,5,4.253164556962025,0.620253164556962,279,4.1183,18,0.06329113924050633,17.7,6.5,0.283
bigbasket,2026-09-09,80,8,4.35,0.4875,386,4.228,30,0.1,38.6,11.5,0.207
bigbasket,2026-09-10,73,5,4.315068493150685,0.547945205479452,318,4.2799,22,0.0684931506849315,21.8,8.3,0.23
bigbasket,2026-09-11,79,3,4.341772151898734,0.6075949367088608,357,4.2997,13,0.0379746835443038,13.6,6.8,0.221
bigbasket,2026-09-12,78,6,4.282051282051282,0.5256410256410257,388,4.2165,13,0.07692307692307693,29.8,10.5,0.201
bigbasket,2026-09-13,80,7,4.1,0.4625,378,4.1508,60,0.0875,33.1,10.6,0.212
bigbasket,2026-09-14,79,12,3.911392405063291,0.4177215189873418,259,3.9768,147,0.1518987341772152,39.3,8.7,0.305
bigbasket,2026-09-15,78,8,3.8846153846153846,0.4358974358974359,199,4.1658,27,0.10256410256410256,20.4,5.3,0.392
bigbasket,2026-09-16,75,8,3.7733333333333334,0.22666666666666666,202,3.9158,10,0.10666666666666667,21.5,5.7,0.371
bigbasket,2026-09-17,77,6,3.948051948051948,0.33766233766233766,172,3.9942,18,0.07792207792207792,13.4,3.9,0.448
bigbasket,2026-09-18,77,12,3.6623376623376624,0.2987012987012987,133,3.9774,11,0.15584415584415584,20.7,3.6,0.579
bigbasket,2026-09-19,79,6,3.962025316455696,0.43037974683544306,116,3.9828,9,0.0759493670886076,8.8,2.0,0.681
eBay,2026-08-06,27,0,3.962962962962963,0.1111111111111111,68,4.1765,42,0.0,0.0,0.0,0.397
eBay,2026-08-07,42,3,3.4761904761904763,0.11904761904761904,42,3.4762,105,0.07142857142857142,3.0,0.0,1.0
eBay,2026-08-08,54,8,3.3518518518518516,0.0,54,3.3519,222,0.14814814814814814,8.0,0.0,1.0
eBay,2026-08-09,40,3,3.2,-0.1,41,3.2439,125,0.075,3.1,0.3,0.976
eBay,2026-08-10,46,3,3.108695652173913,-0.08695652173913043,47,3.1489,98,0.06521739130434782,3.1,0.3,0.979
eBay,2026-08-11,47,3,3.4680851063829787,-0.0425531914893617,47,3.4681,27,0.06382978723404255,3.0,0.0,1.0
eBay,2026-08-12,58,3,3.206896551724138,0.08620689655172414,58,3.2069,94,0.05172413793103448,3.0,0.0,1.0
eBay,2026-08-13,51,3,3.7450980392156863,0.13725490196078433,51,3.7451,80,0.058823529411764705,3.0,0.0,1.0
eBay,2026-08-14,47,7,3.0425531914893615,-0.10638297872340426,48,3.0833,119,0.14893617021276595,7.1,0.4,0.979
eBay,2026-08-15,55,2,3.3454545454545452,0.01818181818181818,55,3.3455,58,0.03636363636363636,2.0,0.0,1.0
eBay,2026-08-16,46,1,3.717391304347826,-0.06521739130434782,46,3.7174,325,0.021739130434782608,1.0,0.0,1.0
eBay,2026-08-17,64,4,3.265625,0.03125,64,3.2656,239,0.0625,4.0,0.0,1.0
eBay,2026-08-18,55,6,3.309090909090909,-0.2,55,3.3091,129,0.10909090909090909,6.0,0.0,1.0
eBay,2026-08-19,79,4,2.5316455696202533,-0.25316455696202533,84,2.5476,797,0.05063291139240506,4.3,0.5,0.94
eBay,2026-08-20,48,3,3.5833333333333335,0.1875,48,3.5833,175,0.0625,3.0,0.0,1.0
eBay,2026-08-21,66,9,2.9696969696969697,-0.09090909090909091,68,3.0294,169,0.13636363636363635,9.3,0.5,0.971
eBay,2026-08-22,50,6,3.08,-0.1,50,3.08,97,0.12,6.0,0.0,1.0
eBay,2026-08-23,40,4,3.175,-0.125,40,3.175,31,0.1,4.0,0.0,1.0
eBay,2026-08-24,54,9,3.1481481481481484,-0.12962962962962962,54,3.1481,41,0.16666666666666666,9.0,0.0,1.0
eBay,2026-08-25,61,5,3.081967213114754,0.03278688524590164,61,3.082,113,0.08196721311475409,5.0,0.0,1.0
eBay,2026-08-26,79,6,2.7341772151898733,-0.34177215189873417,79,2.7342,138,0.0759493670886076,6.0,0.0,1.0
eBay,2026-08-27,69,6,3.0579710144927534,-0.028985507246376812,69,3.058,111,0.08695652173913043,6.0,0.0,1.0
eBay,2026-08-28,61,6,2.7540983606557377,-0.3114754098360656,61,2.7541,67,0.09836065573770492,6.0,0.0,1.0
eBay,2026-08-29,79,11,2.7848101265822787,-0.16455696202531644,83,2.8434,115,0.13924050632911392,11.6,0.7,0.952
eBay,2026-08-30,69,4,3.130434782608696,-0.057971014492753624,69,3.1304,180,0.057971014492753624,4.0,0.0,1.0
eBay,2026-08-31,64,6,3.15625,-0.0625,64,3.1562,66,0.09375,6.0,0.0,1.0
eBay,2026-09-01,58,4,3.0344827586206895,-0.08620689655172414,58,3.0345,213,0.06896551724137931,4.0,0.0,1.0
eBay,2026-09-02,64,9,2.953125,-0.140625,64,2.9531,600,0.140625,9.0,0.0,1.0
eBay,2026-09-03,66,4,3.196969696969697,0.0,66,3.197,209,0.06060606060606061,4.0,0.0,1.0
eBay,2026-09-04,54,7,3.4444444444444446,0.12962962962962962,54,3.4444,163,0.12962962962962962,7.0,0.0,1.0
eBay,2026-09-05,44,7,2.8863636363636362,-0.22727272727272727,44,2.8864,34,0.1590909090909091,7.0,0.0,1.0
eBay,2026-09-06,49,5,3.0816326530612246,0.04081632653061224,51,3.1569,56,0.10204081632653061,5.2,0.4,0.961
eBay,2026-09-07,53,7,3.0,-0.2830188679245283,53,3.0,48,0.1320754716981132,7.0,0.0,1.0
eBay,2026-09-08,56,5,2.982142857142857,-0.25,56,2.9821,166,0.08928571428571429,5.0,0.0,1.0
eBay,2026-09-09,44,7,2.8636363636363638,-0.09090909090909091,44,2.8636,57,0.1590909090909091,7.0,0.0,1.0
eBay,2026-09-10,56,4,2.642857142857143,-0.30357142857142855,56,2.6429,49,0.07142857142857142,4.0,0.0,1.0
eBay,2026-09-11,79,8,3.367088607594937,-0.12658227848101267,81,3.358,222,0.10126582278481013,8.2,0.4,0.975
eBay,2026-09-12,55,3,2.8363636363636364,-0.16363636363636364,55,2.8364,304,0.05454545454545454,3.0,0.0,1.0
eBay,2026-09-13,56,3,3.3392857142857144,-0.03571428571428571,56,3.3393,47,0.05357142857142857,3.0,0.0,1.0
eBay,2026-09-14,73,4,2.9863013698630136,-0.2328767123287671,73,2.9863,81,0.0547945205479452,4.0,0.0,1.0
eBay,2026-09-15,56,2,3.107142857142857,-0.08928571428571429,56,3.1071,686,0.03571428571428571,2.0,0.0,1.0
eBay,2026-09-16,54,6,3.074074074074074,-0.14814814814814814,54,3.0741,411,0.1111111111111111,6.0,0.0,1.0
eBay,2026-09-17,59,7,2.8983050847457625,-0.2033898305084746,59,2.8983,116,0.11864406779661017,7.0,0.0,1.0
eBay,2026-09-18,68,8,2.8088235294117645,-0.20588235294117646,68,2.8088,30,0.11764705882352941,8.0,0.0,1.0
eBay,2026-09-19,49,5,2.9591836734693877,-0.14285714285714285,50,3.0,74,0.10204081632653061,5.1,0.3,0.98
foodpanda,2026-08-06,14,5,1.7857142857142858,-0.35714285714285715,42,2.3333,167,0.35714285714285715,15.0,4.4,0.333
foodpanda,2026-08-07,55,13,1.8727272727272728,-0.43636363636363634,57,1.9298,54,0.23636363636363636,13.5,0.6,0.965
foodpanda,2026-08-08,48,9,2.25,-0.3958333333333333,48,2.25,74,0.1875,9.0,0.0,1.0
foodpanda,2026-08-09,57,16,2.0350877192982457,-0.38596491228070173,57,2.0351,54,0.2807017543859649,16.0,0.0,1.0
foodpanda,2026-08-10,34,11,1.8823529411764706,-0.23529411764705882,34,1.8824,27,0.3235294117647059,11.0,0.0,1.0
foodpanda,2026-08-11,40,6,2.325,-0.3,40,2.325,31,0.15,6.0,0.0,1.0
foodpanda,2026-08-12,46,6,2.5,-0.3695652173913043,47,2.4894,48,0.13043478260869565,6.1,0.3,0.979
foodpanda,2026-08-13,36,7,2.2777777777777777,-0.19444444444444445,36,2.2778,16,0.19444444444444445,7.0,0.0,1.0
foodpanda,2026-08-14,53,12,2.452830188679245,-0.05660377358490566,53,2.4528,57,0.22641509433962265,12.0,0.0,1.0
foodpanda,2026-08-15,46,11,2.347826086956522,-0.34782608695652173,47,2.4043,39,0.2391304347826087,11.2,0.4,0.979
foodpanda,2026-08-16,45,13,2.3777777777777778,-0.17777777777777778,45,2.3778,131,0.28888888888888886,13.0,0.0,1.0
foodpanda,2026-08-17,33,9,2.272727272727273,-0.15151515151515152,33,2.2727,21,0.2727272727272727,9.0,0.0,1.0
foodpanda,2026-08-18,40,9,2.4,-0.3,40,2.4,38,0.225,9.0,0.0,1.0
foodpanda,2026-08-19,41,9,2.658536585365854,-0.14634146341463414,41,2.6585,22,0.21951219512195122,9.0,0.0,1.0
foodpanda,2026-08-20,31,5,2.5483870967741935,0.06451612903225806,32,2.625,27,0.16129032258064516,5.2,0.4,0.969
foodpanda,2026-08-21,31,8,2.032258064516129,-0.3548387096774194,31,2.0323,19,0.25806451612903225,8.0,0.0,1.0
foodpanda,2026-08-22,41,9,2.731707317073171,-0.07317073170731707,41,2.7317,67,0.21951219512195122,9.0,0.0,1.0
foodpanda,2026-08-23,39,8,2.58974358974359,-0.07692307692307693,39,2.5897,88,0.20512820512820512,8.0,0.0,1.0
foodpanda,2026-08-24,23,6,3.0434782608695654,-0.13043478260869565,23,3.0435,17,0.2608695652173913,6.0,0.0,1.0
foodpanda,2026-08-25,35,10,2.2857142857142856,-0.42857142857142855,35,2.2857,52,0.2857142857142857,10.0,0.0,1.0
foodpanda,2026-08-26,40,5,3.1,0.175,40,3.1,47,0.125,5.0,0.0,1.0
foodpanda,2026-08-27,37,8,1.972972972972973,-0.4594594594594595,38,2.0526,332,0.21621621621621623,8.2,0.4,0.974
foodpanda,2026-08-28,31,7,2.064516129032258,-0.3225806451612903,31,2.0645,28,0.22580645161290322,7.0,0.0,1.0
foodpanda,2026-08-29,49,10,2.1020408163265305,-0.2857142857142857,49,2.102,46,0.20408163265306123,10.0,0.0,1.0
foodpanda,2026-08-30,39,8,1.9487179487179487,-0.1794871794871795,39,1.9487,199,0.20512820512820512,8.0,0.0,1.0
foodpanda,2026-08-31,37,11,2.675675675675676,-0.10810810810810811,38,2.7368,30,0.2972972972972973,11.3,0.5,0.974
foodpanda,2026-09-01,47,7,2.4680851063829787,-0.1702127659574468,47,2.4681,29,0.14893617021276595,7.0,0.0,1.0
foodpanda,2026-09-02,31,5,2.838709677419355,-0.3225806451612903,31,2.8387,16,0.16129032258064516,5.0,0.0,1.0
foodpanda,2026-09-03,36,9,2.2222222222222223,-0.16666666666666666,36,2.2222,29,0.25,9.0,0.0,1.0
foodpanda,2026-09-04,33,8,2.606060606060606,-0.18181818181818182,33,2.6061,181,0.24242424242424243,8.0,0.0,1.0
foodpanda,2026-09-05,30,4,1.9666666666666666,-0.23333333333333334,31,2.0645,21,0.13333333333333333,4.1,0.4,0.968
foodpanda,2026-09-06,34,4,2.9411764705882355,-0.08823529411764706,34,2.9412,26,0.11764705882352941,4.0,0.0,1.0
foodpanda,2026-09-07,24,3,2.4583333333333335,-0.3333333333333333,24,2.4583,179,0.125,3.0,0.0,1.0
foodpanda,2026-09-08,30,3,2.8666666666666667,0.03333333333333333,30,2.8667,421,0.1,3.0,0.0,1.0
foodpanda,2026-09-09,33,5,2.242424242424242,-0.45454545454545453,33,2.2424,147,0.15151515151515152,5.0,0.0,1.0
foodpanda,2026-09-10,34,3,3.3823529411764706,0.23529411764705882,34,3.3824,3,0.08823529411764706,3.0,0.0,1.0
foodpanda,2026-09-11,36,10,2.6666666666666665,-0.19444444444444445,36,2.6667,54,0.2777777777777778,10.0,0.0,1.0
foodpanda,2026-09-12,27,4,3.037037037037037,0.0,28,3.1071,7,0.14814814814814814,4.1,0.4,0.964
foodpanda,2026-09-13,31,6,3.032258064516129,0.0,33,3.1515,11,0.1935483870967742,6.4,0.6,0.939
foodpanda,2026-09-14,29,7,2.3448275862068964,-0.27586206896551724,29,2.3448,11,0.2413793103448276,7.0,0.0,1.0
foodpanda,2026-09-15,29,4,2.3793103448275863,-0.2413793103448276,29,2.3793,24,0.13793103448275862,4.0,0.0,1.0
foodpanda,2026-09-16,36,11,2.6944444444444446,-0.1388888888888889,37,2.7568,2,0.3055555555555556,11.3,0.5,0.973
foodpanda,2026-09-17,38,10,2.5526315789473686,0.05263157894736842,38,2.5526,5,0.2631578947368421,10.0,0.0,1.0
foodpanda,2026-09-18,36,7,2.5277777777777777,-0.1388888888888889,36,2.5278,13,0.19444444444444445,7.0,0.0,1.0
foodpanda,2026-09-19,52,11,2.423076923076923,-0.36538461538461536,52,2.4231,2,0.21153846153846154,11.0,0.0,1.0
talabat,2026-08-06,5,0,3.0,0.2,24,3.8333,289,0.0,0.0,0.0,0.208
talabat,2026-08-07,35,3,3.0285714285714285,-0.02857142857142857,35,3.0286,23,0.08571428571428572,3.0,0.0,1.0
talabat,2026-08-08,27,7,3.1481481481481484,0.1111111111111111,27,3.1481,77,0.25925925925925924,7.0,0.0,1.0
talabat,2026-08-09,18,1,3.888888888888889,0.5,18,3.8889,16,0.05555555555555555,1.0,0.0,1.0
talabat,2026-08-10,16,3,2.625,0.0,16,2.625,7,0.1875,3.0,0.0,1.0
talabat,2026-08-11,16,2,2.3125,-0.125,16,2.3125,8,0.125,2.0,0.0,1.0
talabat,2026-08-12,14,3,1.5,-0.5714285714285714,14,1.5,69,0.21428571428571427,3.0,0.0,1.0
talabat,2026-08-13,12,3,1.3333333333333333,-0.5833333333333334,12,1.3333,9,0.25,3.0,0.0,1.0
talabat,2026-08-14,10,1,3.0,0.2,10,3.0,6,0.1,1.0,0.0,1.0
talabat,2026-08-15,14,6,1.6428571428571428,-0.5,14,1.6429,31,0.42857142857142855,6.0,0.0,1.0
talabat,2026-08-16,7,2,1.7142857142857142,-0.5714285714285714,7,1.7143,3,0.2857142857142857,2.0,0.0,1.0
talabat,2026-08-17,9,0,2.7777777777777777,0.0,9,2.7778,2,0.0,0.0,0.0,1.0
talabat,2026-08-18,8,3,1.25,-0.625,9,1.2222,2,0.375,3.4,0.5,0.889
talabat,2026-08-19,11,3,1.0,-0.6363636363636364,11,1.0,54,0.2727272727272727,3.0,0.0,1.0
talabat,2026-08-20,11,3,1.2727272727272727,-0.8181818181818182,11,1.2727,10,0.2727272727272727,3.0,0.0,1.0
talabat,2026-08-21,17,4,2.176470588235294,-0.35294117647058826,17,2.1765,19,0.23529411764705882,4.0,0.0,1.0
talabat,2026-08-22,14,1,1.9285714285714286,-0.35714285714285715,14,1.9286,49,0.07142857142857142,1.0,0.0,1.0
talabat,2026-08-23,7,1,2.142857142857143,-0.42857142857142855,7,2.1429,10,0.14285714285714285,1.0,0.0,1.0
talabat,2026-08-24,10,1,1.2,-0.7,11,1.5455,5,0.1,1.1,0.3,0.909
talabat,2026-08-25,12,3,1.4166666666666667,-0.5,12,1.4167,13,0.25,3.0,0.0,1.0
talabat,2026-08-26,15,3,1.6,-0.4666666666666667,15,1.6,12,0.2,3.0,0.0,1.0
talabat,2026-08-27,14,3,1.7142857142857142,-0.42857142857142855,14,1.7143,14,0.21428571428571427,3.0,0.0,1.0
talabat,2026-08-28,11,1,1.7272727272727273,-0.45454545454545453,11,1.7273,6,0.09090909090909091,1.0,0.0,1.0
talabat,2026-08-29,10,0,2.2,-0.6,10,2.2,2,0.0,0.0,0.0,1.0
talabat,2026-08-30,12,3,1.0,-1.0,12,1.0,22,0.25,3.0,0.0,1.0
talabat,2026-08-31,8,1,1.5,-0.625,8,1.5,19,0.125,1.0,0.0,1.0
talabat,2026-09-01,8,0,1.375,-0.5,8,1.375,11,0.0,0.0,0.0,1.0
talabat,2026-09-02,12,0,2.0833333333333335,-0.4166666666666667,12,2.0833,8,0.0,0.0,0.0,1.0
talabat,2026-09-03,15,3,1.2666666666666666,-0.5333333333333333,16,1.5,12,0.2,3.2,0.4,0.938
talabat,2026-09-04,16,5,1.625,-0.1875,16,1.625,9,0.3125,5.0,0.0,1.0
talabat,2026-09-05,15,3,1.4,-0.6,15,1.4,19,0.2,3.0,0.0,1.0
talabat,2026-09-06,13,0,1.5384615384615385,-0.38461538461538464,13,1.5385,1,0.0,0.0,0.0,1.0
talabat,2026-09-07,12,4,1.3333333333333333,-0.8333333333333334,13,1.3846,16,0.3333333333333333,4.3,0.5,0.923
talabat,2026-09-08,14,3,2.2857142857142856,-0.21428571428571427,14,2.2857,10,0.21428571428571427,3.0,0.0,1.0
talabat,2026-09-09,9,2,1.8888888888888888,-0.4444444444444444,9,1.8889,16,0.2222222222222222,2.0,0.0,1.0
talabat,2026-09-10,12,4,1.0,-0.75,12,1.0,5,0.3333333333333333,4.0,0.0,1.0
talabat,2026-09-11,18,1,1.9444444444444444,-0.1111111111111111,18,1.9444,3,0.05555555555555555,1.0,0.0,1.0
talabat,2026-09-12,9,2,1.4444444444444444,-0.4444444444444444,10,1.8,8,0.2222222222222222,2.2,0.5,0.9
talabat,2026-09-13,11,3,2.272727272727273,-0.5454545454545454,11,2.2727,0,0.2727272727272727,3.0,0.0,1.0
talabat,2026-09-14,13,2,2.076923076923077,-0.23076923076923078,13,2.0769,0,0.15384615384615385,2.0,0.0,1.0
talabat,2026-09-15,16,2,2.1875,-0.4375,16,2.1875,6,0.125,2.0,0.0,1.0
talabat,2026-09-16,10,5,1.6,-0.5,10,1.6,15,0.5,5.0,0.0,1.0
talabat,2026-09-17,8,4,1.625,-0.5,8,1.625,0,0.5,4.0,0.0,1.0
talabat,2026-09-18,19,1,1.631578947368421,-0.42105263157894735,19,1.6316,30,0.05263157894736842,1.0,0.0,1.0
talabat,2026-09-19,13,1,1.3076923076923077,-0.6153846153846154,13,1.3077,1,0.07692307692307693,1.0,0.0,1.0
